"../../../Engine/Content/EditorResources/S_Actor.ubulk" 0
"../../../Engine/Content/EditorResources/S_Actor.uasset" 1
"../../../Engine/Content/EditorResources/S_Actor.uexp" 2
"../../../Engine/Content/EditorResources/S_BoxReflectionCapture.uasset" 3
"../../../Engine/Content/EditorResources/S_BoxReflectionCapture.uexp" 4
"../../../Engine/Content/EngineResources/DefaultTexture.ubulk" 5
"../../../Engine/Content/EngineResources/DefaultTexture.uasset" 6
"../../../Engine/Content/EngineResources/DefaultTexture.uexp" 7
"../../../Engine/Content/EngineResources/DefaultTextureCube.uasset" 8
"../../../Engine/Content/EngineResources/DefaultTextureCube.uexp" 9
"../../../Engine/Content/EngineResources/DefaultVolumeTexture2D.uasset" 10
"../../../Engine/Content/EngineResources/DefaultVolumeTexture2D.uexp" 11
"../../../Engine/Content/EngineResources/DefaultVolumeTexture.uasset" 12
"../../../Engine/Content/EngineResources/DefaultVolumeTexture.uexp" 13
"../../../Engine/Content/EditorResources/S_Trigger.ubulk" 14
"../../../Engine/Content/EditorResources/S_Trigger.uasset" 15
"../../../Engine/Content/EditorResources/S_Trigger.uexp" 16
"../../../Engine/Content/EditorResources/S_TriggerBox.uasset" 17
"../../../Engine/Content/EditorResources/S_TriggerBox.uexp" 18
"../../../Engine/Content/EditorResources/S_TriggerCapsule.uasset" 19
"../../../Engine/Content/EditorResources/S_TriggerCapsule.uexp" 20
"../../../Engine/Content/EditorResources/S_TriggerSphere.uasset" 21
"../../../Engine/Content/EditorResources/S_TriggerSphere.uexp" 22
"../../../Engine/Content/EngineMeshes/Sphere.ubulk" 23
"../../../Engine/Content/EngineMeshes/Sphere.uasset" 24
"../../../Engine/Content/EngineMeshes/Sphere.uexp" 25
"../../../Engine/Content/EngineResources/GradientTexture0.uasset" 26
"../../../Engine/Content/EngineResources/GradientTexture0.uexp" 27
"../../../Engine/Content/EngineResources/Black.uasset" 28
"../../../Engine/Content/EngineResources/Black.uexp" 29
"../../../Engine/Content/VREditor/LaserPointer/VR_LaserPower_01.ubulk" 30
"../../../Engine/Content/VREditor/LaserPointer/VR_LaserPower_01.uasset" 31
"../../../Engine/Content/VREditor/LaserPointer/VR_LaserPower_01.uexp" 32
"../../../Engine/Content/VREditor/TransformGizmo/TransformGizmoMaterial.uasset" 33
"../../../Engine/Content/VREditor/TransformGizmo/TransformGizmoMaterial.uexp" 34
"../../../Engine/Content/VREditor/TransformGizmo/TranslucentTransformGizmoMaterial.uasset" 35
"../../../Engine/Content/VREditor/TransformGizmo/TranslucentTransformGizmoMaterial.uexp" 36
"../../../Engine/Content/VREditor/TransformGizmo/PlaneTranslationHandle.ubulk" 37
"../../../Engine/Content/VREditor/TransformGizmo/PlaneTranslationHandle.uasset" 38
"../../../Engine/Content/VREditor/TransformGizmo/PlaneTranslationHandle.uexp" 39
"../../../Engine/Content/VREditor/TransformGizmo/BoundingBoxCorner.ubulk" 40
"../../../Engine/Content/VREditor/TransformGizmo/BoundingBoxCorner.uasset" 41
"../../../Engine/Content/VREditor/TransformGizmo/BoundingBoxCorner.uexp" 42
"../../../Engine/Content/VREditor/TransformGizmo/BoundingBoxEdge.ubulk" 43
"../../../Engine/Content/VREditor/TransformGizmo/BoundingBoxEdge.uasset" 44
"../../../Engine/Content/VREditor/TransformGizmo/BoundingBoxEdge.uexp" 45
"../../../Engine/Content/VREditor/TransformGizmo/Main.uasset" 46
"../../../Engine/Content/VREditor/TransformGizmo/Main.uexp" 47
"../../../Engine/Content/VREditor/TransformGizmo/Xray.uasset" 48
"../../../Engine/Content/VREditor/TransformGizmo/Xray.uexp" 49
"../../../Engine/Content/VREditor/TransformGizmo/SM_Sequencer_Node.ubulk" 50
"../../../Engine/Content/VREditor/TransformGizmo/SM_Sequencer_Node.uasset" 51
"../../../Engine/Content/VREditor/TransformGizmo/SM_Sequencer_Node.uexp" 52
"../../../Engine/Content/EditorMaterials/Camera/CineMat.uasset" 53
"../../../Engine/Content/EditorMaterials/Camera/CineMat.uexp" 54
"../../../Engine/Content/EditorMaterials/Camera/MI_CineMat_Rig.uasset" 55
"../../../Engine/Content/EditorMaterials/Camera/MI_CineMat_Rig.uexp" 56
"../../../Engine/Content/EditorMeshes/Camera/SM_CraneRig_Base.ubulk" 57
"../../../Engine/Content/EditorMeshes/Camera/SM_CraneRig_Base.uasset" 58
"../../../Engine/Content/EditorMeshes/Camera/SM_CraneRig_Base.uexp" 59
"../../../Engine/Content/EditorMeshes/Camera/SM_CraneRig_Arm.ubulk" 60
"../../../Engine/Content/EditorMeshes/Camera/SM_CraneRig_Arm.uasset" 61
"../../../Engine/Content/EditorMeshes/Camera/SM_CraneRig_Arm.uexp" 62
"../../../Engine/Content/EditorMeshes/Camera/SM_CraneRig_Mount.ubulk" 63
"../../../Engine/Content/EditorMeshes/Camera/SM_CraneRig_Mount.uasset" 64
"../../../Engine/Content/EditorMeshes/Camera/SM_CraneRig_Mount.uexp" 65
"../../../Engine/Content/EditorMeshes/Camera/SM_CraneRig_Body.ubulk" 66
"../../../Engine/Content/EditorMeshes/Camera/SM_CraneRig_Body.uasset" 67
"../../../Engine/Content/EditorMeshes/Camera/SM_CraneRig_Body.uexp" 68
"../../../Engine/Content/EditorMeshes/Camera/SM_RailRig_Track.ubulk" 69
"../../../Engine/Content/EditorMeshes/Camera/SM_RailRig_Track.uasset" 70
"../../../Engine/Content/EditorMeshes/Camera/SM_RailRig_Track.uexp" 71
"../../../Engine/Content/EditorMeshes/Camera/SM_RailRig_Mount.ubulk" 72
"../../../Engine/Content/EditorMeshes/Camera/SM_RailRig_Mount.uasset" 73
"../../../Engine/Content/EditorMeshes/Camera/SM_RailRig_Mount.uexp" 74
"../../../Engine/Content/EngineMaterials/T_Default_Material_Grid_M.ubulk" 75
"../../../Engine/Content/EngineMaterials/T_Default_Material_Grid_M.uasset" 76
"../../../Engine/Content/EngineMaterials/T_Default_Material_Grid_M.uexp" 77
"../../../Engine/Content/EngineMaterials/T_Default_Material_Grid_N.ubulk" 78
"../../../Engine/Content/EngineMaterials/T_Default_Material_Grid_N.uasset" 79
"../../../Engine/Content/EngineMaterials/T_Default_Material_Grid_N.uexp" 80
"../../../Engine/Content/Functions/Engine_MaterialFunctions01/Opacity/CameraDepthFade.uasset" 81
"../../../Engine/Content/Functions/Engine_MaterialFunctions01/Opacity/CameraDepthFade.uexp" 82
"../../../Engine/Content/EngineMaterials/WorldGridMaterial.uasset" 83
"../../../Engine/Content/EngineMaterials/WorldGridMaterial.uexp" 84
"../../../Engine/Content/ArtTools/RenderToTexture/Meshes/S_1_Unit_Plane.ubulk" 85
"../../../Engine/Content/ArtTools/RenderToTexture/Meshes/S_1_Unit_Plane.uasset" 86
"../../../Engine/Content/ArtTools/RenderToTexture/Meshes/S_1_Unit_Plane.uexp" 87
"../../../Engine/Content/EditorMaterials/ParticleSystems/PSysThumbnail_NoImage.ubulk" 88
"../../../Engine/Content/EditorMaterials/ParticleSystems/PSysThumbnail_NoImage.uasset" 89
"../../../Engine/Content/EditorMaterials/ParticleSystems/PSysThumbnail_NoImage.uexp" 90
"../../../Engine/Content/EditorMaterials/ParticleSystems/PSysThumbnail_OOD.ubulk" 91
"../../../Engine/Content/EditorMaterials/ParticleSystems/PSysThumbnail_OOD.uasset" 92
"../../../Engine/Content/EditorMaterials/ParticleSystems/PSysThumbnail_OOD.uexp" 93
"../../../Engine/Content/EditorLandscapeResources/SplineEditorMeshMat.uasset" 94
"../../../Engine/Content/EditorLandscapeResources/SplineEditorMeshMat.uexp" 95
"../../../Engine/Content/EditorLandscapeResources/SplineEditorMesh.ubulk" 96
"../../../Engine/Content/EditorLandscapeResources/SplineEditorMesh.uasset" 97
"../../../Engine/Content/EditorLandscapeResources/SplineEditorMesh.uexp" 98
"../../../Engine/Content/EditorResources/S_Solver.ubulk" 99
"../../../Engine/Content/EditorResources/S_Solver.uasset" 100
"../../../Engine/Content/EditorResources/S_Solver.uexp" 101
"../../../Engine/Plugins/Media/MediaPlate/Content/SM_MediaPlateScreen.ubulk" 102
"../../../Engine/Plugins/Media/MediaPlate/Content/SM_MediaPlateScreen.uasset" 103
"../../../Engine/Plugins/Media/MediaPlate/Content/SM_MediaPlateScreen.uexp" 104
"../../../Engine/Content/EngineMaterials/Good64x64TilingNoiseHighFreq.uasset" 105
"../../../Engine/Content/EngineMaterials/Good64x64TilingNoiseHighFreq.uexp" 106
"../../../Engine/Content/EngineMaterials/DefaultBokeh.uasset" 107
"../../../Engine/Content/EngineMaterials/DefaultBokeh.uexp" 108
"../../../Engine/Content/EngineMaterials/PreintegratedSkinBRDF.uasset" 109
"../../../Engine/Content/EngineMaterials/PreintegratedSkinBRDF.uexp" 110
"../../../Engine/Content/EngineMaterials/MiniFont.uasset" 111
"../../../Engine/Content/EngineMaterials/MiniFont.uexp" 112
"../../../Engine/Content/EngineMaterials/WeightMapPlaceholderTexture.uasset" 113
"../../../Engine/Content/EngineMaterials/WeightMapPlaceholderTexture.uexp" 114
"../../../Engine/Content/EngineMaterials/DefaultWhiteGrid.ubulk" 115
"../../../Engine/Content/EngineMaterials/DefaultWhiteGrid.uasset" 116
"../../../Engine/Content/EngineMaterials/DefaultWhiteGrid.uexp" 117
"../../../Engine/Plugins/2D/Paper2D/Content/PlaceholderTextures/DummySpriteTexture.ubulk" 118
"../../../Engine/Plugins/2D/Paper2D/Content/PlaceholderTextures/DummySpriteTexture.uasset" 119
"../../../Engine/Plugins/2D/Paper2D/Content/PlaceholderTextures/DummySpriteTexture.uexp" 120
"../../../Engine/Plugins/2D/Paper2D/Content/DefaultSpriteMaterial.uasset" 121
"../../../Engine/Plugins/2D/Paper2D/Content/DefaultSpriteMaterial.uexp" 122
"../../../Engine/Plugins/2D/Paper2D/Content/OpaqueUnlitSpriteMaterial.uasset" 123
"../../../Engine/Plugins/2D/Paper2D/Content/OpaqueUnlitSpriteMaterial.uexp" 124
"../../../Engine/Plugins/2D/Paper2D/Content/MaskedUnlitSpriteMaterial.uasset" 125
"../../../Engine/Plugins/2D/Paper2D/Content/MaskedUnlitSpriteMaterial.uexp" 126
"../../../Engine/Plugins/2D/Paper2D/Content/DummySprite.uasset" 127
"../../../Engine/Plugins/2D/Paper2D/Content/DummySprite.uexp" 128
"../../../Engine/Plugins/2D/Paper2D/Content/DefaultPaperTerrainMaterial.uasset" 129
"../../../Engine/Plugins/2D/Paper2D/Content/DefaultPaperTerrainMaterial.uexp" 130
"../../../Engine/Content/Functions/Engine_MaterialFunctions02/WorldPositionOffset/CameraOffset.uasset" 131
"../../../Engine/Content/Functions/Engine_MaterialFunctions02/WorldPositionOffset/CameraOffset.uexp" 132
"../../../Engine/Plugins/Animation/ControlRig/Content/M_Manip.uasset" 133
"../../../Engine/Plugins/Animation/ControlRig/Content/M_Manip.uexp" 134
"../../../Engine/Content/BasicShapes/Plane.ubulk" 135
"../../../Engine/Content/BasicShapes/Plane.uasset" 136
"../../../Engine/Content/BasicShapes/Plane.uexp" 137
"../../../Engine/Content/EngineMaterials/DefaultMaterial.uasset" 138
"../../../Engine/Content/EngineMaterials/DefaultMaterial.uexp" 139
"../../../Engine/Content/BasicShapes/Cylinder.ubulk" 140
"../../../Engine/Content/BasicShapes/Cylinder.uasset" 141
"../../../Engine/Content/BasicShapes/Cylinder.uexp" 142
"../../../Engine/Content/BasicShapes/Cube.ubulk" 143
"../../../Engine/Content/BasicShapes/Cube.uasset" 144
"../../../Engine/Content/BasicShapes/Cube.uexp" 145
"../../../Engine/Content/BasicShapes/Cone.ubulk" 146
"../../../Engine/Content/BasicShapes/Cone.uasset" 147
"../../../Engine/Content/BasicShapes/Cone.uexp" 148
"../../../Engine/Content/Animation/DefaultRecorderBoneCompression.uasset" 149
"../../../Engine/Content/Animation/DefaultRecorderBoneCompression.uexp" 150
"../../../Engine/Content/EditorResources/S_Terrain.ubulk" 151
"../../../Engine/Content/EditorResources/S_Terrain.uasset" 152
"../../../Engine/Content/EditorResources/S_Terrain.uexp" 153
"../../../Engine/Content/EditorResources/EmptyActor.uasset" 154
"../../../Engine/Content/EditorResources/EmptyActor.uexp" 155
"../../../Engine/Content/EditorResources/BSPVertex.uasset" 156
"../../../Engine/Content/EditorResources/BSPVertex.uexp" 157
"../../../Engine/Content/EngineSounds/Master.uasset" 158
"../../../Engine/Content/EngineSounds/Master.uexp" 159
"../../../Engine/Plugins/Editor/SpeedTreeImporter/Content/SpeedTree9/game_wind_noise.ubulk" 160
"../../../Engine/Plugins/Editor/SpeedTreeImporter/Content/SpeedTree9/game_wind_noise.uasset" 161
"../../../Engine/Plugins/Editor/SpeedTreeImporter/Content/SpeedTree9/game_wind_noise.uexp" 162
"../../../Engine/Plugins/Editor/SpeedTreeImporter/Content/SpeedTree9/UnpackDirection.uasset" 163
"../../../Engine/Plugins/Editor/SpeedTreeImporter/Content/SpeedTree9/UnpackDirection.uexp" 164
"../../../Engine/Content/Functions/Engine_MaterialFunctions02/ObjectLocalBounds.uasset" 165
"../../../Engine/Content/Functions/Engine_MaterialFunctions02/ObjectLocalBounds.uexp" 166
"../../../Engine/Content/Functions/Engine_MaterialFunctions02/Utility/BreakOutFloat3Components.uasset" 167
"../../../Engine/Content/Functions/Engine_MaterialFunctions02/Utility/BreakOutFloat3Components.uexp" 168
"../../../Engine/Content/Functions/Engine_MaterialFunctions02/UVs/BoundingBoxBased_0-1_UVW.uasset" 169
"../../../Engine/Content/Functions/Engine_MaterialFunctions02/UVs/BoundingBoxBased_0-1_UVW.uexp" 170
"../../../Engine/Content/Functions/Engine_MaterialFunctions02/Utility/VectorLength.uasset" 171
"../../../Engine/Content/Functions/Engine_MaterialFunctions02/Utility/VectorLength.uexp" 172
"../../../Engine/Plugins/Editor/SpeedTreeImporter/Content/SpeedTree9/UnpackInteger3.uasset" 173
"../../../Engine/Plugins/Editor/SpeedTreeImporter/Content/SpeedTree9/UnpackInteger3.uexp" 174
"../../../Engine/Plugins/Editor/SpeedTreeImporter/Content/SpeedTree9/SpeedTreeCameraFacing.uasset" 175
"../../../Engine/Plugins/Editor/SpeedTreeImporter/Content/SpeedTree9/SpeedTreeCameraFacing.uexp" 176
"../../../Engine/Content/Functions/Engine_MaterialFunctions02/WorldPositionOffset/ObjectScale.uasset" 177
"../../../Engine/Content/Functions/Engine_MaterialFunctions02/WorldPositionOffset/ObjectScale.uexp" 178
"../../../Engine/Content/Functions/Engine_MaterialFunctions02/SafeNormalize.uasset" 179
"../../../Engine/Content/Functions/Engine_MaterialFunctions02/SafeNormalize.uexp" 180
"../../../Engine/Plugins/Editor/SpeedTreeImporter/Content/SpeedTree9/SpeedTreeWindMotion.uasset" 181
"../../../Engine/Plugins/Editor/SpeedTreeImporter/Content/SpeedTree9/SpeedTreeWindMotion.uexp" 182
"../../../Engine/Plugins/Editor/SpeedTreeImporter/Content/SpeedTree9/SpeedTreeBranchMotion.uasset" 183
"../../../Engine/Plugins/Editor/SpeedTreeImporter/Content/SpeedTree9/SpeedTreeBranchMotion.uexp" 184
"../../../Engine/Plugins/Editor/SpeedTreeImporter/Content/SpeedTree9/SpeedTreeWind.uasset" 185
"../../../Engine/Plugins/Editor/SpeedTreeImporter/Content/SpeedTree9/SpeedTreeWind.uexp" 186
"../../../Engine/Plugins/Editor/SpeedTreeImporter/Content/SpeedTree9/EmptyNormal.uasset" 187
"../../../Engine/Plugins/Editor/SpeedTreeImporter/Content/SpeedTree9/EmptyNormal.uexp" 188
"../../../Engine/Plugins/Editor/SpeedTreeImporter/Content/SpeedTree9/Empty.uasset" 189
"../../../Engine/Plugins/Editor/SpeedTreeImporter/Content/SpeedTree9/Empty.uexp" 190
"../../../Engine/Plugins/Editor/SpeedTreeImporter/Content/SpeedTree9/SpeedTreeMaster.uasset" 191
"../../../Engine/Plugins/Editor/SpeedTreeImporter/Content/SpeedTree9/SpeedTreeMaster.uexp" 192
"../../../Engine/Plugins/Editor/SpeedTreeImporter/Content/SpeedTree9/SpeedTreeBillboard.uasset" 193
"../../../Engine/Plugins/Editor/SpeedTreeImporter/Content/SpeedTree9/SpeedTreeBillboard.uexp" 194
"../../../Engine/Plugins/Editor/SpeedTreeImporter/Content/SpeedTree9/SpeedTreeBillboardMaster.uasset" 195
"../../../Engine/Plugins/Editor/SpeedTreeImporter/Content/SpeedTree9/SpeedTreeBillboardMaster.uexp" 196
"../../../Engine/Plugins/Animation/ControlRig/Content/Controls/DefaultGizmoLibraryNormalized.uasset" 197
"../../../Engine/Plugins/Animation/ControlRig/Content/Controls/DefaultGizmoLibraryNormalized.uexp" 198
"../../../Engine/Plugins/Animation/ControlRig/Content/Controls/ControlRig_Wedge_solid.ubulk" 199
"../../../Engine/Plugins/Animation/ControlRig/Content/Controls/ControlRig_Wedge_solid.uasset" 200
"../../../Engine/Plugins/Animation/ControlRig/Content/Controls/ControlRig_Wedge_solid.uexp" 201
"../../../Engine/Plugins/Animation/ControlRig/Content/Controls/ControlRig_Wedge_3mm.ubulk" 202
"../../../Engine/Plugins/Animation/ControlRig/Content/Controls/ControlRig_Wedge_3mm.uasset" 203
"../../../Engine/Plugins/Animation/ControlRig/Content/Controls/ControlRig_Wedge_3mm.uexp" 204
"../../../Engine/Plugins/Animation/ControlRig/Content/Controls/ControlRig_Wedge_1mm.ubulk" 205
"../../../Engine/Plugins/Animation/ControlRig/Content/Controls/ControlRig_Wedge_1mm.uasset" 206
"../../../Engine/Plugins/Animation/ControlRig/Content/Controls/ControlRig_Wedge_1mm.uexp" 207
"../../../Engine/Plugins/Animation/ControlRig/Content/Controls/ControlRig_Triangle_solid.ubulk" 208
"../../../Engine/Plugins/Animation/ControlRig/Content/Controls/ControlRig_Triangle_solid.uasset" 209
"../../../Engine/Plugins/Animation/ControlRig/Content/Controls/ControlRig_Triangle_solid.uexp" 210
"../../../Engine/Plugins/Animation/ControlRig/Content/Controls/ControlRig_Triangle_3mm.ubulk" 211
"../../../Engine/Plugins/Animation/ControlRig/Content/Controls/ControlRig_Triangle_3mm.uasset" 212
"../../../Engine/Plugins/Animation/ControlRig/Content/Controls/ControlRig_Triangle_3mm.uexp" 213
"../../../Engine/Plugins/Animation/ControlRig/Content/Controls/ControlRig_Triangle_1mm.ubulk" 214
"../../../Engine/Plugins/Animation/ControlRig/Content/Controls/ControlRig_Triangle_1mm.uasset" 215
"../../../Engine/Plugins/Animation/ControlRig/Content/Controls/ControlRig_Triangle_1mm.uexp" 216
"../../../Engine/Plugins/Animation/ControlRig/Content/Controls/ControlRig_Star4_solid.ubulk" 217
"../../../Engine/Plugins/Animation/ControlRig/Content/Controls/ControlRig_Star4_solid.uasset" 218
"../../../Engine/Plugins/Animation/ControlRig/Content/Controls/ControlRig_Star4_solid.uexp" 219
"../../../Engine/Plugins/Animation/ControlRig/Content/Controls/ControlRig_Star4_3mm.ubulk" 220
"../../../Engine/Plugins/Animation/ControlRig/Content/Controls/ControlRig_Star4_3mm.uasset" 221
"../../../Engine/Plugins/Animation/ControlRig/Content/Controls/ControlRig_Star4_3mm.uexp" 222
"../../../Engine/Plugins/Animation/ControlRig/Content/Controls/ControlRig_Star4_1mm.ubulk" 223
"../../../Engine/Plugins/Animation/ControlRig/Content/Controls/ControlRig_Star4_1mm.uasset" 224
"../../../Engine/Plugins/Animation/ControlRig/Content/Controls/ControlRig_Star4_1mm.uexp" 225
"../../../Engine/Plugins/Animation/ControlRig/Content/Controls/ControlRig_Square_solid.ubulk" 226
"../../../Engine/Plugins/Animation/ControlRig/Content/Controls/ControlRig_Square_solid.uasset" 227
"../../../Engine/Plugins/Animation/ControlRig/Content/Controls/ControlRig_Square_solid.uexp" 228
"../../../Engine/Plugins/Animation/ControlRig/Content/Controls/ControlRig_Square_3mm.ubulk" 229
"../../../Engine/Plugins/Animation/ControlRig/Content/Controls/ControlRig_Square_3mm.uasset" 230
"../../../Engine/Plugins/Animation/ControlRig/Content/Controls/ControlRig_Square_3mm.uexp" 231
"../../../Engine/Plugins/Animation/ControlRig/Content/Controls/ControlRig_Square_1mm.ubulk" 232
"../../../Engine/Plugins/Animation/ControlRig/Content/Controls/ControlRig_Square_1mm.uasset" 233
"../../../Engine/Plugins/Animation/ControlRig/Content/Controls/ControlRig_Square_1mm.uexp" 234
"../../../Engine/Plugins/Animation/ControlRig/Content/Controls/ControlRig_Sphere_solid.ubulk" 235
"../../../Engine/Plugins/Animation/ControlRig/Content/Controls/ControlRig_Sphere_solid.uasset" 236
"../../../Engine/Plugins/Animation/ControlRig/Content/Controls/ControlRig_Sphere_solid.uexp" 237
"../../../Engine/Plugins/Animation/ControlRig/Content/Controls/ControlRig_Sphere_3mm.ubulk" 238
"../../../Engine/Plugins/Animation/ControlRig/Content/Controls/ControlRig_Sphere_3mm.uasset" 239
"../../../Engine/Plugins/Animation/ControlRig/Content/Controls/ControlRig_Sphere_3mm.uexp" 240
"../../../Engine/Plugins/Animation/ControlRig/Content/Controls/ControlRig_Sphere_1mm.ubulk" 241
"../../../Engine/Plugins/Animation/ControlRig/Content/Controls/ControlRig_Sphere_1mm.uasset" 242
"../../../Engine/Plugins/Animation/ControlRig/Content/Controls/ControlRig_Sphere_1mm.uexp" 243
"../../../Engine/Plugins/Animation/ControlRig/Content/Controls/ControlRig_RoundedTriangle_solid.ubulk" 244
"../../../Engine/Plugins/Animation/ControlRig/Content/Controls/ControlRig_RoundedTriangle_solid.uasset" 245
"../../../Engine/Plugins/Animation/ControlRig/Content/Controls/ControlRig_RoundedTriangle_solid.uexp" 246
"../../../Engine/Plugins/Animation/ControlRig/Content/Controls/ControlRig_RoundedTriangle_3mm.ubulk" 247
"../../../Engine/Plugins/Animation/ControlRig/Content/Controls/ControlRig_RoundedTriangle_3mm.uasset" 248
"../../../Engine/Plugins/Animation/ControlRig/Content/Controls/ControlRig_RoundedTriangle_3mm.uexp" 249
"../../../Engine/Plugins/Animation/ControlRig/Content/Controls/ControlRig_RoundedTriangle_1mm.ubulk" 250
"../../../Engine/Plugins/Animation/ControlRig/Content/Controls/ControlRig_RoundedTriangle_1mm.uasset" 251
"../../../Engine/Plugins/Animation/ControlRig/Content/Controls/ControlRig_RoundedTriangle_1mm.uexp" 252
"../../../Engine/Plugins/Animation/ControlRig/Content/Controls/ControlRig_RoundedSquare_solid.ubulk" 253
"../../../Engine/Plugins/Animation/ControlRig/Content/Controls/ControlRig_RoundedSquare_solid.uasset" 254
"../../../Engine/Plugins/Animation/ControlRig/Content/Controls/ControlRig_RoundedSquare_solid.uexp" 255
"../../../Engine/Plugins/Animation/ControlRig/Content/Controls/ControlRig_RoundedSquare_3mm.ubulk" 256
"../../../Engine/Plugins/Animation/ControlRig/Content/Controls/ControlRig_RoundedSquare_3mm.uasset" 257
"../../../Engine/Plugins/Animation/ControlRig/Content/Controls/ControlRig_RoundedSquare_3mm.uexp" 258
"../../../Engine/Plugins/Animation/ControlRig/Content/Controls/ControlRig_RoundedSquare_1mm.ubulk" 259
"../../../Engine/Plugins/Animation/ControlRig/Content/Controls/ControlRig_RoundedSquare_1mm.uasset" 260
"../../../Engine/Plugins/Animation/ControlRig/Content/Controls/ControlRig_RoundedSquare_1mm.uexp" 261
"../../../Engine/Plugins/Animation/ControlRig/Content/Controls/ControlRig_QuarterCircle_solid.ubulk" 262
"../../../Engine/Plugins/Animation/ControlRig/Content/Controls/ControlRig_QuarterCircle_solid.uasset" 263
"../../../Engine/Plugins/Animation/ControlRig/Content/Controls/ControlRig_QuarterCircle_solid.uexp" 264
"../../../Engine/Plugins/Animation/ControlRig/Content/Controls/ControlRig_QuarterCircle_3mm.ubulk" 265
"../../../Engine/Plugins/Animation/ControlRig/Content/Controls/ControlRig_QuarterCircle_3mm.uasset" 266
"../../../Engine/Plugins/Animation/ControlRig/Content/Controls/ControlRig_QuarterCircle_3mm.uexp" 267
"../../../Engine/Plugins/Animation/ControlRig/Content/Controls/ControlRig_QuarterCircle_1mm.ubulk" 268
"../../../Engine/Plugins/Animation/ControlRig/Content/Controls/ControlRig_QuarterCircle_1mm.uasset" 269
"../../../Engine/Plugins/Animation/ControlRig/Content/Controls/ControlRig_QuarterCircle_1mm.uexp" 270
"../../../Engine/Plugins/Animation/ControlRig/Content/Controls/ControlRig_Pyramid_solid.ubulk" 271
"../../../Engine/Plugins/Animation/ControlRig/Content/Controls/ControlRig_Pyramid_solid.uasset" 272
"../../../Engine/Plugins/Animation/ControlRig/Content/Controls/ControlRig_Pyramid_solid.uexp" 273
"../../../Engine/Plugins/Animation/ControlRig/Content/Controls/ControlRig_Pyramid_3mm.ubulk" 274
"../../../Engine/Plugins/Animation/ControlRig/Content/Controls/ControlRig_Pyramid_3mm.uasset" 275
"../../../Engine/Plugins/Animation/ControlRig/Content/Controls/ControlRig_Pyramid_3mm.uexp" 276
"../../../Engine/Plugins/Animation/ControlRig/Content/Controls/ControlRig_Pyramid_1mm.ubulk" 277
"../../../Engine/Plugins/Animation/ControlRig/Content/Controls/ControlRig_Pyramid_1mm.uasset" 278
"../../../Engine/Plugins/Animation/ControlRig/Content/Controls/ControlRig_Pyramid_1mm.uexp" 279
"../../../Engine/Plugins/Animation/ControlRig/Content/Controls/ControlRig_Octagon_solid.ubulk" 280
"../../../Engine/Plugins/Animation/ControlRig/Content/Controls/ControlRig_Octagon_solid.uasset" 281
"../../../Engine/Plugins/Animation/ControlRig/Content/Controls/ControlRig_Octagon_solid.uexp" 282
"../../../Engine/Plugins/Animation/ControlRig/Content/Controls/ControlRig_Octagon_3mm.ubulk" 283
"../../../Engine/Plugins/Animation/ControlRig/Content/Controls/ControlRig_Octagon_3mm.uasset" 284
"../../../Engine/Plugins/Animation/ControlRig/Content/Controls/ControlRig_Octagon_3mm.uexp" 285
"../../../Engine/Plugins/Animation/ControlRig/Content/Controls/ControlRig_Octagon_1mm.ubulk" 286
"../../../Engine/Plugins/Animation/ControlRig/Content/Controls/ControlRig_Octagon_1mm.uasset" 287
"../../../Engine/Plugins/Animation/ControlRig/Content/Controls/ControlRig_Octagon_1mm.uexp" 288
"../../../Engine/Plugins/Animation/ControlRig/Content/Controls/ControlRig_Hexagon_solid.ubulk" 289
"../../../Engine/Plugins/Animation/ControlRig/Content/Controls/ControlRig_Hexagon_solid.uasset" 290
"../../../Engine/Plugins/Animation/ControlRig/Content/Controls/ControlRig_Hexagon_solid.uexp" 291
"../../../Engine/Plugins/Animation/ControlRig/Content/Controls/ControlRig_Hexagon_3mm.ubulk" 292
"../../../Engine/Plugins/Animation/ControlRig/Content/Controls/ControlRig_Hexagon_3mm.uasset" 293
"../../../Engine/Plugins/Animation/ControlRig/Content/Controls/ControlRig_Hexagon_3mm.uexp" 294
"../../../Engine/Plugins/Animation/ControlRig/Content/Controls/ControlRig_Hexagon_1mm.ubulk" 295
"../../../Engine/Plugins/Animation/ControlRig/Content/Controls/ControlRig_Hexagon_1mm.uasset" 296
"../../../Engine/Plugins/Animation/ControlRig/Content/Controls/ControlRig_Hexagon_1mm.uexp" 297
"../../../Engine/Plugins/Animation/ControlRig/Content/Controls/ControlRig_HalfCircle_solid.ubulk" 298
"../../../Engine/Plugins/Animation/ControlRig/Content/Controls/ControlRig_HalfCircle_solid.uasset" 299
"../../../Engine/Plugins/Animation/ControlRig/Content/Controls/ControlRig_HalfCircle_solid.uexp" 300
"../../../Engine/Plugins/Animation/ControlRig/Content/Controls/ControlRig_HalfCircle_3mm.ubulk" 301
"../../../Engine/Plugins/Animation/ControlRig/Content/Controls/ControlRig_HalfCircle_3mm.uasset" 302
"../../../Engine/Plugins/Animation/ControlRig/Content/Controls/ControlRig_HalfCircle_3mm.uexp" 303
"../../../Engine/Plugins/Animation/ControlRig/Content/Controls/ControlRig_HalfCircle_1mm.ubulk" 304
"../../../Engine/Plugins/Animation/ControlRig/Content/Controls/ControlRig_HalfCircle_1mm.uasset" 305
"../../../Engine/Plugins/Animation/ControlRig/Content/Controls/ControlRig_HalfCircle_1mm.uexp" 306
"../../../Engine/Plugins/Animation/ControlRig/Content/Controls/ControlRig_Diamond_solid.ubulk" 307
"../../../Engine/Plugins/Animation/ControlRig/Content/Controls/ControlRig_Diamond_solid.uasset" 308
"../../../Engine/Plugins/Animation/ControlRig/Content/Controls/ControlRig_Diamond_solid.uexp" 309
"../../../Engine/Plugins/Animation/ControlRig/Content/Controls/ControlRig_Diamond_3mm.ubulk" 310
"../../../Engine/Plugins/Animation/ControlRig/Content/Controls/ControlRig_Diamond_3mm.uasset" 311
"../../../Engine/Plugins/Animation/ControlRig/Content/Controls/ControlRig_Diamond_3mm.uexp" 312
"../../../Engine/Plugins/Animation/ControlRig/Content/Controls/ControlRig_Diamond_1mm.ubulk" 313
"../../../Engine/Plugins/Animation/ControlRig/Content/Controls/ControlRig_Diamond_1mm.uasset" 314
"../../../Engine/Plugins/Animation/ControlRig/Content/Controls/ControlRig_Diamond_1mm.uexp" 315
"../../../Engine/Plugins/Animation/ControlRig/Content/Controls/ControlRig_Circle_solid.ubulk" 316
"../../../Engine/Plugins/Animation/ControlRig/Content/Controls/ControlRig_Circle_solid.uasset" 317
"../../../Engine/Plugins/Animation/ControlRig/Content/Controls/ControlRig_Circle_solid.uexp" 318
"../../../Engine/Plugins/Animation/ControlRig/Content/Controls/ControlRig_Circle_3mm.ubulk" 319
"../../../Engine/Plugins/Animation/ControlRig/Content/Controls/ControlRig_Circle_3mm.uasset" 320
"../../../Engine/Plugins/Animation/ControlRig/Content/Controls/ControlRig_Circle_3mm.uexp" 321
"../../../Engine/Plugins/Animation/ControlRig/Content/Controls/ControlRig_Circle_1mm.ubulk" 322
"../../../Engine/Plugins/Animation/ControlRig/Content/Controls/ControlRig_Circle_1mm.uasset" 323
"../../../Engine/Plugins/Animation/ControlRig/Content/Controls/ControlRig_Circle_1mm.uexp" 324
"../../../Engine/Plugins/Animation/ControlRig/Content/Controls/ControlRig_Box_solid.ubulk" 325
"../../../Engine/Plugins/Animation/ControlRig/Content/Controls/ControlRig_Box_solid.uasset" 326
"../../../Engine/Plugins/Animation/ControlRig/Content/Controls/ControlRig_Box_solid.uexp" 327
"../../../Engine/Plugins/Animation/ControlRig/Content/Controls/ControlRig_Box_3mm.ubulk" 328
"../../../Engine/Plugins/Animation/ControlRig/Content/Controls/ControlRig_Box_3mm.uasset" 329
"../../../Engine/Plugins/Animation/ControlRig/Content/Controls/ControlRig_Box_3mm.uexp" 330
"../../../Engine/Plugins/Animation/ControlRig/Content/Controls/ControlRig_Box_1mm.ubulk" 331
"../../../Engine/Plugins/Animation/ControlRig/Content/Controls/ControlRig_Box_1mm.uasset" 332
"../../../Engine/Plugins/Animation/ControlRig/Content/Controls/ControlRig_Box_1mm.uexp" 333
"../../../Engine/Plugins/Animation/ControlRig/Content/Controls/ControlRig_Arrow_solid.ubulk" 334
"../../../Engine/Plugins/Animation/ControlRig/Content/Controls/ControlRig_Arrow_solid.uasset" 335
"../../../Engine/Plugins/Animation/ControlRig/Content/Controls/ControlRig_Arrow_solid.uexp" 336
"../../../Engine/Plugins/Animation/ControlRig/Content/Controls/ControlRig_Arrow_3mm.ubulk" 337
"../../../Engine/Plugins/Animation/ControlRig/Content/Controls/ControlRig_Arrow_3mm.uasset" 338
"../../../Engine/Plugins/Animation/ControlRig/Content/Controls/ControlRig_Arrow_3mm.uexp" 339
"../../../Engine/Plugins/Animation/ControlRig/Content/Controls/ControlRig_Arrow_1mm.ubulk" 340
"../../../Engine/Plugins/Animation/ControlRig/Content/Controls/ControlRig_Arrow_1mm.uasset" 341
"../../../Engine/Plugins/Animation/ControlRig/Content/Controls/ControlRig_Arrow_1mm.uexp" 342
"../../../Engine/Plugins/Runtime/MeshModelingToolset/Content/Materials/M_DynamicMeshComponentVtxColor.uasset" 343
"../../../Engine/Plugins/Runtime/MeshModelingToolset/Content/Materials/M_DynamicMeshComponentVtxColor.uexp" 344
"../../../Engine/Plugins/Interchange/Runtime/Content/Pipelines/DefaultTexturePipeline.uasset" 345
"../../../Engine/Plugins/Interchange/Runtime/Content/Pipelines/DefaultTexturePipeline.uexp" 346
"../../../Engine/Plugins/Interchange/Runtime/Content/Pipelines/DefaultSceneLevelPipeline.uasset" 347
"../../../Engine/Plugins/Interchange/Runtime/Content/Pipelines/DefaultSceneLevelPipeline.uexp" 348
"../../../Engine/Plugins/Interchange/Runtime/Content/Pipelines/DefaultSceneAssetsPipeline.uasset" 349
"../../../Engine/Plugins/Interchange/Runtime/Content/Pipelines/DefaultSceneAssetsPipeline.uexp" 350
"../../../Engine/Plugins/Interchange/Runtime/Content/Pipelines/DefaultMaterialPipeline.uasset" 351
"../../../Engine/Plugins/Interchange/Runtime/Content/Pipelines/DefaultMaterialPipeline.uexp" 352
"../../../Engine/Plugins/Interchange/Runtime/Content/Pipelines/DefaultAssetsPipeline.uasset" 353
"../../../Engine/Plugins/Interchange/Runtime/Content/Pipelines/DefaultAssetsPipeline.uexp" 354
"../../../Engine/Plugins/Animation/ControlRig/Content/Controls/ControlRig_Arrow4_solid.ubulk" 355
"../../../Engine/Plugins/Animation/ControlRig/Content/Controls/ControlRig_Arrow4_solid.uasset" 356
"../../../Engine/Plugins/Animation/ControlRig/Content/Controls/ControlRig_Arrow4_solid.uexp" 357
"../../../Engine/Plugins/Animation/ControlRig/Content/Controls/ControlRig_Arrow4_3mm.ubulk" 358
"../../../Engine/Plugins/Animation/ControlRig/Content/Controls/ControlRig_Arrow4_3mm.uasset" 359
"../../../Engine/Plugins/Animation/ControlRig/Content/Controls/ControlRig_Arrow4_3mm.uexp" 360
"../../../Engine/Plugins/Animation/ControlRig/Content/Controls/ControlRig_Arrow4_1mm.ubulk" 361
"../../../Engine/Plugins/Animation/ControlRig/Content/Controls/ControlRig_Arrow4_1mm.uasset" 362
"../../../Engine/Plugins/Animation/ControlRig/Content/Controls/ControlRig_Arrow4_1mm.uexp" 363
"../../../Engine/Plugins/Animation/ControlRig/Content/Controls/ControlRig_Arrow2_solid.ubulk" 364
"../../../Engine/Plugins/Animation/ControlRig/Content/Controls/ControlRig_Arrow2_solid.uasset" 365
"../../../Engine/Plugins/Animation/ControlRig/Content/Controls/ControlRig_Arrow2_solid.uexp" 366
"../../../Engine/Plugins/Animation/ControlRig/Content/Controls/ControlRig_Arrow2_3mm.ubulk" 367
"../../../Engine/Plugins/Animation/ControlRig/Content/Controls/ControlRig_Arrow2_3mm.uasset" 368
"../../../Engine/Plugins/Animation/ControlRig/Content/Controls/ControlRig_Arrow2_3mm.uexp" 369
"../../../Engine/Plugins/Animation/ControlRig/Content/Controls/ControlRig_Arrow2_1mm.ubulk" 370
"../../../Engine/Plugins/Animation/ControlRig/Content/Controls/ControlRig_Arrow2_1mm.uasset" 371
"../../../Engine/Plugins/Animation/ControlRig/Content/Controls/ControlRig_Arrow2_1mm.uexp" 372
"../../../Engine/Plugins/Animation/ControlRig/Content/Controls/ControlRigXRayMaterial.uasset" 373
"../../../Engine/Plugins/Animation/ControlRig/Content/Controls/ControlRigXRayMaterial.uexp" 374
"../../../Engine/Plugins/Animation/ControlRig/Content/Controls/ControlRigGizmoMaterial.uasset" 375
"../../../Engine/Plugins/Animation/ControlRig/Content/Controls/ControlRigGizmoMaterial.uexp" 376
"../../../Engine/Content/EngineResources/WhiteSquareTexture.uasset" 377
"../../../Engine/Content/EngineResources/WhiteSquareTexture.uexp" 378
"../../../Engine/Content/EngineMaterials/Widget3DPassThrough.uasset" 379
"../../../Engine/Content/EngineMaterials/Widget3DPassThrough.uexp" 380
"../../../Engine/Content/EngineMaterials/Widget3DPassThrough_Translucent.uasset" 381
"../../../Engine/Content/EngineMaterials/Widget3DPassThrough_Translucent.uexp" 382
"../../../Engine/Content/EngineMaterials/Widget3DPassThrough_Translucent_OneSided.uasset" 383
"../../../Engine/Content/EngineMaterials/Widget3DPassThrough_Translucent_OneSided.uexp" 384
"../../../Engine/Content/EngineMaterials/Widget3DPassThrough_Opaque.uasset" 385
"../../../Engine/Content/EngineMaterials/Widget3DPassThrough_Opaque.uexp" 386
"../../../Engine/Content/EngineMaterials/Widget3DPassThrough_Opaque_OneSided.uasset" 387
"../../../Engine/Content/EngineMaterials/Widget3DPassThrough_Opaque_OneSided.uexp" 388
"../../../Engine/Content/EngineMaterials/Widget3DPassThrough_Masked_OneSided.uasset" 389
"../../../Engine/Content/EngineMaterials/Widget3DPassThrough_Masked_OneSided.uexp" 390
"../../../Engine/Content/EngineMaterials/Widget3DPassThrough_Masked.uasset" 391
"../../../Engine/Content/EngineMaterials/Widget3DPassThrough_Masked.uexp" 392
"../../../Engine/Content/EngineMaterials/STBlueNoise_vec2_128x128x64.uasset" 393
"../../../Engine/Content/EngineMaterials/STBlueNoise_vec2_128x128x64.uexp" 394
"../../../Engine/Content/EngineMaterials/STBlueNoise_scalar_128x128x64.uasset" 395
"../../../Engine/Content/EngineMaterials/STBlueNoise_scalar_128x128x64.uexp" 396
"../../../Engine/Content/EngineMaterials/RemoveSurfaceMaterial.uasset" 397
"../../../Engine/Content/EngineMaterials/RemoveSurfaceMaterial.uexp" 398
"../../../Engine/Content/EngineMaterials/DefaultCalibrationGrayscale.uasset" 399
"../../../Engine/Content/EngineMaterials/DefaultCalibrationGrayscale.uexp" 400
"../../../Engine/Content/EngineMaterials/PPM_DefaultCalibrationGrayscale.uasset" 401
"../../../Engine/Content/EngineMaterials/PPM_DefaultCalibrationGrayscale.uexp" 402
"../../../Engine/Content/EngineMaterials/DefaultCalibrationColor.uasset" 403
"../../../Engine/Content/EngineMaterials/DefaultCalibrationColor.uexp" 404
"../../../Engine/Content/EngineMaterials/PPM_DefaultCalibrationColor.uasset" 405
"../../../Engine/Content/EngineMaterials/PPM_DefaultCalibrationColor.uexp" 406
"../../../Engine/Content/EngineMaterials/PhAT_JointLimitMaterial.uasset" 407
"../../../Engine/Content/EngineMaterials/PhAT_JointLimitMaterial.uexp" 408
"../../../Engine/Content/EngineMaterials/NaniteHiddenSectionMaterial.uasset" 409
"../../../Engine/Content/EngineMaterials/NaniteHiddenSectionMaterial.uexp" 410
"../../../Engine/Content/EngineMaterials/InvalidLightmapSettings.ubulk" 411
"../../../Engine/Content/EngineMaterials/InvalidLightmapSettings.uasset" 412
"../../../Engine/Content/EngineMaterials/InvalidLightmapSettings.uexp" 413
"../../../Engine/Content/EngineMaterials/M_InvalidLightmapSettings.uasset" 414
"../../../Engine/Content/EngineMaterials/M_InvalidLightmapSettings.uexp" 415
"../../../Engine/Content/EngineMaterials/GizmoMaterial.uasset" 416
"../../../Engine/Content/EngineMaterials/GizmoMaterial.uexp" 417
"../../../Engine/Content/EngineMaterials/BaseFlattenEmissiveMap_VT.uasset" 418
"../../../Engine/Content/EngineMaterials/BaseFlattenEmissiveMap_VT.uexp" 419
"../../../Engine/Content/EngineMaterials/BaseFlattenGrayscaleMap_VT.uasset" 420
"../../../Engine/Content/EngineMaterials/BaseFlattenGrayscaleMap_VT.uexp" 421
"../../../Engine/Content/EngineMaterials/BaseFlattenLinearColor_VT.uasset" 422
"../../../Engine/Content/EngineMaterials/BaseFlattenLinearColor_VT.uexp" 423
"../../../Engine/Content/EngineMaterials/Black_1x1_EXR_Texture_VT.uasset" 424
"../../../Engine/Content/EngineMaterials/Black_1x1_EXR_Texture_VT.uexp" 425
"../../../Engine/Content/EngineMaterials/BaseFlattenDiffuseMap_VT.uasset" 426
"../../../Engine/Content/EngineMaterials/BaseFlattenDiffuseMap_VT.uexp" 427
"../../../Engine/Content/EngineMaterials/BaseFlattenNormalMap_VT.uasset" 428
"../../../Engine/Content/EngineMaterials/BaseFlattenNormalMap_VT.uexp" 429
"../../../Engine/Content/EngineMaterials/FlattenMaterial_WS_Normal_VT.uasset" 430
"../../../Engine/Content/EngineMaterials/FlattenMaterial_WS_Normal_VT.uexp" 431
"../../../Engine/Content/EngineMaterials/FlattenMaterial_VT.uasset" 432
"../../../Engine/Content/EngineMaterials/FlattenMaterial_VT.uexp" 433
"../../../Engine/Content/EngineMaterials/BaseFlattenNormalMap.uasset" 434
"../../../Engine/Content/EngineMaterials/BaseFlattenNormalMap.uexp" 435
"../../../Engine/Content/EngineMaterials/BaseFlattenGrayscaleMap.uasset" 436
"../../../Engine/Content/EngineMaterials/BaseFlattenGrayscaleMap.uexp" 437
"../../../Engine/Content/EngineMaterials/BaseFlattenDiffuseMap.uasset" 438
"../../../Engine/Content/EngineMaterials/BaseFlattenDiffuseMap.uexp" 439
"../../../Engine/Content/Functions/Engine_MaterialFunctions02/PivotPainter2/Black_1x1_EXR_Texture.uasset" 440
"../../../Engine/Content/Functions/Engine_MaterialFunctions02/PivotPainter2/Black_1x1_EXR_Texture.uexp" 441
"../../../Engine/Content/EngineMaterials/BaseFlattenEmissiveMap.uasset" 442
"../../../Engine/Content/EngineMaterials/BaseFlattenEmissiveMap.uexp" 443
"../../../Engine/Content/EngineMaterials/BaseFlattenLinearColor.uasset" 444
"../../../Engine/Content/EngineMaterials/BaseFlattenLinearColor.uexp" 445
"../../../Engine/Content/EngineMaterials/FlattenMaterial.uasset" 446
"../../../Engine/Content/EngineMaterials/FlattenMaterial.uexp" 447
"../../../Engine/Content/EngineMaterials/DefaultWhiteGrid_Low.uasset" 448
"../../../Engine/Content/EngineMaterials/DefaultWhiteGrid_Low.uexp" 449
"../../../Engine/Content/EngineMaterials/EmissiveMeshMaterial.uasset" 450
"../../../Engine/Content/EngineMaterials/EmissiveMeshMaterial.uexp" 451
"../../../Engine/Content/EngineFonts/RobotoDistanceField.uasset" 452
"../../../Engine/Content/EngineFonts/RobotoDistanceField.uexp" 453
"../../../Engine/Content/EngineMaterials/DefaultTextMaterialOpaque.uasset" 454
"../../../Engine/Content/EngineMaterials/DefaultTextMaterialOpaque.uexp" 455
"../../../Engine/Content/EngineMaterials/DefaultDiffuse.ubulk" 456
"../../../Engine/Content/EngineMaterials/DefaultDiffuse.uasset" 457
"../../../Engine/Content/EngineMaterials/DefaultDiffuse.uexp" 458
"../../../Engine/Content/Functions/Engine_MaterialFunctions02/Utility/BreakOutFloat2Components.uasset" 459
"../../../Engine/Content/Functions/Engine_MaterialFunctions02/Utility/BreakOutFloat2Components.uexp" 460
"../../../Engine/Content/EngineMaterials/DefaultPostProcessMaterial.uasset" 461
"../../../Engine/Content/EngineMaterials/DefaultPostProcessMaterial.uexp" 462
"../../../Engine/Content/EngineMaterials/DefaultPhysicalMaterial.uasset" 463
"../../../Engine/Content/EngineMaterials/DefaultPhysicalMaterial.uexp" 464
"../../../Engine/Content/EngineMaterials/DefaultLightFunctionMaterial.uasset" 465
"../../../Engine/Content/EngineMaterials/DefaultLightFunctionMaterial.uexp" 466
"../../../Engine/Content/EngineMaterials/DefaultDestructiblePhysicalMaterial.uasset" 467
"../../../Engine/Content/EngineMaterials/DefaultDestructiblePhysicalMaterial.uexp" 468
"../../../Engine/Content/EngineMaterials/DefaultDeferredDecalMaterial.uasset" 469
"../../../Engine/Content/EngineMaterials/DefaultDeferredDecalMaterial.uexp" 470
"../../../Engine/Content/EngineMaterials/DefaultBloomKernel.uasset" 471
"../../../Engine/Content/EngineMaterials/DefaultBloomKernel.uexp" 472
"../../../Engine/Content/EngineFonts/Faces/RobotoLight.uexp" 473
"../../../Engine/Content/EngineFonts/Faces/RobotoLight.uasset" 474
"../../../Engine/Content/EngineFonts/Faces/RobotoLight.ufont" 475
"../../../Engine/Content/EngineFonts/Faces/RobotoBold.uexp" 476
"../../../Engine/Content/EngineFonts/Faces/RobotoBold.uasset" 477
"../../../Engine/Content/EngineFonts/Faces/RobotoBold.ufont" 478
"../../../Engine/Content/EngineFonts/Faces/RobotoRegular.uexp" 479
"../../../Engine/Content/EngineFonts/Faces/RobotoRegular.uasset" 480
"../../../Engine/Content/EngineFonts/Faces/RobotoRegular.ufont" 481
"../../../Engine/Content/EngineFonts/Faces/DroidSansFallback.uexp" 482
"../../../Engine/Content/EngineFonts/Faces/DroidSansFallback.uasset" 483
"../../../Engine/Content/EngineFonts/Faces/DroidSansFallback.ufont" 484
"../../../Engine/Content/EngineFonts/Faces/RobotoItalic.uexp" 485
"../../../Engine/Content/EngineFonts/Faces/RobotoItalic.uasset" 486
"../../../Engine/Content/EngineFonts/Faces/RobotoItalic.ufont" 487
"../../../Engine/Content/EngineFonts/Faces/RobotoBoldItalic.uexp" 488
"../../../Engine/Content/EngineFonts/Faces/RobotoBoldItalic.uasset" 489
"../../../Engine/Content/EngineFonts/Faces/RobotoBoldItalic.ufont" 490
"../../../Engine/Content/EngineFonts/Roboto.uasset" 491
"../../../Engine/Content/EngineFonts/Roboto.uexp" 492
"../../../Engine/Content/Functions/Engine_MaterialFunctions02/Utility/CameraDirectionVector.uasset" 493
"../../../Engine/Content/Functions/Engine_MaterialFunctions02/Utility/CameraDirectionVector.uexp" 494
"../../../Engine/Content/EngineDebugMaterials/VolumeToRender.uasset" 495
"../../../Engine/Content/EngineDebugMaterials/VolumeToRender.uexp" 496
"../../../Engine/Content/EngineDebugMaterials/M_VolumeRenderSphereTracePP.uasset" 497
"../../../Engine/Content/EngineDebugMaterials/M_VolumeRenderSphereTracePP.uexp" 498
"../../../Engine/Content/EngineDebugMaterials/M_SimpleUnlitTranslucent.uasset" 499
"../../../Engine/Content/EngineDebugMaterials/M_SimpleUnlitTranslucent.uexp" 500
"../../../Engine/Content/EngineDebugMaterials/DebugMeshMaterial.uasset" 501
"../../../Engine/Content/EngineDebugMaterials/DebugMeshMaterial.uexp" 502
"../../../Engine/Content/EngineDebugMaterials/DebugEditorMaterial.uasset" 503
"../../../Engine/Content/EngineDebugMaterials/DebugEditorMaterial.uexp" 504
"../../../Engine/Content/EngineDamageTypes/DmgTypeBP_Environmental.uasset" 505
"../../../Engine/Content/EngineDamageTypes/DmgTypeBP_Environmental.uexp" 506
"../../../Engine/Content/EditorMaterials/PreviewShadowIndicator.ubulk" 507
"../../../Engine/Content/EditorMaterials/PreviewShadowIndicator.uasset" 508
"../../../Engine/Content/EditorMaterials/PreviewShadowIndicator.uexp" 509
"../../../Engine/Content/EditorMaterials/PreviewShadowIndicatorMaterial.uasset" 510
"../../../Engine/Content/EditorMaterials/PreviewShadowIndicatorMaterial.uexp" 511
"../../../Engine/Content/EditorMaterials/PhAT_UnselectedMaterial.uasset" 512
"../../../Engine/Content/EditorMaterials/PhAT_UnselectedMaterial.uexp" 513
"../../../Engine/Content/EditorMaterials/PhAT_NoCollisionMaterial.uasset" 514
"../../../Engine/Content/EditorMaterials/PhAT_NoCollisionMaterial.uexp" 515
"../../../Engine/Content/EditorLandscapeResources/DefaultAlphaTexture.uasset" 516
"../../../Engine/Content/EditorLandscapeResources/DefaultAlphaTexture.uexp" 517
"../../../Engine/Content/EditorLandscapeResources/DataLayer.uasset" 518
"../../../Engine/Content/EditorLandscapeResources/DataLayer.uexp" 519
"C:/EndedWorld/Content/StarterContent/Audio/Steam01.ubulk" 520
"C:/EndedWorld/Content/StarterContent/Audio/Steam01.uasset" 521
"C:/EndedWorld/Content/StarterContent/Audio/Steam01.uexp" 522
"C:/EndedWorld/Content/StarterContent/Audio/Starter_Wind06.ubulk" 523
"C:/EndedWorld/Content/StarterContent/Audio/Starter_Wind06.uasset" 524
"C:/EndedWorld/Content/StarterContent/Audio/Starter_Wind06.uexp" 525
"C:/EndedWorld/Content/StarterContent/Audio/Starter_Wind05.ubulk" 526
"C:/EndedWorld/Content/StarterContent/Audio/Starter_Wind05.uasset" 527
"C:/EndedWorld/Content/StarterContent/Audio/Starter_Wind05.uexp" 528
"C:/EndedWorld/Content/StarterContent/Audio/Starter_Music01.ubulk" 529
"C:/EndedWorld/Content/StarterContent/Audio/Starter_Music01.uasset" 530
"C:/EndedWorld/Content/StarterContent/Audio/Starter_Music01.uexp" 531
"C:/EndedWorld/Content/StarterContent/Audio/Starter_Birds01.ubulk" 532
"C:/EndedWorld/Content/StarterContent/Audio/Starter_Birds01.uasset" 533
"C:/EndedWorld/Content/StarterContent/Audio/Starter_Birds01.uexp" 534
"C:/EndedWorld/Content/StarterContent/Audio/Smoke01.ubulk" 535
"C:/EndedWorld/Content/StarterContent/Audio/Smoke01.uasset" 536
"C:/EndedWorld/Content/StarterContent/Audio/Smoke01.uexp" 537
"C:/EndedWorld/Content/StarterContent/Audio/Light02_Cue.uasset" 538
"C:/EndedWorld/Content/StarterContent/Audio/Light02_Cue.uexp" 539
"C:/EndedWorld/Content/StarterContent/Audio/Light02.ubulk" 540
"C:/EndedWorld/Content/StarterContent/Audio/Light02.uasset" 541
"C:/EndedWorld/Content/StarterContent/Audio/Light02.uexp" 542
"C:/EndedWorld/Content/StarterContent/Audio/Light01_Cue.uasset" 543
"C:/EndedWorld/Content/StarterContent/Audio/Light01_Cue.uexp" 544
"C:/EndedWorld/Content/StarterContent/Audio/Light01.ubulk" 545
"C:/EndedWorld/Content/StarterContent/Audio/Light01.uasset" 546
"C:/EndedWorld/Content/StarterContent/Audio/Light01.uexp" 547
"C:/EndedWorld/Content/StarterContent/Audio/Fire_Sparks01.ubulk" 548
"C:/EndedWorld/Content/StarterContent/Audio/Fire_Sparks01.uasset" 549
"C:/EndedWorld/Content/StarterContent/Audio/Fire_Sparks01.uexp" 550
"C:/EndedWorld/Content/StarterContent/Audio/Fire01.ubulk" 551
"C:/EndedWorld/Content/StarterContent/Audio/Fire01.uasset" 552
"C:/EndedWorld/Content/StarterContent/Audio/Fire01.uexp" 553
"C:/EndedWorld/Content/StarterContent/Audio/Explosion02.ubulk" 554
"C:/EndedWorld/Content/StarterContent/Audio/Explosion02.uasset" 555
"C:/EndedWorld/Content/StarterContent/Audio/Explosion02.uexp" 556
"C:/EndedWorld/Content/StarterContent/Audio/Explosion01.ubulk" 557
"C:/EndedWorld/Content/StarterContent/Audio/Explosion01.uasset" 558
"C:/EndedWorld/Content/StarterContent/Audio/Explosion01.uexp" 559
"C:/EndedWorld/Content/StarterContent/Audio/Collapse02.ubulk" 560
"C:/EndedWorld/Content/StarterContent/Audio/Collapse02.uasset" 561
"C:/EndedWorld/Content/StarterContent/Audio/Collapse02.uexp" 562
"C:/EndedWorld/Content/StarterContent/Audio/Collapse01.ubulk" 563
"C:/EndedWorld/Content/StarterContent/Audio/Collapse01.uasset" 564
"C:/EndedWorld/Content/StarterContent/Audio/Collapse01.uexp" 565
"C:/EndedWorld/Content/StarterContent/Materials/M_Basic_Wall.uasset" 566
"C:/EndedWorld/Content/StarterContent/Materials/M_Basic_Wall.uexp" 567
"C:/EndedWorld/Content/StarterContent/Architecture/Wall_Window_400x400.ubulk" 568
"C:/EndedWorld/Content/StarterContent/Architecture/Wall_Window_400x400.uasset" 569
"C:/EndedWorld/Content/StarterContent/Architecture/Wall_Window_400x400.uexp" 570
"C:/EndedWorld/Content/StarterContent/Architecture/Wall_Door_400x400.ubulk" 571
"C:/EndedWorld/Content/StarterContent/Architecture/Wall_Door_400x400.uasset" 572
"C:/EndedWorld/Content/StarterContent/Architecture/Wall_Door_400x400.uexp" 573
"C:/EndedWorld/Content/StarterContent/Architecture/Wall_500x500.ubulk" 574
"C:/EndedWorld/Content/StarterContent/Architecture/Wall_500x500.uasset" 575
"C:/EndedWorld/Content/StarterContent/Architecture/Wall_500x500.uexp" 576
"C:/EndedWorld/Content/StarterContent/Architecture/Wall_400x400.ubulk" 577
"C:/EndedWorld/Content/StarterContent/Architecture/Wall_400x400.uasset" 578
"C:/EndedWorld/Content/StarterContent/Architecture/Wall_400x400.uexp" 579
"C:/EndedWorld/Content/StarterContent/Architecture/Wall_400x300.ubulk" 580
"C:/EndedWorld/Content/StarterContent/Architecture/Wall_400x300.uasset" 581
"C:/EndedWorld/Content/StarterContent/Architecture/Wall_400x300.uexp" 582
"../../../Engine/Content/MobileResources/HUD/VirtualJoystick_Background.uasset" 583
"../../../Engine/Content/MobileResources/HUD/VirtualJoystick_Background.uexp" 584
"../../../Engine/Content/MobileResources/HUD/VirtualJoystick_Thumb.uasset" 585
"../../../Engine/Content/MobileResources/HUD/VirtualJoystick_Thumb.uexp" 586
"../../../Engine/Content/MobileResources/HUD/DefaultVirtualJoysticks.uasset" 587
"../../../Engine/Content/MobileResources/HUD/DefaultVirtualJoysticks.uexp" 588
"../../../Engine/Content/EngineSky/VolumetricClouds/CloudWeatherTexture.uasset" 589
"../../../Engine/Content/EngineSky/VolumetricClouds/CloudWeatherTexture.uexp" 590
"../../../Engine/Content/Functions/Engine_MaterialFunctions02/Utility/MakeFloat2.uasset" 591
"../../../Engine/Content/Functions/Engine_MaterialFunctions02/Utility/MakeFloat2.uexp" 592
"../../../Engine/Content/EngineSky/VolumetricClouds/CloudGradientTexture.uasset" 593
"../../../Engine/Content/EngineSky/VolumetricClouds/CloudGradientTexture.uexp" 594
"../../../Engine/Content/EngineSky/VolumetricClouds/T_NoiseShape64.ubulk" 595
"../../../Engine/Content/EngineSky/VolumetricClouds/T_NoiseShape64.uasset" 596
"../../../Engine/Content/EngineSky/VolumetricClouds/T_NoiseShape64.uexp" 597
"../../../Engine/Content/EngineSky/VolumetricClouds/T_VolumeNoiseShape64.uasset" 598
"../../../Engine/Content/EngineSky/VolumetricClouds/T_VolumeNoiseShape64.uexp" 599
"../../../Engine/Content/EngineSky/VolumetricClouds/T_NoiseErosion.ubulk" 600
"../../../Engine/Content/EngineSky/VolumetricClouds/T_NoiseErosion.uasset" 601
"../../../Engine/Content/EngineSky/VolumetricClouds/T_NoiseErosion.uexp" 602
"../../../Engine/Content/EngineSky/VolumetricClouds/T_VolumeNoiseErosion32.uasset" 603
"../../../Engine/Content/EngineSky/VolumetricClouds/T_VolumeNoiseErosion32.uexp" 604
"../../../Engine/Content/EngineSky/VolumetricClouds/m_SimpleVolumetricCloud.uasset" 605
"../../../Engine/Content/EngineSky/VolumetricClouds/m_SimpleVolumetricCloud.uexp" 606
"../../../Engine/Content/EngineSky/VolumetricClouds/m_SimpleVolumetricCloud_Inst.uasset" 607
"../../../Engine/Content/EngineSky/VolumetricClouds/m_SimpleVolumetricCloud_Inst.uexp" 608
"../../../Engine/Content/EngineResources/FilmGrains/Marcie_Grain_v3_128_M2_000.uasset" 609
"../../../Engine/Content/EngineResources/FilmGrains/Marcie_Grain_v3_128_M2_000.uexp" 610
"../../../Engine/Content/EditorResources/SequenceRecorder/RecordingIndicator.uasset" 611
"../../../Engine/Content/EditorResources/SequenceRecorder/RecordingIndicator.uexp" 612
"../../../Engine/Content/EditorResources/SequenceRecorder/Countdown.uasset" 613
"../../../Engine/Content/EditorResources/SequenceRecorder/Countdown.uexp" 614
"../../../Engine/Content/EditorResources/LightIcons/S_LightError.uasset" 615
"../../../Engine/Content/EditorResources/LightIcons/S_LightError.uexp" 616
"../../../Engine/Content/EditorResources/AudioIcons/S_AudioComponent_AutoActivate.uasset" 617
"../../../Engine/Content/EditorResources/AudioIcons/S_AudioComponent_AutoActivate.uexp" 618
"../../../Engine/Content/EditorResources/AudioIcons/S_AudioComponent.uasset" 619
"../../../Engine/Content/EditorResources/AudioIcons/S_AudioComponent.uexp" 620
"C:/EndedWorld/Content/StarterContent/Shapes/Shape_WideCapsule.ubulk" 621
"C:/EndedWorld/Content/StarterContent/Shapes/Shape_WideCapsule.uasset" 622
"C:/EndedWorld/Content/StarterContent/Shapes/Shape_WideCapsule.uexp" 623
"C:/EndedWorld/Content/StarterContent/Shapes/Shape_Wedge_B.ubulk" 624
"C:/EndedWorld/Content/StarterContent/Shapes/Shape_Wedge_B.uasset" 625
"C:/EndedWorld/Content/StarterContent/Shapes/Shape_Wedge_B.uexp" 626
"C:/EndedWorld/Content/StarterContent/Shapes/Shape_Wedge_A.ubulk" 627
"C:/EndedWorld/Content/StarterContent/Shapes/Shape_Wedge_A.uasset" 628
"C:/EndedWorld/Content/StarterContent/Shapes/Shape_Wedge_A.uexp" 629
"C:/EndedWorld/Content/StarterContent/Shapes/Shape_Tube.ubulk" 630
"C:/EndedWorld/Content/StarterContent/Shapes/Shape_Tube.uasset" 631
"C:/EndedWorld/Content/StarterContent/Shapes/Shape_Tube.uexp" 632
"C:/EndedWorld/Content/StarterContent/Shapes/Shape_TriPyramid.ubulk" 633
"C:/EndedWorld/Content/StarterContent/Shapes/Shape_TriPyramid.uasset" 634
"C:/EndedWorld/Content/StarterContent/Shapes/Shape_TriPyramid.uexp" 635
"C:/EndedWorld/Content/StarterContent/Shapes/Shape_Trim_90_Out.ubulk" 636
"C:/EndedWorld/Content/StarterContent/Shapes/Shape_Trim_90_Out.uasset" 637
"C:/EndedWorld/Content/StarterContent/Shapes/Shape_Trim_90_Out.uexp" 638
"C:/EndedWorld/Content/StarterContent/Shapes/Shape_Trim_90_In.ubulk" 639
"C:/EndedWorld/Content/StarterContent/Shapes/Shape_Trim_90_In.uasset" 640
"C:/EndedWorld/Content/StarterContent/Shapes/Shape_Trim_90_In.uexp" 641
"C:/EndedWorld/Content/StarterContent/Shapes/Shape_Trim.ubulk" 642
"C:/EndedWorld/Content/StarterContent/Shapes/Shape_Trim.uasset" 643
"C:/EndedWorld/Content/StarterContent/Shapes/Shape_Trim.uexp" 644
"C:/EndedWorld/Content/StarterContent/Shapes/Shape_Torus.ubulk" 645
"C:/EndedWorld/Content/StarterContent/Shapes/Shape_Torus.uasset" 646
"C:/EndedWorld/Content/StarterContent/Shapes/Shape_Torus.uexp" 647
"C:/EndedWorld/Content/StarterContent/Shapes/Shape_Plane.ubulk" 648
"C:/EndedWorld/Content/StarterContent/Shapes/Shape_Plane.uasset" 649
"C:/EndedWorld/Content/StarterContent/Shapes/Shape_Plane.uexp" 650
"C:/EndedWorld/Content/StarterContent/Shapes/Shape_Pipe_90.ubulk" 651
"C:/EndedWorld/Content/StarterContent/Shapes/Shape_Pipe_90.uasset" 652
"C:/EndedWorld/Content/StarterContent/Shapes/Shape_Pipe_90.uexp" 653
"C:/EndedWorld/Content/StarterContent/Shapes/Shape_Pipe_180.ubulk" 654
"C:/EndedWorld/Content/StarterContent/Shapes/Shape_Pipe_180.uasset" 655
"C:/EndedWorld/Content/StarterContent/Shapes/Shape_Pipe_180.uexp" 656
"C:/EndedWorld/Content/StarterContent/Shapes/Shape_Pipe.ubulk" 657
"C:/EndedWorld/Content/StarterContent/Shapes/Shape_Pipe.uasset" 658
"C:/EndedWorld/Content/StarterContent/Shapes/Shape_Pipe.uexp" 659
"C:/EndedWorld/Content/StarterContent/Shapes/Shape_NarrowCapsule.ubulk" 660
"C:/EndedWorld/Content/StarterContent/Shapes/Shape_NarrowCapsule.uasset" 661
"C:/EndedWorld/Content/StarterContent/Shapes/Shape_NarrowCapsule.uexp" 662
"C:/EndedWorld/Content/StarterContent/Shapes/Shape_Cylinder.ubulk" 663
"C:/EndedWorld/Content/StarterContent/Shapes/Shape_Cylinder.uasset" 664
"C:/EndedWorld/Content/StarterContent/Shapes/Shape_Cylinder.uexp" 665
"C:/EndedWorld/Content/StarterContent/Shapes/Shape_Cone.ubulk" 666
"C:/EndedWorld/Content/StarterContent/Shapes/Shape_Cone.uasset" 667
"C:/EndedWorld/Content/StarterContent/Shapes/Shape_Cone.uexp" 668
"C:/EndedWorld/Content/StarterContent/Materials/M_Basic_Floor.uasset" 669
"C:/EndedWorld/Content/StarterContent/Materials/M_Basic_Floor.uexp" 670
"C:/EndedWorld/Content/StarterContent/Props/SM_Stairs.ubulk" 671
"C:/EndedWorld/Content/StarterContent/Props/SM_Stairs.uasset" 672
"C:/EndedWorld/Content/StarterContent/Props/SM_Stairs.uexp" 673
"C:/EndedWorld/Content/StarterContent/Textures/T_Shelf_N.ubulk" 674
"C:/EndedWorld/Content/StarterContent/Textures/T_Shelf_N.uasset" 675
"C:/EndedWorld/Content/StarterContent/Textures/T_Shelf_N.uexp" 676
"C:/EndedWorld/Content/StarterContent/Textures/T_Shelf_M.ubulk" 677
"C:/EndedWorld/Content/StarterContent/Textures/T_Shelf_M.uasset" 678
"C:/EndedWorld/Content/StarterContent/Textures/T_Shelf_M.uexp" 679
"C:/EndedWorld/Content/StarterContent/Props/Materials/M_Shelf.uasset" 680
"C:/EndedWorld/Content/StarterContent/Props/Materials/M_Shelf.uexp" 681
"C:/EndedWorld/Content/StarterContent/Props/SM_Shelf.ubulk" 682
"C:/EndedWorld/Content/StarterContent/Props/SM_Shelf.uasset" 683
"C:/EndedWorld/Content/StarterContent/Props/SM_Shelf.uexp" 684
"../../../Engine/Content/Functions/Engine_MaterialFunctions02/Utility/BlendAngleCorrectedNormals.uasset" 685
"../../../Engine/Content/Functions/Engine_MaterialFunctions02/Utility/BlendAngleCorrectedNormals.uexp" 686
"C:/EndedWorld/Content/StarterContent/Textures/T_Detail_Rocky_N.ubulk" 687
"C:/EndedWorld/Content/StarterContent/Textures/T_Detail_Rocky_N.uasset" 688
"C:/EndedWorld/Content/StarterContent/Textures/T_Detail_Rocky_N.uexp" 689
"C:/EndedWorld/Content/StarterContent/Textures/T_Rock_Basalt_D.ubulk" 690
"C:/EndedWorld/Content/StarterContent/Textures/T_Rock_Basalt_D.uasset" 691
"C:/EndedWorld/Content/StarterContent/Textures/T_Rock_Basalt_D.uexp" 692
"C:/EndedWorld/Content/StarterContent/Textures/T_RockMesh_N.ubulk" 693
"C:/EndedWorld/Content/StarterContent/Textures/T_RockMesh_N.uasset" 694
"C:/EndedWorld/Content/StarterContent/Textures/T_RockMesh_N.uexp" 695
"C:/EndedWorld/Content/StarterContent/Textures/T_RockMesh_M.ubulk" 696
"C:/EndedWorld/Content/StarterContent/Textures/T_RockMesh_M.uasset" 697
"C:/EndedWorld/Content/StarterContent/Textures/T_RockMesh_M.uexp" 698
"C:/EndedWorld/Content/StarterContent/Props/Materials/M_Rock.uasset" 699
"C:/EndedWorld/Content/StarterContent/Props/Materials/M_Rock.uexp" 700
"C:/EndedWorld/Content/StarterContent/Props/SM_Rock.ubulk" 701
"C:/EndedWorld/Content/StarterContent/Props/SM_Rock.uasset" 702
"C:/EndedWorld/Content/StarterContent/Props/SM_Rock.uexp" 703
"../../../Engine/Content/Functions/Engine_MaterialFunctions01/Shading/PowerToRoughness.uasset" 704
"../../../Engine/Content/Functions/Engine_MaterialFunctions01/Shading/PowerToRoughness.uexp" 705
"../../../Engine/Content/Functions/Engine_MaterialFunctions01/Shading/ConvertFromDiffSpec.uasset" 706
"../../../Engine/Content/Functions/Engine_MaterialFunctions01/Shading/ConvertFromDiffSpec.uexp" 707
"C:/EndedWorld/Content/StarterContent/Materials/M_Glass.uasset" 708
"C:/EndedWorld/Content/StarterContent/Materials/M_Glass.uexp" 709
"C:/EndedWorld/Content/StarterContent/Textures/T_Door_N.ubulk" 710
"C:/EndedWorld/Content/StarterContent/Textures/T_Door_N.uasset" 711
"C:/EndedWorld/Content/StarterContent/Textures/T_Door_N.uexp" 712
"C:/EndedWorld/Content/StarterContent/Textures/T_Door_M.ubulk" 713
"C:/EndedWorld/Content/StarterContent/Textures/T_Door_M.uasset" 714
"C:/EndedWorld/Content/StarterContent/Textures/T_Door_M.uexp" 715
"C:/EndedWorld/Content/StarterContent/Props/Materials/M_Door.uasset" 716
"C:/EndedWorld/Content/StarterContent/Props/Materials/M_Door.uexp" 717
"C:/EndedWorld/Content/StarterContent/Props/SM_Door.ubulk" 718
"C:/EndedWorld/Content/StarterContent/Props/SM_Door.uasset" 719
"C:/EndedWorld/Content/StarterContent/Props/SM_Door.uexp" 720
"C:/EndedWorld/Content/Blueprints/Core/Player/MyMyCharacterTEST.uasset" 721
"C:/EndedWorld/Content/Blueprints/Core/Player/MyMyCharacterTEST.uexp" 722
"../../../Engine/Content/EditorMeshes/ColorCalibrator/T_ColorGrid.ubulk" 723
"../../../Engine/Content/EditorMeshes/ColorCalibrator/T_ColorGrid.uasset" 724
"../../../Engine/Content/EditorMeshes/ColorCalibrator/T_ColorGrid.uexp" 725
"C:/EndedWorld/Content/StarterContent/Materials/M_ColorGrid_LowSpec.uasset" 726
"C:/EndedWorld/Content/StarterContent/Materials/M_ColorGrid_LowSpec.uexp" 727
"C:/EndedWorld/Content/StarterContent/Textures/T_Smoke_SubUV.ubulk" 728
"C:/EndedWorld/Content/StarterContent/Textures/T_Smoke_SubUV.uasset" 729
"C:/EndedWorld/Content/StarterContent/Textures/T_Smoke_SubUV.uexp" 730
"C:/EndedWorld/Content/StarterContent/Textures/T_Smoke_Tiled_D.ubulk" 731
"C:/EndedWorld/Content/StarterContent/Textures/T_Smoke_Tiled_D.uasset" 732
"C:/EndedWorld/Content/StarterContent/Textures/T_Smoke_Tiled_D.uexp" 733
"C:/EndedWorld/Content/StarterContent/Particles/Materials/M_smoke_subUV.uasset" 734
"C:/EndedWorld/Content/StarterContent/Particles/Materials/M_smoke_subUV.uexp" 735
"C:/EndedWorld/Content/StarterContent/Textures/T_Burst_M.ubulk" 736
"C:/EndedWorld/Content/StarterContent/Textures/T_Burst_M.uasset" 737
"C:/EndedWorld/Content/StarterContent/Textures/T_Burst_M.uexp" 738
"C:/EndedWorld/Content/StarterContent/Particles/Materials/M_Burst.uasset" 739
"C:/EndedWorld/Content/StarterContent/Particles/Materials/M_Burst.uexp" 740
"C:/EndedWorld/Content/StarterContent/Particles/Materials/m_flare_01.uasset" 741
"C:/EndedWorld/Content/StarterContent/Particles/Materials/m_flare_01.uexp" 742
"C:/EndedWorld/Content/StarterContent/Textures/T_Explosion_SubUV.ubulk" 743
"C:/EndedWorld/Content/StarterContent/Textures/T_Explosion_SubUV.uasset" 744
"C:/EndedWorld/Content/StarterContent/Textures/T_Explosion_SubUV.uexp" 745
"C:/EndedWorld/Content/StarterContent/Particles/Materials/M_explosion_subUV.uasset" 746
"C:/EndedWorld/Content/StarterContent/Particles/Materials/M_explosion_subUV.uexp" 747
"../../../Engine/Content/Functions/Engine_MaterialFunctions01/Gradient/RadialGradient.uasset" 748
"../../../Engine/Content/Functions/Engine_MaterialFunctions01/Gradient/RadialGradient.uexp" 749
"C:/EndedWorld/Content/StarterContent/Particles/Materials/M_radial_ramp.uasset" 750
"C:/EndedWorld/Content/StarterContent/Particles/Materials/M_radial_ramp.uexp" 751
"C:/EndedWorld/Content/StarterContent/Particles/P_Explosion.uasset" 752
"C:/EndedWorld/Content/StarterContent/Particles/P_Explosion.uexp" 753
"C:/EndedWorld/Content/StarterContent/Audio/Explosion_Cue.uasset" 754
"C:/EndedWorld/Content/StarterContent/Audio/Explosion_Cue.uexp" 755
"C:/EndedWorld/Content/StarterContent/Blueprints/Blueprint_Effect_Explosion.uasset" 756
"C:/EndedWorld/Content/StarterContent/Blueprints/Blueprint_Effect_Explosion.uexp" 757
"C:/EndedWorld/Content/Blueprints/Core/Player/EW_PC.uasset" 758
"C:/EndedWorld/Content/Blueprints/Core/Player/EW_PC.uexp" 759
"../../../Engine/Content/BasicShapes/Sphere.ubulk" 760
"../../../Engine/Content/BasicShapes/Sphere.uasset" 761
"../../../Engine/Content/BasicShapes/Sphere.uexp" 762
"C:/EndedWorld/Content/Blueprints/Core/Player/InputActions/IA_Zoom.uasset" 763
"C:/EndedWorld/Content/Blueprints/Core/Player/InputActions/IA_Zoom.uexp" 764
"C:/EndedWorld/Content/Blueprints/Core/Player/InputActions/IA_Move.uasset" 765
"C:/EndedWorld/Content/Blueprints/Core/Player/InputActions/IA_Move.uexp" 766
"../../../Engine/Content/BasicShapes/BasicShapeMaterial.uasset" 767
"../../../Engine/Content/BasicShapes/BasicShapeMaterial.uexp" 768
"C:/EndedWorld/Content/Blueprints/Core/Player/InputActions/IA_Rotating.uasset" 769
"C:/EndedWorld/Content/Blueprints/Core/Player/InputActions/IA_Rotating.uexp" 770
"C:/EndedWorld/Content/Blueprints/Core/Player/EW_MappingContext.uasset" 771
"C:/EndedWorld/Content/Blueprints/Core/Player/EW_MappingContext.uexp" 772
"../../../Engine/Content/EditorBlueprintResources/StandardMacros.uasset" 773
"../../../Engine/Content/EditorBlueprintResources/StandardMacros.uexp" 774
"C:/EndedWorld/Content/Blueprints/Core/Player/EW_Pawn.uasset" 775
"C:/EndedWorld/Content/Blueprints/Core/Player/EW_Pawn.uexp" 776
"C:/EndedWorld/Content/Blueprints/Core/Player/EW_GM.uasset" 777
"C:/EndedWorld/Content/Blueprints/Core/Player/EW_GM.uexp" 778
"C:/EndedWorld/Content/Art/Textures/Grids/TX_Hexagon_Checker.ubulk" 779
"C:/EndedWorld/Content/Art/Textures/Grids/TX_Hexagon_Checker.uasset" 780
"C:/EndedWorld/Content/Art/Textures/Grids/TX_Hexagon_Checker.uexp" 781
"C:/EndedWorld/Content/Art/Textures/Grids/TX_Hexagon_Checker_Mat.uasset" 782
"C:/EndedWorld/Content/Art/Textures/Grids/TX_Hexagon_Checker_Mat.uexp" 783
"C:/EndedWorld/Content/Art/Meshes/Grids/SM_Grid_Triangle.ubulk" 784
"C:/EndedWorld/Content/Art/Meshes/Grids/SM_Grid_Triangle.uasset" 785
"C:/EndedWorld/Content/Art/Meshes/Grids/SM_Grid_Triangle.uexp" 786
"C:/EndedWorld/Content/Art/Meshes/Grids/SM_Grid_Hexagon.ubulk" 787
"C:/EndedWorld/Content/Art/Meshes/Grids/SM_Grid_Hexagon.uasset" 788
"C:/EndedWorld/Content/Art/Meshes/Grids/SM_Grid_Hexagon.uexp" 789
"C:/EndedWorld/Content/Art/Meshes/Envarioments/SM_Triangle_Chamfer.ubulk" 790
"C:/EndedWorld/Content/Art/Meshes/Envarioments/SM_Triangle_Chamfer.uasset" 791
"C:/EndedWorld/Content/Art/Meshes/Envarioments/SM_Triangle_Chamfer.uexp" 792
"C:/EndedWorld/Content/Art/Meshes/Envarioments/SM_Cube_Chamfer.ubulk" 793
"C:/EndedWorld/Content/Art/Meshes/Envarioments/SM_Cube_Chamfer.uasset" 794
"C:/EndedWorld/Content/Art/Meshes/Envarioments/SM_Cube_Chamfer.uexp" 795
"C:/EndedWorld/Content/Art/Textures/Grids/TX_Square_Line.ubulk" 796
"C:/EndedWorld/Content/Art/Textures/Grids/TX_Square_Line.uasset" 797
"C:/EndedWorld/Content/Art/Textures/Grids/TX_Square_Line.uexp" 798
"../../../Engine/Content/Functions/Engine_MaterialFunctions01/Gradient/LinearGradient.uasset" 799
"../../../Engine/Content/Functions/Engine_MaterialFunctions01/Gradient/LinearGradient.uexp" 800
"../../../Engine/Content/Functions/Engine_MaterialFunctions01/ImageAdjustment/CheapContrast.uasset" 801
"../../../Engine/Content/Functions/Engine_MaterialFunctions01/ImageAdjustment/CheapContrast.uexp" 802
"../../../Engine/Content/Functions/Engine_MaterialFunctions01/Texturing/WorldAlignedTexture.uasset" 803
"../../../Engine/Content/Functions/Engine_MaterialFunctions01/Texturing/WorldAlignedTexture.uexp" 804
"C:/EndedWorld/Content/Art/Materials/M_ColorWithTexture.uasset" 805
"C:/EndedWorld/Content/Art/Materials/M_ColorWithTexture.uexp" 806
"C:/EndedWorld/Content/Art/Textures/Grids/TX_Triangle_Line.ubulk" 807
"C:/EndedWorld/Content/Art/Textures/Grids/TX_Triangle_Line.uasset" 808
"C:/EndedWorld/Content/Art/Textures/Grids/TX_Triangle_Line.uexp" 809
"C:/EndedWorld/Content/Art/Materials/ColorsWithTextures/MI_Triangle_Line.uasset" 810
"C:/EndedWorld/Content/Art/Materials/ColorsWithTextures/MI_Triangle_Line.uexp" 811
"C:/EndedWorld/Content/Art/Materials/ColorsWithTextures/MI_Square_Line.uasset" 812
"C:/EndedWorld/Content/Art/Materials/ColorsWithTextures/MI_Square_Line.uexp" 813
"C:/EndedWorld/Content/Art/Textures/Grids/TX_Hexagon_Line.ubulk" 814
"C:/EndedWorld/Content/Art/Textures/Grids/TX_Hexagon_Line.uasset" 815
"C:/EndedWorld/Content/Art/Textures/Grids/TX_Hexagon_Line.uexp" 816
"C:/EndedWorld/Content/Art/Materials/ColorsWithTextures/MI_Hexagon_Line.uasset" 817
"C:/EndedWorld/Content/Art/Materials/ColorsWithTextures/MI_Hexagon_Line.uexp" 818
"C:/EndedWorld/Content/Blueprints/Core/Grid/Utilities/E_TileState.uasset" 819
"C:/EndedWorld/Content/Blueprints/Core/Grid/Utilities/E_TileState.uexp" 820
"C:/EndedWorld/Content/Blueprints/Core/Grid/Utilities/E_TileType.uasset" 821
"C:/EndedWorld/Content/Blueprints/Core/Grid/Utilities/E_TileType.uexp" 822
"C:/EndedWorld/Content/Blueprints/Core/Grid/Utilities/BP_GridMeshInst.uasset" 823
"C:/EndedWorld/Content/Blueprints/Core/Grid/Utilities/BP_GridMeshInst.uexp" 824
"C:/EndedWorld/Content/Blueprints/Core/Grid/Utilities/BFL_TileData.uasset" 825
"C:/EndedWorld/Content/Blueprints/Core/Grid/Utilities/BFL_TileData.uexp" 826
"C:/EndedWorld/Content/Blueprints/Core/Utilities/BFL_Utilities.uasset" 827
"C:/EndedWorld/Content/Blueprints/Core/Utilities/BFL_Utilities.uexp" 828
"C:/EndedWorld/Content/Blueprints/Core/Grid/Utilities/S_IntPointArray.uasset" 829
"C:/EndedWorld/Content/Blueprints/Core/Grid/Utilities/S_IntPointArray.uexp" 830
"C:/EndedWorld/Content/Art/Meshes/Grids/SM_Grid_Square.ubulk" 831
"C:/EndedWorld/Content/Art/Meshes/Grids/SM_Grid_Square.uasset" 832
"C:/EndedWorld/Content/Art/Meshes/Grids/SM_Grid_Square.uexp" 833
"../../../Engine/Content/Functions/Engine_MaterialFunctions02/Utility/MakeFloat3.uasset" 834
"../../../Engine/Content/Functions/Engine_MaterialFunctions02/Utility/MakeFloat3.uexp" 835
"C:/EndedWorld/Content/Blueprints/Core/Grid/GridShapes/Square/TX_Grid_Square.ubulk" 836
"C:/EndedWorld/Content/Blueprints/Core/Grid/GridShapes/Square/TX_Grid_Square.uasset" 837
"C:/EndedWorld/Content/Blueprints/Core/Grid/GridShapes/Square/TX_Grid_Square.uexp" 838
"C:/EndedWorld/Content/Blueprints/Core/Grid/GridShapes/M_Grid_Flat.uasset" 839
"C:/EndedWorld/Content/Blueprints/Core/Grid/GridShapes/M_Grid_Flat.uexp" 840
"C:/EndedWorld/Content/Blueprints/Core/Grid/GridShapes/Triangle/SM_Grid_Triangle.ubulk" 841
"C:/EndedWorld/Content/Blueprints/Core/Grid/GridShapes/Triangle/SM_Grid_Triangle.uasset" 842
"C:/EndedWorld/Content/Blueprints/Core/Grid/GridShapes/Triangle/SM_Grid_Triangle.uexp" 843
"C:/EndedWorld/Content/Blueprints/Core/Grid/GridShapes/M_Grid.uasset" 844
"C:/EndedWorld/Content/Blueprints/Core/Grid/GridShapes/M_Grid.uexp" 845
"C:/EndedWorld/Content/Blueprints/Core/Grid/GridShapes/Square/MI_Grid_Square.uasset" 846
"C:/EndedWorld/Content/Blueprints/Core/Grid/GridShapes/Square/MI_Grid_Square.uexp" 847
"C:/EndedWorld/Content/Blueprints/Core/Grid/GridShapes/Triangle/TX_Grid_Triangle.ubulk" 848
"C:/EndedWorld/Content/Blueprints/Core/Grid/GridShapes/Triangle/TX_Grid_Triangle.uasset" 849
"C:/EndedWorld/Content/Blueprints/Core/Grid/GridShapes/Triangle/TX_Grid_Triangle.uexp" 850
"C:/EndedWorld/Content/Blueprints/Core/Grid/GridShapes/Triangle/MI_Grid_Triangle.uasset" 851
"C:/EndedWorld/Content/Blueprints/Core/Grid/GridShapes/Triangle/MI_Grid_Triangle.uexp" 852
"C:/EndedWorld/Content/Blueprints/Core/Grid/GridShapes/Hexagon/SM_Grid_Hexagon.ubulk" 853
"C:/EndedWorld/Content/Blueprints/Core/Grid/GridShapes/Hexagon/SM_Grid_Hexagon.uasset" 854
"C:/EndedWorld/Content/Blueprints/Core/Grid/GridShapes/Hexagon/SM_Grid_Hexagon.uexp" 855
"C:/EndedWorld/Content/Blueprints/Core/Grid/GridShapes/Triangle/SM_Grid_TriangleFlat.ubulk" 856
"C:/EndedWorld/Content/Blueprints/Core/Grid/GridShapes/Triangle/SM_Grid_TriangleFlat.uasset" 857
"C:/EndedWorld/Content/Blueprints/Core/Grid/GridShapes/Triangle/SM_Grid_TriangleFlat.uexp" 858
"C:/EndedWorld/Content/Blueprints/Core/Grid/GridShapes/Hexagon/SM_Grid_HexagonFlat.ubulk" 859
"C:/EndedWorld/Content/Blueprints/Core/Grid/GridShapes/Hexagon/SM_Grid_HexagonFlat.uasset" 860
"C:/EndedWorld/Content/Blueprints/Core/Grid/GridShapes/Hexagon/SM_Grid_HexagonFlat.uexp" 861
"C:/EndedWorld/Content/Blueprints/Core/Grid/GridShapes/Hexagon/TX_Grid_Hexagon.ubulk" 862
"C:/EndedWorld/Content/Blueprints/Core/Grid/GridShapes/Hexagon/TX_Grid_Hexagon.uasset" 863
"C:/EndedWorld/Content/Blueprints/Core/Grid/GridShapes/Hexagon/TX_Grid_Hexagon.uexp" 864
"C:/EndedWorld/Content/Blueprints/Core/Grid/GridShapes/Hexagon/MI_Grid_Hexagon.uasset" 865
"C:/EndedWorld/Content/Blueprints/Core/Grid/GridShapes/Hexagon/MI_Grid_Hexagon.uexp" 866
"C:/EndedWorld/Content/Blueprints/Core/Grid/GridShapes/Square/SM_Grid_SquareFlat.ubulk" 867
"C:/EndedWorld/Content/Blueprints/Core/Grid/GridShapes/Square/SM_Grid_SquareFlat.uasset" 868
"C:/EndedWorld/Content/Blueprints/Core/Grid/GridShapes/Square/SM_Grid_SquareFlat.uexp" 869
"C:/EndedWorld/Content/Blueprints/Core/Grid/GridShapes/Square/MI_Flat_Square.uasset" 870
"C:/EndedWorld/Content/Blueprints/Core/Grid/GridShapes/Square/MI_Flat_Square.uexp" 871
"C:/EndedWorld/Content/Blueprints/Core/Grid/GridShapes/Square/SM_Grid_Square.ubulk" 872
"C:/EndedWorld/Content/Blueprints/Core/Grid/GridShapes/Square/SM_Grid_Square.uasset" 873
"C:/EndedWorld/Content/Blueprints/Core/Grid/GridShapes/Square/SM_Grid_Square.uexp" 874
"C:/EndedWorld/Content/Blueprints/Core/Grid/GridShapes/Triangle/MI_Grid_Flat_Triangle.uasset" 875
"C:/EndedWorld/Content/Blueprints/Core/Grid/GridShapes/Triangle/MI_Grid_Flat_Triangle.uexp" 876
"C:/EndedWorld/Content/Blueprints/Core/Grid/GridShapes/S_GridShapeData.uasset" 877
"C:/EndedWorld/Content/Blueprints/Core/Grid/GridShapes/S_GridShapeData.uexp" 878
"C:/EndedWorld/Content/Blueprints/Core/Grid/GridShapes/Hexagon/MI_Flat_Hexagon.uasset" 879
"C:/EndedWorld/Content/Blueprints/Core/Grid/GridShapes/Hexagon/MI_Flat_Hexagon.uexp" 880
"C:/EndedWorld/Content/Blueprints/Core/Grid/GridShapes/DT_GridShapeData.uasset" 881
"C:/EndedWorld/Content/Blueprints/Core/Grid/GridShapes/DT_GridShapeData.uexp" 882
"C:/EndedWorld/Content/Blueprints/Core/Grid/GridShapes/E_GridShapes.uasset" 883
"C:/EndedWorld/Content/Blueprints/Core/Grid/GridShapes/E_GridShapes.uexp" 884
"C:/EndedWorld/Content/Blueprints/Core/Grid/GridShapes/BFL_GridShape.uasset" 885
"C:/EndedWorld/Content/Blueprints/Core/Grid/GridShapes/BFL_GridShape.uexp" 886
"C:/EndedWorld/Content/Blueprints/Core/Grid/BP_GridModifier.uasset" 887
"C:/EndedWorld/Content/Blueprints/Core/Grid/BP_GridModifier.uexp" 888
"C:/EndedWorld/Content/Blueprints/Core/Grid/Utilities/S_TileData.uasset" 889
"C:/EndedWorld/Content/Blueprints/Core/Grid/Utilities/S_TileData.uexp" 890
"C:/EndedWorld/Content/Blueprints/Core/Grid/Utilities/S_PathfindingData.uasset" 891
"C:/EndedWorld/Content/Blueprints/Core/Grid/Utilities/S_PathfindingData.uexp" 892
"C:/EndedWorld/Content/Blueprints/Core/Grid/BP_GridPathfinding.uasset" 893
"C:/EndedWorld/Content/Blueprints/Core/Grid/BP_GridPathfinding.uexp" 894
"C:/EndedWorld/Content/Blueprints/Core/Grid/BP_Grid.uasset" 895
"C:/EndedWorld/Content/Blueprints/Core/Grid/BP_Grid.uexp" 896
"C:/EndedWorld/Content/Blueprints/Core/Grid/BP_GridVisual.uasset" 897
"C:/EndedWorld/Content/Blueprints/Core/Grid/BP_GridVisual.uexp" 898
"C:/EndedWorld/Content/Blueprints/DebugMenu/Tabs/Tab_Network.uasset" 899
"C:/EndedWorld/Content/Blueprints/DebugMenu/Tabs/Tab_Network.uexp" 900
"C:/EndedWorld/Content/Blueprints/DebugMenu/Widgets/SpinBox_WithName.uasset" 901
"C:/EndedWorld/Content/Blueprints/DebugMenu/Widgets/SpinBox_WithName.uexp" 902
"C:/EndedWorld/Content/Blueprints/DebugMenu/Tabs/Tab_Camera.uasset" 903
"C:/EndedWorld/Content/Blueprints/DebugMenu/Tabs/Tab_Camera.uexp" 904
"C:/EndedWorld/Content/Blueprints/DebugMenu/Widgets/SpinBox_WithName_Vector2.uasset" 905
"C:/EndedWorld/Content/Blueprints/DebugMenu/Widgets/SpinBox_WithName_Vector2.uexp" 906
"C:/EndedWorld/Content/Blueprints/Core/Player/Actions/BP_Action.uasset" 907
"C:/EndedWorld/Content/Blueprints/Core/Player/Actions/BP_Action.uexp" 908
"C:/EndedWorld/Content/Blueprints/Core/Player/BP_PlayerActions.uasset" 909
"C:/EndedWorld/Content/Blueprints/Core/Player/BP_PlayerActions.uexp" 910
"C:/EndedWorld/Content/Blueprints/Core/Player/Actions/Grid/Action_SelectTile.uasset" 911
"C:/EndedWorld/Content/Blueprints/Core/Player/Actions/Grid/Action_SelectTile.uexp" 912
"C:/EndedWorld/Content/Blueprints/Core/Player/Actions/Grid/Action_SetTileType.uasset" 913
"C:/EndedWorld/Content/Blueprints/Core/Player/Actions/Grid/Action_SetTileType.uexp" 914
"C:/EndedWorld/Content/Blueprints/DebugMenu/Actions/Button_Action.uasset" 915
"C:/EndedWorld/Content/Blueprints/DebugMenu/Actions/Button_Action.uexp" 916
"C:/EndedWorld/Content/Blueprints/DebugMenu/Actions/Button_Action_SetTileType.uasset" 917
"C:/EndedWorld/Content/Blueprints/DebugMenu/Actions/Button_Action_SetTileType.uexp" 918
"C:/EndedWorld/Content/Blueprints/DebugMenu/Widgets/SpinBox_WithName_Vector3.uasset" 919
"C:/EndedWorld/Content/Blueprints/DebugMenu/Widgets/SpinBox_WithName_Vector3.uexp" 920
"C:/EndedWorld/Content/Blueprints/Core/Player/Actions/Grid/Action_RemoveTile.uasset" 921
"C:/EndedWorld/Content/Blueprints/Core/Player/Actions/Grid/Action_RemoveTile.uexp" 922
"C:/EndedWorld/Content/Blueprints/Core/Player/Actions/Grid/Action_AddTile.uasset" 923
"C:/EndedWorld/Content/Blueprints/Core/Player/Actions/Grid/Action_AddTile.uexp" 924
"C:/EndedWorld/Content/Blueprints/Core/Player/Actions/Grid/Action_IncreaseDecreaseTileHight.uasset" 925
"C:/EndedWorld/Content/Blueprints/Core/Player/Actions/Grid/Action_IncreaseDecreaseTileHight.uexp" 926
"C:/EndedWorld/Content/Blueprints/DebugMenu/Actions/Button_Action_IncreaseDecreaseTileHeight.uasset" 927
"C:/EndedWorld/Content/Blueprints/DebugMenu/Actions/Button_Action_IncreaseDecreaseTileHeight.uexp" 928
"C:/EndedWorld/Content/Blueprints/Core/LevelLoading/BP_LevelLoading.uasset" 929
"C:/EndedWorld/Content/Blueprints/Core/LevelLoading/BP_LevelLoading.uexp" 930
"C:/EndedWorld/Content/Blueprints/DebugMenu/Tabs/Tab_Grid.uasset" 931
"C:/EndedWorld/Content/Blueprints/DebugMenu/Tabs/Tab_Grid.uexp" 932
"C:/EndedWorld/Content/Blueprints/Core/Player/Actions/Pathfinding/Action_ShowTileNeighbors.uasset" 933
"C:/EndedWorld/Content/Blueprints/Core/Player/Actions/Pathfinding/Action_ShowTileNeighbors.uexp" 934
"C:/EndedWorld/Content/Blueprints/DebugMenu/Actions/Button_Action_ShowTileNeighbors.uasset" 935
"C:/EndedWorld/Content/Blueprints/DebugMenu/Actions/Button_Action_ShowTileNeighbors.uexp" 936
"C:/EndedWorld/Content/Blueprints/Core/Player/Actions/Pathfinding/Action_SelectTile_CalculateMinCost.uasset" 937
"C:/EndedWorld/Content/Blueprints/Core/Player/Actions/Pathfinding/Action_SelectTile_CalculateMinCost.uexp" 938
"C:/EndedWorld/Content/Blueprints/DebugMenu/Actions/Button_Action_CalculateMinCost.uasset" 939
"C:/EndedWorld/Content/Blueprints/DebugMenu/Actions/Button_Action_CalculateMinCost.uexp" 940
"C:/EndedWorld/Content/Blueprints/Core/Player/Actions/Pathfinding/Action_FindPathToTarget.uasset" 941
"C:/EndedWorld/Content/Blueprints/Core/Player/Actions/Pathfinding/Action_FindPathToTarget.uexp" 942
"C:/EndedWorld/Content/Blueprints/DebugMenu/Actions/Button_Action_FindPathToTarget.uasset" 943
"C:/EndedWorld/Content/Blueprints/DebugMenu/Actions/Button_Action_FindPathToTarget.uexp" 944
"C:/EndedWorld/Content/Blueprints/DebugMenu/Other/BP_DebugTextAndColorsOnTiles.uasset" 945
"C:/EndedWorld/Content/Blueprints/DebugMenu/Other/BP_DebugTextAndColorsOnTiles.uexp" 946
"C:/EndedWorld/Content/Blueprints/DebugMenu/Tabs/Tab_Pathfinding.uasset" 947
"C:/EndedWorld/Content/Blueprints/DebugMenu/Tabs/Tab_Pathfinding.uexp" 948
"C:/EndedWorld/Content/Blueprints/DebugMenu/Widgets/Button_ConsoleComand.uasset" 949
"C:/EndedWorld/Content/Blueprints/DebugMenu/Widgets/Button_ConsoleComand.uexp" 950
"C:/EndedWorld/Content/Blueprints/DebugMenu/Tabs/Tab_ConsoleCommands.uasset" 951
"C:/EndedWorld/Content/Blueprints/DebugMenu/Tabs/Tab_ConsoleCommands.uexp" 952
"C:/EndedWorld/Content/Blueprints/DebugMenu/W_DebugMenu.uasset" 953
"C:/EndedWorld/Content/Blueprints/DebugMenu/W_DebugMenu.uexp" 954
"C:/EndedWorld/Content/Blueprints/DebugMenu/BP_DebugMenu.uasset" 955
"C:/EndedWorld/Content/Blueprints/DebugMenu/BP_DebugMenu.uexp" 956
"C:/EndedWorld/Content/Levels/TestMap.uexp" 957
"C:/EndedWorld/Content/Levels/TestMap.umap" 958
"../../../Engine/Content/Maps/Entry_BuiltData.uasset" 959
"../../../Engine/Content/Maps/Entry_BuiltData.uexp" 960
"../../../Engine/Content/Maps/Entry.uexp" 961
"../../../Engine/Content/Maps/Entry.umap" 962
"C:/EndedWorld/Content/Art/Textures/Grids/TX_Triangle_Checker.ubulk" 963
"C:/EndedWorld/Content/Art/Textures/Grids/TX_Triangle_Checker.uasset" 964
"C:/EndedWorld/Content/Art/Textures/Grids/TX_Triangle_Checker.uexp" 965
"C:/EndedWorld/Content/Art/Materials/ColorsWithTextures/MI_Triangle_Checker_02.uasset" 966
"C:/EndedWorld/Content/Art/Materials/ColorsWithTextures/MI_Triangle_Checker_02.uexp" 967
"C:/EndedWorld/Content/Art/Meshes/Envarioments/SM_Triangle_Platform_01.ubulk" 968
"C:/EndedWorld/Content/Art/Meshes/Envarioments/SM_Triangle_Platform_01.uasset" 969
"C:/EndedWorld/Content/Art/Meshes/Envarioments/SM_Triangle_Platform_01.uexp" 970
"C:/EndedWorld/Content/Art/Materials/ColorsWithTextures/MI_Triangle_Checker_01.uasset" 971
"C:/EndedWorld/Content/Art/Materials/ColorsWithTextures/MI_Triangle_Checker_01.uexp" 972
"C:/EndedWorld/Content/Art/Materials/M_Color.uasset" 973
"C:/EndedWorld/Content/Art/Materials/M_Color.uexp" 974
"C:/EndedWorld/Content/Art/Materials/Colors/MI_Orange_01.uasset" 975
"C:/EndedWorld/Content/Art/Materials/Colors/MI_Orange_01.uexp" 976
"C:/EndedWorld/Content/Levels/Sublevels/L_Triangle.uexp" 977
"C:/EndedWorld/Content/Levels/Sublevels/L_Triangle.umap" 978
"C:/EndedWorld/Content/Art/Materials/Colors/MI_Blue_02.uasset" 979
"C:/EndedWorld/Content/Art/Materials/Colors/MI_Blue_02.uexp" 980
"C:/EndedWorld/Content/Art/Meshes/Envarioments/SM_Cube_Platform_01.ubulk" 981
"C:/EndedWorld/Content/Art/Meshes/Envarioments/SM_Cube_Platform_01.uasset" 982
"C:/EndedWorld/Content/Art/Meshes/Envarioments/SM_Cube_Platform_01.uexp" 983
"C:/EndedWorld/Content/Art/Textures/Grids/TX_Square_Checker.ubulk" 984
"C:/EndedWorld/Content/Art/Textures/Grids/TX_Square_Checker.uasset" 985
"C:/EndedWorld/Content/Art/Textures/Grids/TX_Square_Checker.uexp" 986
"C:/EndedWorld/Content/Art/Materials/ColorsWithTextures/MI_Square_Checker_01.uasset" 987
"C:/EndedWorld/Content/Art/Materials/ColorsWithTextures/MI_Square_Checker_01.uexp" 988
"C:/EndedWorld/Content/Art/Materials/ColorsWithTextures/MI_Square_Checker_02.uasset" 989
"C:/EndedWorld/Content/Art/Materials/ColorsWithTextures/MI_Square_Checker_02.uexp" 990
"C:/EndedWorld/Content/Levels/Sublevels/L_Square.uexp" 991
"C:/EndedWorld/Content/Levels/Sublevels/L_Square.umap" 992
"../../../Engine/Content/EngineSky/T_Sky_Stars.ubulk" 993
"../../../Engine/Content/EngineSky/T_Sky_Stars.uasset" 994
"../../../Engine/Content/EngineSky/T_Sky_Stars.uexp" 995
"../../../Engine/Content/EngineSky/T_Sky_Clouds_M.ubulk" 996
"../../../Engine/Content/EngineSky/T_Sky_Clouds_M.uasset" 997
"../../../Engine/Content/EngineSky/T_Sky_Clouds_M.uexp" 998
"../../../Engine/Content/EngineSky/T_Sky_Blue.ubulk" 999
"../../../Engine/Content/EngineSky/T_Sky_Blue.uasset" 1000
"../../../Engine/Content/EngineSky/T_Sky_Blue.uexp" 1001
"../../../Engine/Content/EngineSky/M_Sky_Panning_Clouds2.uasset" 1002
"../../../Engine/Content/EngineSky/M_Sky_Panning_Clouds2.uexp" 1003
"../../../Engine/Content/EngineSky/SM_SkySphere.ubulk" 1004
"../../../Engine/Content/EngineSky/SM_SkySphere.uasset" 1005
"../../../Engine/Content/EngineSky/SM_SkySphere.uexp" 1006
"../../../Engine/Content/EngineSky/M_SimpleSkyDome.uasset" 1007
"../../../Engine/Content/EngineSky/M_SimpleSkyDome.uexp" 1008
"C:/EndedWorld/Content/Levels/Sublevels/L_Lightning.uexp" 1009
"C:/EndedWorld/Content/Levels/Sublevels/L_Lightning.umap" 1010
"C:/EndedWorld/Content/Art/Units/Ranger/SK_Ranger_PhysicsAsset.uasset" 1011
"C:/EndedWorld/Content/Art/Units/Ranger/SK_Ranger_PhysicsAsset.uexp" 1012
"C:/EndedWorld/Content/Art/Units/Ranger/SK_Ranger_Skeleton.uasset" 1013
"C:/EndedWorld/Content/Art/Units/Ranger/SK_Ranger_Skeleton.uexp" 1014
"C:/EndedWorld/Content/Art/Materials/Colors/MI_Brown_01.uasset" 1015
"C:/EndedWorld/Content/Art/Materials/Colors/MI_Brown_01.uexp" 1016
"C:/EndedWorld/Content/StarterContent/Textures/T_Metal_Steel_D.ubulk" 1017
"C:/EndedWorld/Content/StarterContent/Textures/T_Metal_Steel_D.uasset" 1018
"C:/EndedWorld/Content/StarterContent/Textures/T_Metal_Steel_D.uexp" 1019
"C:/EndedWorld/Content/StarterContent/Textures/T_MacroVariation.uasset" 1020
"C:/EndedWorld/Content/StarterContent/Textures/T_MacroVariation.uexp" 1021
"C:/EndedWorld/Content/StarterContent/Textures/T_Metal_Steel_N.ubulk" 1022
"C:/EndedWorld/Content/StarterContent/Textures/T_Metal_Steel_N.uasset" 1023
"C:/EndedWorld/Content/StarterContent/Textures/T_Metal_Steel_N.uexp" 1024
"C:/EndedWorld/Content/StarterContent/Materials/M_Metal_Steel.uasset" 1025
"C:/EndedWorld/Content/StarterContent/Materials/M_Metal_Steel.uexp" 1026
"C:/EndedWorld/Content/Art/Materials/Colors/MI_White_01.uasset" 1027
"C:/EndedWorld/Content/Art/Materials/Colors/MI_White_01.uexp" 1028
"C:/EndedWorld/Content/Art/Materials/Colors/MI_Blue_01.uasset" 1029
"C:/EndedWorld/Content/Art/Materials/Colors/MI_Blue_01.uexp" 1030
"C:/EndedWorld/Content/Art/Units/Ranger/SK_Ranger.uasset" 1031
"C:/EndedWorld/Content/Art/Units/Ranger/SK_Ranger.uexp" 1032
"C:/EndedWorld/Content/Art/Materials/ColorsWithTextures/MI_Hexagon_Checker_02_Bridge.uasset" 1033
"C:/EndedWorld/Content/Art/Materials/ColorsWithTextures/MI_Hexagon_Checker_02_Bridge.uexp" 1034
"C:/EndedWorld/Content/Art/Materials/ColorsWithTextures/MI_Hexagon_Checker_01.uasset" 1035
"C:/EndedWorld/Content/Art/Materials/ColorsWithTextures/MI_Hexagon_Checker_01.uexp" 1036
"C:/EndedWorld/Content/Art/Units/E_UnitAnimationState.uasset" 1037
"C:/EndedWorld/Content/Art/Units/E_UnitAnimationState.uexp" 1038
"C:/EndedWorld/Content/Art/Units/BPI_UnitAnimation.uasset" 1039
"C:/EndedWorld/Content/Art/Units/BPI_UnitAnimation.uexp" 1040
"../../../Engine/Content/Animation/DefaultAnimCurveCompressionSettings.uasset" 1041
"../../../Engine/Content/Animation/DefaultAnimCurveCompressionSettings.uexp" 1042
"../../../Engine/Content/Animation/DefaultAnimBoneCompressionSettings.uasset" 1043
"../../../Engine/Content/Animation/DefaultAnimBoneCompressionSettings.uexp" 1044
"C:/EndedWorld/Content/Art/Units/Ranger/AN_Ranger_Attack.uasset" 1045
"C:/EndedWorld/Content/Art/Units/Ranger/AN_Ranger_Attack.uexp" 1046
"C:/EndedWorld/Content/Art/Units/Ranger/AN_Ranger_Hit.uasset" 1047
"C:/EndedWorld/Content/Art/Units/Ranger/AN_Ranger_Hit.uexp" 1048
"C:/EndedWorld/Content/Art/Units/Ranger/AN_Ranger_Idle.uasset" 1049
"C:/EndedWorld/Content/Art/Units/Ranger/AN_Ranger_Idle.uexp" 1050
"C:/EndedWorld/Content/Art/Units/Ranger/AN_Ranger_Death.uasset" 1051
"C:/EndedWorld/Content/Art/Units/Ranger/AN_Ranger_Death.uexp" 1052
"C:/EndedWorld/Content/Art/Units/Ranger/AN_Ranger_Walk.uasset" 1053
"C:/EndedWorld/Content/Art/Units/Ranger/AN_Ranger_Walk.uexp" 1054
"C:/EndedWorld/Content/Art/Units/Ranger/ABP_Ranger.uasset" 1055
"C:/EndedWorld/Content/Art/Units/Ranger/ABP_Ranger.uexp" 1056
"C:/EndedWorld/Content/Art/Materials/ColorsWithTextures/MI_Hexagon_Checker_02_River.uasset" 1057
"C:/EndedWorld/Content/Art/Materials/ColorsWithTextures/MI_Hexagon_Checker_02_River.uexp" 1058
"C:/EndedWorld/Content/Art/Units/Warrior/SK_Warrior_PhysicsAsset.uasset" 1059
"C:/EndedWorld/Content/Art/Units/Warrior/SK_Warrior_PhysicsAsset.uexp" 1060
"C:/EndedWorld/Content/Art/Units/Warrior/SK_Warrior_Skeleton.uasset" 1061
"C:/EndedWorld/Content/Art/Units/Warrior/SK_Warrior_Skeleton.uexp" 1062
"C:/EndedWorld/Content/StarterContent/Textures/T_Metal_Gold_N.ubulk" 1063
"C:/EndedWorld/Content/StarterContent/Textures/T_Metal_Gold_N.uasset" 1064
"C:/EndedWorld/Content/StarterContent/Textures/T_Metal_Gold_N.uexp" 1065
"C:/EndedWorld/Content/StarterContent/Textures/T_Metal_Copper_D.ubulk" 1066
"C:/EndedWorld/Content/StarterContent/Textures/T_Metal_Copper_D.uasset" 1067
"C:/EndedWorld/Content/StarterContent/Textures/T_Metal_Copper_D.uexp" 1068
"C:/EndedWorld/Content/StarterContent/Materials/M_Metal_Copper.uasset" 1069
"C:/EndedWorld/Content/StarterContent/Materials/M_Metal_Copper.uexp" 1070
"C:/EndedWorld/Content/StarterContent/Textures/T_Wood_Oak_N.ubulk" 1071
"C:/EndedWorld/Content/StarterContent/Textures/T_Wood_Oak_N.uasset" 1072
"C:/EndedWorld/Content/StarterContent/Textures/T_Wood_Oak_N.uexp" 1073
"C:/EndedWorld/Content/StarterContent/Textures/T_Wood_Oak_D.ubulk" 1074
"C:/EndedWorld/Content/StarterContent/Textures/T_Wood_Oak_D.uasset" 1075
"C:/EndedWorld/Content/StarterContent/Textures/T_Wood_Oak_D.uexp" 1076
"C:/EndedWorld/Content/StarterContent/Materials/M_Wood_Oak.uasset" 1077
"C:/EndedWorld/Content/StarterContent/Materials/M_Wood_Oak.uexp" 1078
"C:/EndedWorld/Content/StarterContent/Materials/M_Metal_Chrome.uasset" 1079
"C:/EndedWorld/Content/StarterContent/Materials/M_Metal_Chrome.uexp" 1080
"C:/EndedWorld/Content/Art/Units/Warrior/SK_Warrior.uasset" 1081
"C:/EndedWorld/Content/Art/Units/Warrior/SK_Warrior.uexp" 1082
"C:/EndedWorld/Content/Art/Units/E_UnitType.uasset" 1083
"C:/EndedWorld/Content/Art/Units/E_UnitType.uexp" 1084
"C:/EndedWorld/Content/Art/Units/Warrior/AN_Warrior_Attack.uasset" 1085
"C:/EndedWorld/Content/Art/Units/Warrior/AN_Warrior_Attack.uexp" 1086
"C:/EndedWorld/Content/Art/Units/Warrior/AN_Warrior_Idle.uasset" 1087
"C:/EndedWorld/Content/Art/Units/Warrior/AN_Warrior_Idle.uexp" 1088
"C:/EndedWorld/Content/Art/Units/Warrior/AN_Warrior_Walk.uasset" 1089
"C:/EndedWorld/Content/Art/Units/Warrior/AN_Warrior_Walk.uexp" 1090
"C:/EndedWorld/Content/Art/Units/Warrior/AN_Warrior_Death.uasset" 1091
"C:/EndedWorld/Content/Art/Units/Warrior/AN_Warrior_Death.uexp" 1092
"C:/EndedWorld/Content/Art/Units/Warrior/AN_Warrior_Hit.uasset" 1093
"C:/EndedWorld/Content/Art/Units/Warrior/AN_Warrior_Hit.uexp" 1094
"C:/EndedWorld/Content/Art/Units/Warrior/ABP_Warrior.uasset" 1095
"C:/EndedWorld/Content/Art/Units/Warrior/ABP_Warrior.uexp" 1096
"C:/EndedWorld/Content/Art/Units/Slime/SK_Slime_Skeleton.uasset" 1097
"C:/EndedWorld/Content/Art/Units/Slime/SK_Slime_Skeleton.uexp" 1098
"C:/EndedWorld/Content/Art/Units/Slime/AN_Slime_Idle.uasset" 1099
"C:/EndedWorld/Content/Art/Units/Slime/AN_Slime_Idle.uexp" 1100
"C:/EndedWorld/Content/Art/Units/Slime/AN_Slime_Attack.uasset" 1101
"C:/EndedWorld/Content/Art/Units/Slime/AN_Slime_Attack.uexp" 1102
"C:/EndedWorld/Content/Art/Units/Slime/AN_Slime_Death.uasset" 1103
"C:/EndedWorld/Content/Art/Units/Slime/AN_Slime_Death.uexp" 1104
"C:/EndedWorld/Content/Art/Units/Slime/AN_Slime_Hit.uasset" 1105
"C:/EndedWorld/Content/Art/Units/Slime/AN_Slime_Hit.uexp" 1106
"C:/EndedWorld/Content/Art/Units/Slime/AN_Slime_Walk.uasset" 1107
"C:/EndedWorld/Content/Art/Units/Slime/AN_Slime_Walk.uexp" 1108
"C:/EndedWorld/Content/Art/Units/Slime/ABP_Slime.uasset" 1109
"C:/EndedWorld/Content/Art/Units/Slime/ABP_Slime.uexp" 1110
"C:/EndedWorld/Content/Art/Materials/Colors/MI_Green_02.uasset" 1111
"C:/EndedWorld/Content/Art/Materials/Colors/MI_Green_02.uexp" 1112
"C:/EndedWorld/Content/Art/Materials/Colors/MI_Green_03.uasset" 1113
"C:/EndedWorld/Content/Art/Materials/Colors/MI_Green_03.uexp" 1114
"C:/EndedWorld/Content/Art/Units/Slime/SK_Slime_PhysicsAsset.uasset" 1115
"C:/EndedWorld/Content/Art/Units/Slime/SK_Slime_PhysicsAsset.uexp" 1116
"C:/EndedWorld/Content/Art/Materials/Colors/MI_Green_01.uasset" 1117
"C:/EndedWorld/Content/Art/Materials/Colors/MI_Green_01.uexp" 1118
"C:/EndedWorld/Content/Art/Materials/Colors/MI_Green_04.uasset" 1119
"C:/EndedWorld/Content/Art/Materials/Colors/MI_Green_04.uexp" 1120
"C:/EndedWorld/Content/Art/Units/Slime/SK_Slime.uasset" 1121
"C:/EndedWorld/Content/Art/Units/Slime/SK_Slime.uexp" 1122
"C:/EndedWorld/Content/Blueprints/Core/Units/BP_Unit.uasset" 1123
"C:/EndedWorld/Content/Blueprints/Core/Units/BP_Unit.uexp" 1124
"C:/EndedWorld/Content/Art/Meshes/Envarioments/SM_Hexagon_Platform_03.ubulk" 1125
"C:/EndedWorld/Content/Art/Meshes/Envarioments/SM_Hexagon_Platform_03.uasset" 1126
"C:/EndedWorld/Content/Art/Meshes/Envarioments/SM_Hexagon_Platform_03.uexp" 1127
"C:/EndedWorld/Content/Levels/Sublevels/L_Level_River.uexp" 1128
"C:/EndedWorld/Content/Levels/Sublevels/L_Level_River.umap" 1129
"C:/EndedWorld/Content/Art/Materials/Colors/MI_Red_01.uasset" 1130
"C:/EndedWorld/Content/Art/Materials/Colors/MI_Red_01.uexp" 1131
"C:/EndedWorld/Content/StarterContent/Textures/T_Statue_M.ubulk" 1132
"C:/EndedWorld/Content/StarterContent/Textures/T_Statue_M.uasset" 1133
"C:/EndedWorld/Content/StarterContent/Textures/T_Statue_M.uexp" 1134
"C:/EndedWorld/Content/StarterContent/Textures/T_Statue_N.ubulk" 1135
"C:/EndedWorld/Content/StarterContent/Textures/T_Statue_N.uasset" 1136
"C:/EndedWorld/Content/StarterContent/Textures/T_Statue_N.uexp" 1137
"C:/EndedWorld/Content/StarterContent/Props/Materials/M_Statue.uasset" 1138
"C:/EndedWorld/Content/StarterContent/Props/Materials/M_Statue.uexp" 1139
"C:/EndedWorld/Content/StarterContent/Props/Materials/M_StatueGlass.uasset" 1140
"C:/EndedWorld/Content/StarterContent/Props/Materials/M_StatueGlass.uexp" 1141
"C:/EndedWorld/Content/StarterContent/Props/SM_Statue.ubulk" 1142
"C:/EndedWorld/Content/StarterContent/Props/SM_Statue.uasset" 1143
"C:/EndedWorld/Content/StarterContent/Props/SM_Statue.uexp" 1144
"C:/EndedWorld/Content/StarterContent/Textures/T_Bush_N.ubulk" 1145
"C:/EndedWorld/Content/StarterContent/Textures/T_Bush_N.uasset" 1146
"C:/EndedWorld/Content/StarterContent/Textures/T_Bush_N.uexp" 1147
"C:/EndedWorld/Content/StarterContent/Textures/T_Bush_D.ubulk" 1148
"C:/EndedWorld/Content/StarterContent/Textures/T_Bush_D.uasset" 1149
"C:/EndedWorld/Content/StarterContent/Textures/T_Bush_D.uexp" 1150
"C:/EndedWorld/Content/StarterContent/Props/Materials/M_Bush.uasset" 1151
"C:/EndedWorld/Content/StarterContent/Props/Materials/M_Bush.uexp" 1152
"C:/EndedWorld/Content/StarterContent/Props/SM_Bush.ubulk" 1153
"C:/EndedWorld/Content/StarterContent/Props/SM_Bush.uasset" 1154
"C:/EndedWorld/Content/StarterContent/Props/SM_Bush.uexp" 1155
"C:/EndedWorld/Content/StarterContent/Textures/T_Frame_M.ubulk" 1156
"C:/EndedWorld/Content/StarterContent/Textures/T_Frame_M.uasset" 1157
"C:/EndedWorld/Content/StarterContent/Textures/T_Frame_M.uexp" 1158
"C:/EndedWorld/Content/StarterContent/Textures/T_Frame_N.ubulk" 1159
"C:/EndedWorld/Content/StarterContent/Textures/T_Frame_N.uasset" 1160
"C:/EndedWorld/Content/StarterContent/Textures/T_Frame_N.uexp" 1161
"C:/EndedWorld/Content/StarterContent/Props/Materials/M_Frame.uasset" 1162
"C:/EndedWorld/Content/StarterContent/Props/Materials/M_Frame.uexp" 1163
"C:/EndedWorld/Content/StarterContent/Props/SM_CornerFrame.ubulk" 1164
"C:/EndedWorld/Content/StarterContent/Props/SM_CornerFrame.uasset" 1165
"C:/EndedWorld/Content/StarterContent/Props/SM_CornerFrame.uexp" 1166
"C:/EndedWorld/Content/Art/Meshes/Envarioments/SM_Hexagon_Chamfer.ubulk" 1167
"C:/EndedWorld/Content/Art/Meshes/Envarioments/SM_Hexagon_Chamfer.uasset" 1168
"C:/EndedWorld/Content/Art/Meshes/Envarioments/SM_Hexagon_Chamfer.uexp" 1169
"C:/EndedWorld/Content/StarterContent/Textures/T_Chair_N.ubulk" 1170
"C:/EndedWorld/Content/StarterContent/Textures/T_Chair_N.uasset" 1171
"C:/EndedWorld/Content/StarterContent/Textures/T_Chair_N.uexp" 1172
"C:/EndedWorld/Content/StarterContent/Textures/T_Chair_M.ubulk" 1173
"C:/EndedWorld/Content/StarterContent/Textures/T_Chair_M.uasset" 1174
"C:/EndedWorld/Content/StarterContent/Textures/T_Chair_M.uexp" 1175
"C:/EndedWorld/Content/StarterContent/Props/Materials/M_Chair.uasset" 1176
"C:/EndedWorld/Content/StarterContent/Props/Materials/M_Chair.uexp" 1177
"C:/EndedWorld/Content/StarterContent/Props/SM_Couch.ubulk" 1178
"C:/EndedWorld/Content/StarterContent/Props/SM_Couch.uasset" 1179
"C:/EndedWorld/Content/StarterContent/Props/SM_Couch.uexp" 1180
"C:/EndedWorld/Content/Levels/Sublevels/L_Hexagone.uexp" 1181
"C:/EndedWorld/Content/Levels/Sublevels/L_Hexagone.umap" 1182
"C:/EndedWorld/Content/StarterContent/Architecture/Pillar_50x500.ubulk" 1183
"C:/EndedWorld/Content/StarterContent/Architecture/Pillar_50x500.uasset" 1184
"C:/EndedWorld/Content/StarterContent/Architecture/Pillar_50x500.uexp" 1185
"C:/EndedWorld/Content/Levels/Sublevels/dam2452-Test.uexp" 1186
"C:/EndedWorld/Content/Levels/Sublevels/dam2452-Test.umap" 1187
"C:/EndedWorld/Content/Levels/AutoSavesHUH/5.uexp" 1188
"C:/EndedWorld/Content/Levels/AutoSavesHUH/5.umap" 1189
"C:/EndedWorld/Content/Levels/AutoSavesHUH/4.uexp" 1190
"C:/EndedWorld/Content/Levels/AutoSavesHUH/4.umap" 1191
"C:/EndedWorld/Content/Levels/AutoSavesHUH/3.uexp" 1192
"C:/EndedWorld/Content/Levels/AutoSavesHUH/3.umap" 1193
"C:/EndedWorld/Content/Levels/AutoSavesHUH/2.uexp" 1194
"C:/EndedWorld/Content/Levels/AutoSavesHUH/2.umap" 1195
"C:/EndedWorld/Content/Levels/AutoSavesHUH/1.uexp" 1196
"C:/EndedWorld/Content/Levels/AutoSavesHUH/1.umap" 1197
"C:/EndedWorld/Content/StarterContent/Props/SM_DoorFrame.ubulk" 1198
"C:/EndedWorld/Content/StarterContent/Props/SM_DoorFrame.uasset" 1199
"C:/EndedWorld/Content/StarterContent/Props/SM_DoorFrame.uexp" 1200
"C:/EndedWorld/Content/StarterContent/Materials/M_Metal_Brushed_Nickel.uasset" 1201
"C:/EndedWorld/Content/StarterContent/Materials/M_Metal_Brushed_Nickel.uexp" 1202
"C:/EndedWorld/Content/StarterContent/Textures/T_Lamp_N.ubulk" 1203
"C:/EndedWorld/Content/StarterContent/Textures/T_Lamp_N.uasset" 1204
"C:/EndedWorld/Content/StarterContent/Textures/T_Lamp_N.uexp" 1205
"C:/EndedWorld/Content/StarterContent/Textures/T_Lamp_M.ubulk" 1206
"C:/EndedWorld/Content/StarterContent/Textures/T_Lamp_M.uasset" 1207
"C:/EndedWorld/Content/StarterContent/Textures/T_Lamp_M.uexp" 1208
"C:/EndedWorld/Content/StarterContent/Props/Materials/M_Lamp.uasset" 1209
"C:/EndedWorld/Content/StarterContent/Props/Materials/M_Lamp.uexp" 1210
"C:/EndedWorld/Content/StarterContent/Props/SM_Lamp_Ceiling.ubulk" 1211
"C:/EndedWorld/Content/StarterContent/Props/SM_Lamp_Ceiling.uasset" 1212
"C:/EndedWorld/Content/StarterContent/Props/SM_Lamp_Ceiling.uexp" 1213
"C:/EndedWorld/Content/StarterContent/Blueprints/Blueprint_CeilingLight.uasset" 1214
"C:/EndedWorld/Content/StarterContent/Blueprints/Blueprint_CeilingLight.uexp" 1215
"../../../Engine/Content/Functions/Engine_MaterialFunctions03/Procedurals/ComputeFilterWidth.uasset" 1216
"../../../Engine/Content/Functions/Engine_MaterialFunctions03/Procedurals/ComputeFilterWidth.uexp" 1217
"../../../Engine/Content/EngineMaterials/AntiAliasedTextMaterialTranslucent.uasset" 1218
"../../../Engine/Content/EngineMaterials/AntiAliasedTextMaterialTranslucent.uexp" 1219
"C:/EndedWorld/Content/StarterContent/Architecture/Wall_Door_400x300.ubulk" 1220
"C:/EndedWorld/Content/StarterContent/Architecture/Wall_Door_400x300.uasset" 1221
"C:/EndedWorld/Content/StarterContent/Architecture/Wall_Door_400x300.uexp" 1222
"C:/EndedWorld/Content/StarterContent/Textures/T_Wood_Pine_D.ubulk" 1223
"C:/EndedWorld/Content/StarterContent/Textures/T_Wood_Pine_D.uasset" 1224
"C:/EndedWorld/Content/StarterContent/Textures/T_Wood_Pine_D.uexp" 1225
"C:/EndedWorld/Content/StarterContent/Textures/T_Wood_Pine_N.ubulk" 1226
"C:/EndedWorld/Content/StarterContent/Textures/T_Wood_Pine_N.uasset" 1227
"C:/EndedWorld/Content/StarterContent/Textures/T_Wood_Pine_N.uexp" 1228
"C:/EndedWorld/Content/StarterContent/Textures/T_Perlin_Noise_M.ubulk" 1229
"C:/EndedWorld/Content/StarterContent/Textures/T_Perlin_Noise_M.uasset" 1230
"C:/EndedWorld/Content/StarterContent/Textures/T_Perlin_Noise_M.uexp" 1231
"C:/EndedWorld/Content/StarterContent/Materials/M_Wood_Pine.uasset" 1232
"C:/EndedWorld/Content/StarterContent/Materials/M_Wood_Pine.uexp" 1233
"C:/EndedWorld/Content/StarterContent/Textures/T_Rock_Smooth_Granite_D.ubulk" 1234
"C:/EndedWorld/Content/StarterContent/Textures/T_Rock_Smooth_Granite_D.uasset" 1235
"C:/EndedWorld/Content/StarterContent/Textures/T_Rock_Smooth_Granite_D.uexp" 1236
"C:/EndedWorld/Content/StarterContent/Textures/T_CobbleStone_Smooth_D.ubulk" 1237
"C:/EndedWorld/Content/StarterContent/Textures/T_CobbleStone_Smooth_D.uasset" 1238
"C:/EndedWorld/Content/StarterContent/Textures/T_CobbleStone_Smooth_D.uexp" 1239
"C:/EndedWorld/Content/StarterContent/Textures/T_Gradinet_01.ubulk" 1240
"C:/EndedWorld/Content/StarterContent/Textures/T_Gradinet_01.uasset" 1241
"C:/EndedWorld/Content/StarterContent/Textures/T_Gradinet_01.uexp" 1242
"C:/EndedWorld/Content/StarterContent/Textures/T_CobbleStone_Smooth_M.ubulk" 1243
"C:/EndedWorld/Content/StarterContent/Textures/T_CobbleStone_Smooth_M.uasset" 1244
"C:/EndedWorld/Content/StarterContent/Textures/T_CobbleStone_Smooth_M.uexp" 1245
"C:/EndedWorld/Content/StarterContent/Textures/T_CobbleStone_Smooth_N.ubulk" 1246
"C:/EndedWorld/Content/StarterContent/Textures/T_CobbleStone_Smooth_N.uasset" 1247
"C:/EndedWorld/Content/StarterContent/Textures/T_CobbleStone_Smooth_N.uexp" 1248
"C:/EndedWorld/Content/StarterContent/Materials/M_CobbleStone_Smooth.uasset" 1249
"C:/EndedWorld/Content/StarterContent/Materials/M_CobbleStone_Smooth.uexp" 1250
"C:/EndedWorld/Content/StarterContent/Textures/T_Rock_Basalt_N.ubulk" 1251
"C:/EndedWorld/Content/StarterContent/Textures/T_Rock_Basalt_N.uasset" 1252
"C:/EndedWorld/Content/StarterContent/Textures/T_Rock_Basalt_N.uexp" 1253
"C:/EndedWorld/Content/StarterContent/Materials/M_Rock_Basalt.uasset" 1254
"C:/EndedWorld/Content/StarterContent/Materials/M_Rock_Basalt.uexp" 1255
"C:/EndedWorld/Content/StarterContent/Shapes/Shape_Cube.ubulk" 1256
"C:/EndedWorld/Content/StarterContent/Shapes/Shape_Cube.uasset" 1257
"C:/EndedWorld/Content/StarterContent/Shapes/Shape_Cube.uexp" 1258
"C:/EndedWorld/Content/StarterContent/Textures/T_Concrete_Tiles_Variation_M.ubulk" 1259
"C:/EndedWorld/Content/StarterContent/Textures/T_Concrete_Tiles_Variation_M.uasset" 1260
"C:/EndedWorld/Content/StarterContent/Textures/T_Concrete_Tiles_Variation_M.uexp" 1261
"C:/EndedWorld/Content/StarterContent/Textures/T_Concrete_Tiles_D.ubulk" 1262
"C:/EndedWorld/Content/StarterContent/Textures/T_Concrete_Tiles_D.uasset" 1263
"C:/EndedWorld/Content/StarterContent/Textures/T_Concrete_Tiles_D.uexp" 1264
"C:/EndedWorld/Content/StarterContent/Textures/T_Concrete_Tiles_M.ubulk" 1265
"C:/EndedWorld/Content/StarterContent/Textures/T_Concrete_Tiles_M.uasset" 1266
"C:/EndedWorld/Content/StarterContent/Textures/T_Concrete_Tiles_M.uexp" 1267
"C:/EndedWorld/Content/StarterContent/Textures/T_Concrete_Tiles_N.ubulk" 1268
"C:/EndedWorld/Content/StarterContent/Textures/T_Concrete_Tiles_N.uasset" 1269
"C:/EndedWorld/Content/StarterContent/Textures/T_Concrete_Tiles_N.uexp" 1270
"C:/EndedWorld/Content/StarterContent/Materials/M_Concrete_Tiles.uasset" 1271
"C:/EndedWorld/Content/StarterContent/Materials/M_Concrete_Tiles.uexp" 1272
"C:/EndedWorld/Content/StarterContent/Props/MaterialSphere.ubulk" 1273
"C:/EndedWorld/Content/StarterContent/Props/MaterialSphere.uasset" 1274
"C:/EndedWorld/Content/StarterContent/Props/MaterialSphere.uexp" 1275
"C:/EndedWorld/Content/StarterContent/Textures/T_Metal_Rust_N.ubulk" 1276
"C:/EndedWorld/Content/StarterContent/Textures/T_Metal_Rust_N.uasset" 1277
"C:/EndedWorld/Content/StarterContent/Textures/T_Metal_Rust_N.uexp" 1278
"C:/EndedWorld/Content/StarterContent/Textures/T_Metal_Rust_D.ubulk" 1279
"C:/EndedWorld/Content/StarterContent/Textures/T_Metal_Rust_D.uasset" 1280
"C:/EndedWorld/Content/StarterContent/Textures/T_Metal_Rust_D.uexp" 1281
"C:/EndedWorld/Content/StarterContent/Materials/M_Metal_Rust.uasset" 1282
"C:/EndedWorld/Content/StarterContent/Materials/M_Metal_Rust.uexp" 1283
"C:/EndedWorld/Content/StarterContent/Textures/T_Rock_Slate_D.ubulk" 1284
"C:/EndedWorld/Content/StarterContent/Textures/T_Rock_Slate_D.uasset" 1285
"C:/EndedWorld/Content/StarterContent/Textures/T_Rock_Slate_D.uexp" 1286
"C:/EndedWorld/Content/StarterContent/Textures/T_Rock_Slate_N.ubulk" 1287
"C:/EndedWorld/Content/StarterContent/Textures/T_Rock_Slate_N.uasset" 1288
"C:/EndedWorld/Content/StarterContent/Textures/T_Rock_Slate_N.uexp" 1289
"C:/EndedWorld/Content/StarterContent/Materials/M_Rock_Slate.uasset" 1290
"C:/EndedWorld/Content/StarterContent/Materials/M_Rock_Slate.uexp" 1291
"C:/EndedWorld/Content/StarterContent/Textures/T_Concrete_Poured_D.ubulk" 1292
"C:/EndedWorld/Content/StarterContent/Textures/T_Concrete_Poured_D.uasset" 1293
"C:/EndedWorld/Content/StarterContent/Textures/T_Concrete_Poured_D.uexp" 1294
"C:/EndedWorld/Content/StarterContent/Textures/T_Concrete_Poured_N.ubulk" 1295
"C:/EndedWorld/Content/StarterContent/Textures/T_Concrete_Poured_N.uasset" 1296
"C:/EndedWorld/Content/StarterContent/Textures/T_Concrete_Poured_N.uexp" 1297
"C:/EndedWorld/Content/StarterContent/Materials/M_Concrete_Poured.uasset" 1298
"C:/EndedWorld/Content/StarterContent/Materials/M_Concrete_Poured.uexp" 1299
"C:/EndedWorld/Content/StarterContent/Textures/T_Brick_Clay_Beveled_M.ubulk" 1300
"C:/EndedWorld/Content/StarterContent/Textures/T_Brick_Clay_Beveled_M.uasset" 1301
"C:/EndedWorld/Content/StarterContent/Textures/T_Brick_Clay_Beveled_M.uexp" 1302
"C:/EndedWorld/Content/StarterContent/Textures/T_Brick_Clay_Beveled_N.ubulk" 1303
"C:/EndedWorld/Content/StarterContent/Textures/T_Brick_Clay_Beveled_N.uasset" 1304
"C:/EndedWorld/Content/StarterContent/Textures/T_Brick_Clay_Beveled_N.uexp" 1305
"C:/EndedWorld/Content/StarterContent/Textures/T_Brick_Clay_Beveled_D.ubulk" 1306
"C:/EndedWorld/Content/StarterContent/Textures/T_Brick_Clay_Beveled_D.uasset" 1307
"C:/EndedWorld/Content/StarterContent/Textures/T_Brick_Clay_Beveled_D.uexp" 1308
"C:/EndedWorld/Content/StarterContent/Materials/M_Brick_Clay_Beveled.uasset" 1309
"C:/EndedWorld/Content/StarterContent/Materials/M_Brick_Clay_Beveled.uexp" 1310
"C:/EndedWorld/Content/StarterContent/Textures/T_Tech_Hex_Tile_M.ubulk" 1311
"C:/EndedWorld/Content/StarterContent/Textures/T_Tech_Hex_Tile_M.uasset" 1312
"C:/EndedWorld/Content/StarterContent/Textures/T_Tech_Hex_Tile_M.uexp" 1313
"C:/EndedWorld/Content/StarterContent/Textures/T_Tech_Hex_Tile_N.ubulk" 1314
"C:/EndedWorld/Content/StarterContent/Textures/T_Tech_Hex_Tile_N.uasset" 1315
"C:/EndedWorld/Content/StarterContent/Textures/T_Tech_Hex_Tile_N.uexp" 1316
"C:/EndedWorld/Content/StarterContent/Materials/M_Tech_Hex_Tile.uasset" 1317
"C:/EndedWorld/Content/StarterContent/Materials/M_Tech_Hex_Tile.uexp" 1318
"../../../Engine/Content/Functions/Engine_MaterialFunctions01/Opacity/AlphaOffset.uasset" 1319
"../../../Engine/Content/Functions/Engine_MaterialFunctions01/Opacity/AlphaOffset.uexp" 1320
"C:/EndedWorld/Content/StarterContent/Textures/T_Wood_Floor_Walnut_M.ubulk" 1321
"C:/EndedWorld/Content/StarterContent/Textures/T_Wood_Floor_Walnut_M.uasset" 1322
"C:/EndedWorld/Content/StarterContent/Textures/T_Wood_Floor_Walnut_M.uexp" 1323
"C:/EndedWorld/Content/StarterContent/Textures/T_Wood_Floor_Walnut_D.ubulk" 1324
"C:/EndedWorld/Content/StarterContent/Textures/T_Wood_Floor_Walnut_D.uasset" 1325
"C:/EndedWorld/Content/StarterContent/Textures/T_Wood_Floor_Walnut_D.uexp" 1326
"C:/EndedWorld/Content/StarterContent/Textures/T_Wood_Floor_Walnut_N.ubulk" 1327
"C:/EndedWorld/Content/StarterContent/Textures/T_Wood_Floor_Walnut_N.uasset" 1328
"C:/EndedWorld/Content/StarterContent/Textures/T_Wood_Floor_Walnut_N.uexp" 1329
"C:/EndedWorld/Content/StarterContent/Materials/M_Wood_Floor_Walnut_Worn.uasset" 1330
"C:/EndedWorld/Content/StarterContent/Materials/M_Wood_Floor_Walnut_Worn.uexp" 1331
"C:/EndedWorld/Content/StarterContent/Textures/T_Ground_Gravel_N.ubulk" 1332
"C:/EndedWorld/Content/StarterContent/Textures/T_Ground_Gravel_N.uasset" 1333
"C:/EndedWorld/Content/StarterContent/Textures/T_Ground_Gravel_N.uexp" 1334
"C:/EndedWorld/Content/StarterContent/Textures/T_Ground_Gravel_D.ubulk" 1335
"C:/EndedWorld/Content/StarterContent/Textures/T_Ground_Gravel_D.uasset" 1336
"C:/EndedWorld/Content/StarterContent/Textures/T_Ground_Gravel_D.uexp" 1337
"C:/EndedWorld/Content/StarterContent/Materials/M_Ground_Gravel.uasset" 1338
"C:/EndedWorld/Content/StarterContent/Materials/M_Ground_Gravel.uexp" 1339
"C:/EndedWorld/Content/StarterContent/Audio/Steam01_Cue.uasset" 1340
"C:/EndedWorld/Content/StarterContent/Audio/Steam01_Cue.uexp" 1341
"C:/EndedWorld/Content/StarterContent/Particles/P_Steam_Lit.uasset" 1342
"C:/EndedWorld/Content/StarterContent/Particles/P_Steam_Lit.uexp" 1343
"C:/EndedWorld/Content/StarterContent/Blueprints/Blueprint_Effect_Steam.uasset" 1344
"C:/EndedWorld/Content/StarterContent/Blueprints/Blueprint_Effect_Steam.uexp" 1345
"C:/EndedWorld/Content/StarterContent/Audio/Fire_Sparks01_Cue.uasset" 1346
"C:/EndedWorld/Content/StarterContent/Audio/Fire_Sparks01_Cue.uexp" 1347
"C:/EndedWorld/Content/StarterContent/Textures/T_Spark_Core.ubulk" 1348
"C:/EndedWorld/Content/StarterContent/Textures/T_Spark_Core.uasset" 1349
"C:/EndedWorld/Content/StarterContent/Textures/T_Spark_Core.uexp" 1350
"C:/EndedWorld/Content/StarterContent/Particles/Materials/M_Spark.uasset" 1351
"C:/EndedWorld/Content/StarterContent/Particles/Materials/M_Spark.uexp" 1352
"C:/EndedWorld/Content/StarterContent/Particles/Materials/M_Radial_Gradient.uasset" 1353
"C:/EndedWorld/Content/StarterContent/Particles/Materials/M_Radial_Gradient.uexp" 1354
"C:/EndedWorld/Content/StarterContent/Particles/P_Sparks.uasset" 1355
"C:/EndedWorld/Content/StarterContent/Particles/P_Sparks.uexp" 1356
"C:/EndedWorld/Content/StarterContent/Blueprints/Blueprint_Effect_Sparks.uasset" 1357
"C:/EndedWorld/Content/StarterContent/Blueprints/Blueprint_Effect_Sparks.uexp" 1358
"C:/EndedWorld/Content/StarterContent/Textures/T_Water_N.ubulk" 1359
"C:/EndedWorld/Content/StarterContent/Textures/T_Water_N.uasset" 1360
"C:/EndedWorld/Content/StarterContent/Textures/T_Water_N.uexp" 1361
"C:/EndedWorld/Content/StarterContent/Materials/M_Water_Lake.uasset" 1362
"C:/EndedWorld/Content/StarterContent/Materials/M_Water_Lake.uexp" 1363
"C:/EndedWorld/Content/StarterContent/Architecture/Wall_400x200.ubulk" 1364
"C:/EndedWorld/Content/StarterContent/Architecture/Wall_400x200.uasset" 1365
"C:/EndedWorld/Content/StarterContent/Architecture/Wall_400x200.uexp" 1366
"C:/EndedWorld/Content/StarterContent/Textures/T_Checker_Noise_M.ubulk" 1367
"C:/EndedWorld/Content/StarterContent/Textures/T_Checker_Noise_M.uasset" 1368
"C:/EndedWorld/Content/StarterContent/Textures/T_Checker_Noise_M.uexp" 1369
"C:/EndedWorld/Content/StarterContent/Textures/T_Tech_Dot_M.ubulk" 1370
"C:/EndedWorld/Content/StarterContent/Textures/T_Tech_Dot_M.uasset" 1371
"C:/EndedWorld/Content/StarterContent/Textures/T_Tech_Dot_M.uexp" 1372
"C:/EndedWorld/Content/StarterContent/Textures/T_Tech_Dot_N.ubulk" 1373
"C:/EndedWorld/Content/StarterContent/Textures/T_Tech_Dot_N.uasset" 1374
"C:/EndedWorld/Content/StarterContent/Textures/T_Tech_Dot_N.uexp" 1375
"C:/EndedWorld/Content/StarterContent/Textures/T_Single_Tile_N.ubulk" 1376
"C:/EndedWorld/Content/StarterContent/Textures/T_Single_Tile_N.uasset" 1377
"C:/EndedWorld/Content/StarterContent/Textures/T_Single_Tile_N.uexp" 1378
"C:/EndedWorld/Content/StarterContent/Materials/M_Tech_Checker_Dot.uasset" 1379
"C:/EndedWorld/Content/StarterContent/Materials/M_Tech_Checker_Dot.uexp" 1380
"C:/EndedWorld/Content/StarterContent/Architecture/Floor_400x400.ubulk" 1381
"C:/EndedWorld/Content/StarterContent/Architecture/Floor_400x400.uasset" 1382
"C:/EndedWorld/Content/StarterContent/Architecture/Floor_400x400.uexp" 1383
"C:/EndedWorld/Content/StarterContent/Props/SM_GlassWindow.ubulk" 1384
"C:/EndedWorld/Content/StarterContent/Props/SM_GlassWindow.uasset" 1385
"C:/EndedWorld/Content/StarterContent/Props/SM_GlassWindow.uexp" 1386
"C:/EndedWorld/Content/StarterContent/Textures/T_Rock_Marble_Polished_D.ubulk" 1387
"C:/EndedWorld/Content/StarterContent/Textures/T_Rock_Marble_Polished_D.uasset" 1388
"C:/EndedWorld/Content/StarterContent/Textures/T_Rock_Marble_Polished_D.uexp" 1389
"C:/EndedWorld/Content/StarterContent/Materials/M_Rock_Marble_Polished.uasset" 1390
"C:/EndedWorld/Content/StarterContent/Materials/M_Rock_Marble_Polished.uexp" 1391
"C:/EndedWorld/Content/StarterContent/Textures/T_Concrete_Grime_D.ubulk" 1392
"C:/EndedWorld/Content/StarterContent/Textures/T_Concrete_Grime_D.uasset" 1393
"C:/EndedWorld/Content/StarterContent/Textures/T_Concrete_Grime_D.uexp" 1394
"C:/EndedWorld/Content/StarterContent/Materials/M_Concrete_Grime.uasset" 1395
"C:/EndedWorld/Content/StarterContent/Materials/M_Concrete_Grime.uexp" 1396
"C:/EndedWorld/Content/StarterContent/Textures/T_Ceramic_Tile_M.ubulk" 1397
"C:/EndedWorld/Content/StarterContent/Textures/T_Ceramic_Tile_M.uasset" 1398
"C:/EndedWorld/Content/StarterContent/Textures/T_Ceramic_Tile_M.uexp" 1399
"C:/EndedWorld/Content/StarterContent/Textures/T_Ceramic_Tile_N.ubulk" 1400
"C:/EndedWorld/Content/StarterContent/Textures/T_Ceramic_Tile_N.uasset" 1401
"C:/EndedWorld/Content/StarterContent/Textures/T_Ceramic_Tile_N.uexp" 1402
"C:/EndedWorld/Content/StarterContent/Materials/M_Ceramic_Tile_Checker.uasset" 1403
"C:/EndedWorld/Content/StarterContent/Materials/M_Ceramic_Tile_Checker.uexp" 1404
"C:/EndedWorld/Content/StarterContent/Textures/T_Rock_Sandstone_N.ubulk" 1405
"C:/EndedWorld/Content/StarterContent/Textures/T_Rock_Sandstone_N.uasset" 1406
"C:/EndedWorld/Content/StarterContent/Textures/T_Rock_Sandstone_N.uexp" 1407
"C:/EndedWorld/Content/StarterContent/Textures/T_Rock_Sandstone_D.ubulk" 1408
"C:/EndedWorld/Content/StarterContent/Textures/T_Rock_Sandstone_D.uasset" 1409
"C:/EndedWorld/Content/StarterContent/Textures/T_Rock_Sandstone_D.uexp" 1410
"C:/EndedWorld/Content/StarterContent/Materials/M_Rock_Sandstone.uasset" 1411
"C:/EndedWorld/Content/StarterContent/Materials/M_Rock_Sandstone.uexp" 1412
"C:/EndedWorld/Content/StarterContent/Textures/T_Wood_Walnut_N.ubulk" 1413
"C:/EndedWorld/Content/StarterContent/Textures/T_Wood_Walnut_N.uasset" 1414
"C:/EndedWorld/Content/StarterContent/Textures/T_Wood_Walnut_N.uexp" 1415
"C:/EndedWorld/Content/StarterContent/Textures/T_Wood_Walnut_D.ubulk" 1416
"C:/EndedWorld/Content/StarterContent/Textures/T_Wood_Walnut_D.uasset" 1417
"C:/EndedWorld/Content/StarterContent/Textures/T_Wood_Walnut_D.uexp" 1418
"C:/EndedWorld/Content/StarterContent/Materials/M_Wood_Walnut.uasset" 1419
"C:/EndedWorld/Content/StarterContent/Materials/M_Wood_Walnut.uexp" 1420
"C:/EndedWorld/Content/StarterContent/Audio/Collapse_Cue.uasset" 1421
"C:/EndedWorld/Content/StarterContent/Audio/Collapse_Cue.uexp" 1422
"C:/EndedWorld/Content/StarterContent/Textures/T_Brick_Cut_Stone_N.ubulk" 1423
"C:/EndedWorld/Content/StarterContent/Textures/T_Brick_Cut_Stone_N.uasset" 1424
"C:/EndedWorld/Content/StarterContent/Textures/T_Brick_Cut_Stone_N.uexp" 1425
"C:/EndedWorld/Content/StarterContent/Textures/T_Brick_Cut_Stone_D.ubulk" 1426
"C:/EndedWorld/Content/StarterContent/Textures/T_Brick_Cut_Stone_D.uasset" 1427
"C:/EndedWorld/Content/StarterContent/Textures/T_Brick_Cut_Stone_D.uexp" 1428
"C:/EndedWorld/Content/StarterContent/Materials/M_Brick_Cut_Stone.uasset" 1429
"C:/EndedWorld/Content/StarterContent/Materials/M_Brick_Cut_Stone.uexp" 1430
"C:/EndedWorld/Content/StarterContent/Textures/T_Dust_Particle_D.ubulk" 1431
"C:/EndedWorld/Content/StarterContent/Textures/T_Dust_Particle_D.uasset" 1432
"C:/EndedWorld/Content/StarterContent/Textures/T_Dust_Particle_D.uexp" 1433
"C:/EndedWorld/Content/StarterContent/Particles/Materials/M_Dust_Particle.uasset" 1434
"C:/EndedWorld/Content/StarterContent/Particles/Materials/M_Dust_Particle.uexp" 1435
"C:/EndedWorld/Content/StarterContent/Particles/P_Ambient_Dust.uasset" 1436
"C:/EndedWorld/Content/StarterContent/Particles/P_Ambient_Dust.uexp" 1437
"C:/EndedWorld/Content/StarterContent/Props/SM_WindowFrame.ubulk" 1438
"C:/EndedWorld/Content/StarterContent/Props/SM_WindowFrame.uasset" 1439
"C:/EndedWorld/Content/StarterContent/Props/SM_WindowFrame.uexp" 1440
"C:/EndedWorld/Content/StarterContent/Textures/T_Water_M.ubulk" 1441
"C:/EndedWorld/Content/StarterContent/Textures/T_Water_M.uasset" 1442
"C:/EndedWorld/Content/StarterContent/Textures/T_Water_M.uexp" 1443
"C:/EndedWorld/Content/StarterContent/Materials/M_Water_Ocean.uasset" 1444
"C:/EndedWorld/Content/StarterContent/Materials/M_Water_Ocean.uexp" 1445
"C:/EndedWorld/Content/StarterContent/Textures/T_CobbleStone_Pebble_N.ubulk" 1446
"C:/EndedWorld/Content/StarterContent/Textures/T_CobbleStone_Pebble_N.uasset" 1447
"C:/EndedWorld/Content/StarterContent/Textures/T_CobbleStone_Pebble_N.uexp" 1448
"C:/EndedWorld/Content/StarterContent/Textures/T_CobbleStone_Pebble_M.ubulk" 1449
"C:/EndedWorld/Content/StarterContent/Textures/T_CobbleStone_Pebble_M.uasset" 1450
"C:/EndedWorld/Content/StarterContent/Textures/T_CobbleStone_Pebble_M.uexp" 1451
"C:/EndedWorld/Content/StarterContent/Textures/T_CobbleStone_Pebble_D.ubulk" 1452
"C:/EndedWorld/Content/StarterContent/Textures/T_CobbleStone_Pebble_D.uasset" 1453
"C:/EndedWorld/Content/StarterContent/Textures/T_CobbleStone_Pebble_D.uexp" 1454
"C:/EndedWorld/Content/StarterContent/Materials/M_CobbleStone_Pebble.uasset" 1455
"C:/EndedWorld/Content/StarterContent/Materials/M_CobbleStone_Pebble.uexp" 1456
"C:/EndedWorld/Content/StarterContent/Textures/T_Brick_Clay_Old_N.ubulk" 1457
"C:/EndedWorld/Content/StarterContent/Textures/T_Brick_Clay_Old_N.uasset" 1458
"C:/EndedWorld/Content/StarterContent/Textures/T_Brick_Clay_Old_N.uexp" 1459
"C:/EndedWorld/Content/StarterContent/Textures/T_Brick_Clay_Old_D.ubulk" 1460
"C:/EndedWorld/Content/StarterContent/Textures/T_Brick_Clay_Old_D.uasset" 1461
"C:/EndedWorld/Content/StarterContent/Textures/T_Brick_Clay_Old_D.uexp" 1462
"C:/EndedWorld/Content/StarterContent/Materials/M_Brick_Clay_Old.uasset" 1463
"C:/EndedWorld/Content/StarterContent/Materials/M_Brick_Clay_Old.uexp" 1464
"C:/EndedWorld/Content/StarterContent/Materials/M_Wood_Floor_Walnut_Polished.uasset" 1465
"C:/EndedWorld/Content/StarterContent/Materials/M_Wood_Floor_Walnut_Polished.uexp" 1466
"C:/EndedWorld/Content/StarterContent/Props/SM_Lamp_Wall.ubulk" 1467
"C:/EndedWorld/Content/StarterContent/Props/SM_Lamp_Wall.uasset" 1468
"C:/EndedWorld/Content/StarterContent/Props/SM_Lamp_Wall.uexp" 1469
"C:/EndedWorld/Content/StarterContent/Blueprints/Blueprint_WallSconce.uasset" 1470
"C:/EndedWorld/Content/StarterContent/Blueprints/Blueprint_WallSconce.uexp" 1471
"C:/EndedWorld/Content/StarterContent/Textures/T_Tech_Panel_N.ubulk" 1472
"C:/EndedWorld/Content/StarterContent/Textures/T_Tech_Panel_N.uasset" 1473
"C:/EndedWorld/Content/StarterContent/Textures/T_Tech_Panel_N.uexp" 1474
"C:/EndedWorld/Content/StarterContent/Textures/T_Tech_Panel_M.ubulk" 1475
"C:/EndedWorld/Content/StarterContent/Textures/T_Tech_Panel_M.uasset" 1476
"C:/EndedWorld/Content/StarterContent/Textures/T_Tech_Panel_M.uexp" 1477
"C:/EndedWorld/Content/StarterContent/Materials/M_Tech_Panel.uasset" 1478
"C:/EndedWorld/Content/StarterContent/Materials/M_Tech_Panel.uexp" 1479
"C:/EndedWorld/Content/StarterContent/Materials/M_Tech_Hex_Tile_Pulse.uasset" 1480
"C:/EndedWorld/Content/StarterContent/Materials/M_Tech_Hex_Tile_Pulse.uexp" 1481
"C:/EndedWorld/Content/StarterContent/Props/SM_PillarFrame.ubulk" 1482
"C:/EndedWorld/Content/StarterContent/Props/SM_PillarFrame.uasset" 1483
"C:/EndedWorld/Content/StarterContent/Props/SM_PillarFrame.uexp" 1484
"C:/EndedWorld/Content/StarterContent/Textures/T_TableRound_N.ubulk" 1485
"C:/EndedWorld/Content/StarterContent/Textures/T_TableRound_N.uasset" 1486
"C:/EndedWorld/Content/StarterContent/Textures/T_TableRound_N.uexp" 1487
"C:/EndedWorld/Content/StarterContent/Textures/T_TableRound_M.ubulk" 1488
"C:/EndedWorld/Content/StarterContent/Textures/T_TableRound_M.uasset" 1489
"C:/EndedWorld/Content/StarterContent/Textures/T_TableRound_M.uexp" 1490
"C:/EndedWorld/Content/StarterContent/Props/Materials/M_TableRound.uasset" 1491
"C:/EndedWorld/Content/StarterContent/Props/Materials/M_TableRound.uexp" 1492
"C:/EndedWorld/Content/StarterContent/Props/SM_TableRound.ubulk" 1493
"C:/EndedWorld/Content/StarterContent/Props/SM_TableRound.uasset" 1494
"C:/EndedWorld/Content/StarterContent/Props/SM_TableRound.uexp" 1495
"C:/EndedWorld/Content/StarterContent/Textures/T_Fire_Tiled_D.ubulk" 1496
"C:/EndedWorld/Content/StarterContent/Textures/T_Fire_Tiled_D.uasset" 1497
"C:/EndedWorld/Content/StarterContent/Textures/T_Fire_Tiled_D.uexp" 1498
"C:/EndedWorld/Content/StarterContent/Textures/T_Fire_SubUV.ubulk" 1499
"C:/EndedWorld/Content/StarterContent/Textures/T_Fire_SubUV.uasset" 1500
"C:/EndedWorld/Content/StarterContent/Textures/T_Fire_SubUV.uexp" 1501
"C:/EndedWorld/Content/StarterContent/Particles/Materials/M_Fire_SubUV.uasset" 1502
"C:/EndedWorld/Content/StarterContent/Particles/Materials/M_Fire_SubUV.uexp" 1503
"C:/EndedWorld/Content/StarterContent/Particles/Materials/M_Heat_Distortion.uasset" 1504
"C:/EndedWorld/Content/StarterContent/Particles/Materials/M_Heat_Distortion.uexp" 1505
"C:/EndedWorld/Content/StarterContent/Particles/P_Fire.uasset" 1506
"C:/EndedWorld/Content/StarterContent/Particles/P_Fire.uexp" 1507
"C:/EndedWorld/Content/StarterContent/Audio/Fire01_Cue.uasset" 1508
"C:/EndedWorld/Content/StarterContent/Audio/Fire01_Cue.uexp" 1509
"C:/EndedWorld/Content/StarterContent/Blueprints/Blueprint_Effect_Fire.uasset" 1510
"C:/EndedWorld/Content/StarterContent/Blueprints/Blueprint_Effect_Fire.uexp" 1511
"C:/EndedWorld/Content/StarterContent/Architecture/Wall_Window_400x300.ubulk" 1512
"C:/EndedWorld/Content/StarterContent/Architecture/Wall_Window_400x300.uasset" 1513
"C:/EndedWorld/Content/StarterContent/Architecture/Wall_Window_400x300.uexp" 1514
"C:/EndedWorld/Content/StarterContent/Textures/T_Brick_Hewn_Stone_N.ubulk" 1515
"C:/EndedWorld/Content/StarterContent/Textures/T_Brick_Hewn_Stone_N.uasset" 1516
"C:/EndedWorld/Content/StarterContent/Textures/T_Brick_Hewn_Stone_N.uexp" 1517
"C:/EndedWorld/Content/StarterContent/Textures/T_Brick_Hewn_Stone_D.ubulk" 1518
"C:/EndedWorld/Content/StarterContent/Textures/T_Brick_Hewn_Stone_D.uasset" 1519
"C:/EndedWorld/Content/StarterContent/Textures/T_Brick_Hewn_Stone_D.uexp" 1520
"C:/EndedWorld/Content/StarterContent/Textures/T_Brick_Hewn_Stone_M.ubulk" 1521
"C:/EndedWorld/Content/StarterContent/Textures/T_Brick_Hewn_Stone_M.uasset" 1522
"C:/EndedWorld/Content/StarterContent/Textures/T_Brick_Hewn_Stone_M.uexp" 1523
"C:/EndedWorld/Content/StarterContent/Materials/M_Brick_Hewn_Stone.uasset" 1524
"C:/EndedWorld/Content/StarterContent/Materials/M_Brick_Hewn_Stone.uexp" 1525
"C:/EndedWorld/Content/StarterContent/Audio/Smoke01_Cue.uasset" 1526
"C:/EndedWorld/Content/StarterContent/Audio/Smoke01_Cue.uexp" 1527
"C:/EndedWorld/Content/StarterContent/Particles/P_Smoke.uasset" 1528
"C:/EndedWorld/Content/StarterContent/Particles/P_Smoke.uexp" 1529
"C:/EndedWorld/Content/StarterContent/Blueprints/Blueprint_Effect_Smoke.uasset" 1530
"C:/EndedWorld/Content/StarterContent/Blueprints/Blueprint_Effect_Smoke.uexp" 1531
"C:/EndedWorld/Content/StarterContent/Textures/T_CobbleStone_Rough_N.ubulk" 1532
"C:/EndedWorld/Content/StarterContent/Textures/T_CobbleStone_Rough_N.uasset" 1533
"C:/EndedWorld/Content/StarterContent/Textures/T_CobbleStone_Rough_N.uexp" 1534
"C:/EndedWorld/Content/StarterContent/Textures/T_CobbleStone_Rough_D.ubulk" 1535
"C:/EndedWorld/Content/StarterContent/Textures/T_CobbleStone_Rough_D.uasset" 1536
"C:/EndedWorld/Content/StarterContent/Textures/T_CobbleStone_Rough_D.uexp" 1537
"C:/EndedWorld/Content/StarterContent/Materials/M_CobbleStone_Rough.uasset" 1538
"C:/EndedWorld/Content/StarterContent/Materials/M_CobbleStone_Rough.uexp" 1539
"C:/EndedWorld/Content/StarterContent/Textures/T_ground_Moss_D.ubulk" 1540
"C:/EndedWorld/Content/StarterContent/Textures/T_ground_Moss_D.uasset" 1541
"C:/EndedWorld/Content/StarterContent/Textures/T_ground_Moss_D.uexp" 1542
"C:/EndedWorld/Content/StarterContent/Textures/T_Ground_Moss_N.ubulk" 1543
"C:/EndedWorld/Content/StarterContent/Textures/T_Ground_Moss_N.uasset" 1544
"C:/EndedWorld/Content/StarterContent/Textures/T_Ground_Moss_N.uexp" 1545
"C:/EndedWorld/Content/StarterContent/Materials/M_Ground_Moss.uasset" 1546
"C:/EndedWorld/Content/StarterContent/Materials/M_Ground_Moss.uexp" 1547
"C:/EndedWorld/Content/StarterContent/Props/SM_PillarFrame300.ubulk" 1548
"C:/EndedWorld/Content/StarterContent/Props/SM_PillarFrame300.uasset" 1549
"C:/EndedWorld/Content/StarterContent/Props/SM_PillarFrame300.uexp" 1550
"C:/EndedWorld/Content/StarterContent/Textures/T_Metal_Gold_D.ubulk" 1551
"C:/EndedWorld/Content/StarterContent/Textures/T_Metal_Gold_D.uasset" 1552
"C:/EndedWorld/Content/StarterContent/Textures/T_Metal_Gold_D.uexp" 1553
"C:/EndedWorld/Content/StarterContent/Materials/M_Metal_Gold.uasset" 1554
"C:/EndedWorld/Content/StarterContent/Materials/M_Metal_Gold.uexp" 1555
"C:/EndedWorld/Content/StarterContent/Textures/T_Ground_Grass_D.ubulk" 1556
"C:/EndedWorld/Content/StarterContent/Textures/T_Ground_Grass_D.uasset" 1557
"C:/EndedWorld/Content/StarterContent/Textures/T_Ground_Grass_D.uexp" 1558
"C:/EndedWorld/Content/StarterContent/Textures/T_Ground_Grass_N.ubulk" 1559
"C:/EndedWorld/Content/StarterContent/Textures/T_Ground_Grass_N.uasset" 1560
"C:/EndedWorld/Content/StarterContent/Textures/T_Ground_Grass_N.uexp" 1561
"C:/EndedWorld/Content/StarterContent/Materials/M_Ground_Grass.uasset" 1562
"C:/EndedWorld/Content/StarterContent/Materials/M_Ground_Grass.uexp" 1563
"C:/EndedWorld/Content/StarterContent/Audio/Starter_Background_Cue.uasset" 1564
"C:/EndedWorld/Content/StarterContent/Audio/Starter_Background_Cue.uexp" 1565
"C:/EndedWorld/Content/StarterContent/Maps/StarterMap_BuiltData.ubulk" 1566
"C:/EndedWorld/Content/StarterContent/Maps/StarterMap_BuiltData.uasset" 1567
"C:/EndedWorld/Content/StarterContent/Maps/StarterMap_BuiltData.uexp" 1568
"C:/EndedWorld/Content/StarterContent/Shapes/Shape_Sphere.ubulk" 1569
"C:/EndedWorld/Content/StarterContent/Shapes/Shape_Sphere.uasset" 1570
"C:/EndedWorld/Content/StarterContent/Shapes/Shape_Sphere.uexp" 1571
"C:/EndedWorld/Content/StarterContent/Audio/Starter_Music_Cue.uasset" 1572
"C:/EndedWorld/Content/StarterContent/Audio/Starter_Music_Cue.uexp" 1573
"C:/EndedWorld/Content/StarterContent/Shapes/Shape_QuadPyramid.ubulk" 1574
"C:/EndedWorld/Content/StarterContent/Shapes/Shape_QuadPyramid.uasset" 1575
"C:/EndedWorld/Content/StarterContent/Shapes/Shape_QuadPyramid.uexp" 1576
"C:/EndedWorld/Content/StarterContent/Textures/T_Brick_Clay_New_D.ubulk" 1577
"C:/EndedWorld/Content/StarterContent/Textures/T_Brick_Clay_New_D.uasset" 1578
"C:/EndedWorld/Content/StarterContent/Textures/T_Brick_Clay_New_D.uexp" 1579
"C:/EndedWorld/Content/StarterContent/Textures/T_Brick_Clay_New_M.uasset" 1580
"C:/EndedWorld/Content/StarterContent/Textures/T_Brick_Clay_New_M.uexp" 1581
"C:/EndedWorld/Content/StarterContent/Textures/T_Brick_Clay_New_N.uasset" 1582
"C:/EndedWorld/Content/StarterContent/Textures/T_Brick_Clay_New_N.uexp" 1583
"C:/EndedWorld/Content/StarterContent/Materials/M_Brick_Clay_New.uasset" 1584
"C:/EndedWorld/Content/StarterContent/Materials/M_Brick_Clay_New.uexp" 1585
"C:/EndedWorld/Content/StarterContent/Textures/T_Metal_Aluminum_D.ubulk" 1586
"C:/EndedWorld/Content/StarterContent/Textures/T_Metal_Aluminum_D.uasset" 1587
"C:/EndedWorld/Content/StarterContent/Textures/T_Metal_Aluminum_D.uexp" 1588
"C:/EndedWorld/Content/StarterContent/Materials/M_Metal_Burnished_Steel.uasset" 1589
"C:/EndedWorld/Content/StarterContent/Materials/M_Metal_Burnished_Steel.uexp" 1590
"C:/EndedWorld/Content/StarterContent/Props/SM_Chair.ubulk" 1591
"C:/EndedWorld/Content/StarterContent/Props/SM_Chair.uasset" 1592
"C:/EndedWorld/Content/StarterContent/Props/SM_Chair.uexp" 1593
"C:/EndedWorld/Content/StarterContent/Textures/T_Concrete_Panels_D.ubulk" 1594
"C:/EndedWorld/Content/StarterContent/Textures/T_Concrete_Panels_D.uasset" 1595
"C:/EndedWorld/Content/StarterContent/Textures/T_Concrete_Panels_D.uexp" 1596
"C:/EndedWorld/Content/StarterContent/Textures/T_Concrete_Panels_N.ubulk" 1597
"C:/EndedWorld/Content/StarterContent/Textures/T_Concrete_Panels_N.uasset" 1598
"C:/EndedWorld/Content/StarterContent/Textures/T_Concrete_Panels_N.uexp" 1599
"C:/EndedWorld/Content/StarterContent/Materials/M_Concrete_Panels.uasset" 1600
"C:/EndedWorld/Content/StarterContent/Materials/M_Concrete_Panels.uexp" 1601
"C:/EndedWorld/Content/StarterContent/Maps/StarterMap.uexp" 1602
"C:/EndedWorld/Content/StarterContent/Maps/StarterMap.umap" 1603
"C:/EndedWorld/Content/StarterContent/Maps/Minimal_Default_BuiltData.ubulk" 1604
"C:/EndedWorld/Content/StarterContent/Maps/Minimal_Default_BuiltData.uasset" 1605
"C:/EndedWorld/Content/StarterContent/Maps/Minimal_Default_BuiltData.uexp" 1606
"C:/EndedWorld/Content/StarterContent/Maps/Minimal_Default.uexp" 1607
"C:/EndedWorld/Content/StarterContent/Maps/Minimal_Default.umap" 1608
"C:/EndedWorld/Content/StarterContent/Maps/Advanced_Lighting_BuiltData.ubulk" 1609
"C:/EndedWorld/Content/StarterContent/Maps/Advanced_Lighting_BuiltData.uasset" 1610
"C:/EndedWorld/Content/StarterContent/Maps/Advanced_Lighting_BuiltData.uexp" 1611
"C:/EndedWorld/Content/StarterContent/Materials/M_AssetPlatform.uasset" 1612
"C:/EndedWorld/Content/StarterContent/Materials/M_AssetPlatform.uexp" 1613
"C:/EndedWorld/Content/StarterContent/Architecture/SM_AssetPlatform.ubulk" 1614
"C:/EndedWorld/Content/StarterContent/Architecture/SM_AssetPlatform.uasset" 1615
"C:/EndedWorld/Content/StarterContent/Architecture/SM_AssetPlatform.uexp" 1616
"../../../Engine/Content/MapTemplates/Sky/DaylightAmbientCubemap.uasset" 1617
"../../../Engine/Content/MapTemplates/Sky/DaylightAmbientCubemap.uexp" 1618
"C:/EndedWorld/Content/StarterContent/Blueprints/Assets/M_LightStage_Skybox_Master.uasset" 1619
"C:/EndedWorld/Content/StarterContent/Blueprints/Assets/M_LightStage_Skybox_Master.uexp" 1620
"C:/EndedWorld/Content/StarterContent/Blueprints/Assets/M_LightStage_Skybox_HDRI.uasset" 1621
"C:/EndedWorld/Content/StarterContent/Blueprints/Assets/M_LightStage_Skybox_HDRI.uexp" 1622
"C:/EndedWorld/Content/StarterContent/HDRI/HDRI_Epic_Courtyard_Daylight.uasset" 1623
"C:/EndedWorld/Content/StarterContent/HDRI/HDRI_Epic_Courtyard_Daylight.uexp" 1624
"C:/EndedWorld/Content/StarterContent/Blueprints/Assets/SunlightColorLUT.uasset" 1625
"C:/EndedWorld/Content/StarterContent/Blueprints/Assets/SunlightColorLUT.uexp" 1626
"C:/EndedWorld/Content/StarterContent/Blueprints/Assets/M_LightStage_Skybox_Black.uasset" 1627
"C:/EndedWorld/Content/StarterContent/Blueprints/Assets/M_LightStage_Skybox_Black.uexp" 1628
"C:/EndedWorld/Content/StarterContent/Blueprints/Assets/FogBrightnessLUT.uasset" 1629
"C:/EndedWorld/Content/StarterContent/Blueprints/Assets/FogBrightnessLUT.uexp" 1630
"C:/EndedWorld/Content/StarterContent/Blueprints/Assets/SM_Arrows.ubulk" 1631
"C:/EndedWorld/Content/StarterContent/Blueprints/Assets/SM_Arrows.uasset" 1632
"C:/EndedWorld/Content/StarterContent/Blueprints/Assets/SM_Arrows.uexp" 1633
"C:/EndedWorld/Content/StarterContent/Blueprints/Assets/M_LightStage_Arrows.uasset" 1634
"C:/EndedWorld/Content/StarterContent/Blueprints/Assets/M_LightStage_Arrows.uexp" 1635
"../../../Engine/Content/ArtTools/RenderToTexture/MaterialFunctions/CheckerPattern.uasset" 1636
"../../../Engine/Content/ArtTools/RenderToTexture/MaterialFunctions/CheckerPattern.uexp" 1637
"../../../Engine/Content/Functions/Engine_MaterialFunctions01/Texturing/ScaleUVsByCenter.uasset" 1638
"../../../Engine/Content/Functions/Engine_MaterialFunctions01/Texturing/ScaleUVsByCenter.uexp" 1639
"../../../Engine/Content/Functions/Engine_MaterialFunctions02/ScreenResolution.uasset" 1640
"../../../Engine/Content/Functions/Engine_MaterialFunctions02/ScreenResolution.uexp" 1641
"../../../Engine/Content/Functions/Engine_MaterialFunctions02/Texturing/ScreenAlignedUVs.uasset" 1642
"../../../Engine/Content/Functions/Engine_MaterialFunctions02/Texturing/ScreenAlignedUVs.uexp" 1643
"../../../Engine/Content/EditorMaterials/Thumbnails/SkySphereMaterial.uasset" 1644
"../../../Engine/Content/EditorMaterials/Thumbnails/SkySphereMaterial.uexp" 1645
"C:/EndedWorld/Content/StarterContent/Blueprints/Assets/Skybox.ubulk" 1646
"C:/EndedWorld/Content/StarterContent/Blueprints/Assets/Skybox.uasset" 1647
"C:/EndedWorld/Content/StarterContent/Blueprints/Assets/Skybox.uexp" 1648
"C:/EndedWorld/Content/StarterContent/Blueprints/BP_LightStudio.uasset" 1649
"C:/EndedWorld/Content/StarterContent/Blueprints/BP_LightStudio.uexp" 1650
"../../../Engine/Content/EditorMeshes/ColorCalibrator/M_GreyBall.uasset" 1651
"../../../Engine/Content/EditorMeshes/ColorCalibrator/M_GreyBall.uexp" 1652
"../../../Engine/Content/EditorMeshes/ColorCalibrator/M_ClearCoat.uasset" 1653
"../../../Engine/Content/EditorMeshes/ColorCalibrator/M_ClearCoat.uexp" 1654
"../../../Engine/Content/EditorMeshes/ColorCalibrator/M_ChromeBall.uasset" 1655
"../../../Engine/Content/EditorMeshes/ColorCalibrator/M_ChromeBall.uexp" 1656
"../../../Engine/Content/EditorMeshes/ColorCalibrator/M_ClearCoatBlack.uasset" 1657
"../../../Engine/Content/EditorMeshes/ColorCalibrator/M_ClearCoatBlack.uexp" 1658
"../../../Engine/Content/EditorMeshes/ColorCalibrator/Color_checker.ubulk" 1659
"../../../Engine/Content/EditorMeshes/ColorCalibrator/Color_checker.uasset" 1660
"../../../Engine/Content/EditorMeshes/ColorCalibrator/Color_checker.uexp" 1661
"../../../Engine/Content/EditorMeshes/ColorCalibrator/M_ColorGrid.uasset" 1662
"../../../Engine/Content/EditorMeshes/ColorCalibrator/M_ColorGrid.uexp" 1663
"../../../Engine/Content/EditorMeshes/ColorCalibrator/SM_ColorCalibrator.ubulk" 1664
"../../../Engine/Content/EditorMeshes/ColorCalibrator/SM_ColorCalibrator.uasset" 1665
"../../../Engine/Content/EditorMeshes/ColorCalibrator/SM_ColorCalibrator.uexp" 1666
"C:/EndedWorld/Content/StarterContent/Maps/Advanced_Lighting.uexp" 1667
"C:/EndedWorld/Content/StarterContent/Maps/Advanced_Lighting.umap" 1668
