"E:/gry/EndedWorld - git/EndedWorld.uproject" 1
"../../../../../gry/EndedWorld - git/Binaries/Win64/UnrealEditor.modules" 2
"../../../Engine/Plugins/BlueprintFileUtils/BlueprintFileUtils.uplugin" 3
"../../../Engine/Plugins/Bridge/Bridge.uplugin" 4
"../../../Engine/Plugins/FastBuildController/FastBuildController.uplugin" 5
"../../../Engine/Plugins/EnhancedInput/EnhancedInput.uplugin" 6
"../../../Engine/Plugins/AudioGameplay/AudioGameplay.uplugin" 7
"../../../Engine/Plugins/JsonBlueprintUtilities/JsonBlueprintUtilities.uplugin" 8
"../../../Engine/Plugins/MeshPainting/MeshPainting.uplugin" 9
"../../../Engine/Plugins/MemoryUsageQueries/MemoryUsageQueries.uplugin" 10
"../../../Engine/Plugins/LightWeightInstancesEditor/LightWeightInstancesEditor.uplugin" 11
"../../../Engine/Plugins/RenderGraphInsights/RenderGraphInsights.uplugin" 12
"../../../Engine/Plugins/AudioGameplayVolume/AudioGameplayVolume.uplugin" 13
"../../../Engine/Plugins/ScriptPlugin/ScriptPlugin.uplugin" 14
"../../../Engine/Plugins/TraceUtilities/TraceUtilities.uplugin" 15
"../../../Engine/Plugins/XGEController/XGEController.uplugin" 16
"../../../Engine/Plugins/Compression/OodleNetwork/OodleNetwork.uplugin" 17
"../../../Engine/Plugins/Importers/AlembicImporter/AlembicImporter.uplugin" 18
"../../../Engine/Plugins/Importers/USDImporter/USDImporter.uplugin" 19
"../../../Engine/Plugins/Online/OnlineFramework/OnlineFramework.uplugin" 20
"../../../Engine/Plugins/Online/OnlineBase/OnlineBase.uplugin" 21
"../../../Engine/Plugins/Online/EOSShared/EOSShared.uplugin" 22
"../../../Engine/Plugins/Importers/AlembicHairImporter/AlembicHairImporter.uplugin" 23
"../../../Engine/Plugins/Importers/USDMultiUser/USDMultiUser.uplugin" 24
"../../../Engine/Plugins/Online/OnlineServicesNull/OnlineServicesNull.uplugin" 25
"../../../Engine/Plugins/Online/OnlineServicesEOS/OnlineServicesEOS.uplugin" 26
"../../../Engine/Plugins/Online/OnlineServices/OnlineServices.uplugin" 27
"../../../Engine/Plugins/Online/OnlineServicesEOSGS/OnlineServicesEOSGS.uplugin" 28
"../../../Engine/Plugins/Online/OnlineServicesOSSAdapter/OnlineServicesOSSAdapter.uplugin" 29
"../../../Engine/Plugins/Online/OnlineSubsystemApple/OnlineSubsystemApple.uplugin" 30
"../../../Engine/Plugins/Online/OnlineSubsystemAmazon/OnlineSubsystemAmazon.uplugin" 31
"../../../Engine/Plugins/Online/OnlineSubsystem/OnlineSubsystem.uplugin" 32
"../../../Engine/Plugins/Online/OnlineSubsystemFacebook/OnlineSubsystemFacebook.uplugin" 33
"../../../Engine/Plugins/Online/OnlineSubsystemEOS/OnlineSubsystemEOS.uplugin" 34
"../../../Engine/Plugins/Online/OnlineSubsystemGoogle/OnlineSubsystemGoogle.uplugin" 35
"../../../Engine/Plugins/VirtualProduction/CameraCalibration/CameraCalibration.uplugin" 36
"../../../Engine/Plugins/Online/OnlineSubsystemSteam/OnlineSubsystemSteam.uplugin" 37
"../../../Engine/Plugins/VirtualProduction/CameraCalibrationCore/CameraCalibrationCore.uplugin" 38
"../../../Engine/Plugins/Online/OnlineSubsystemUtils/OnlineSubsystemUtils.uplugin" 39
"../../../Engine/Plugins/Online/OnlineSubsystemTencent/OnlineSubsystemTencent.uplugin" 40
"../../../Engine/Plugins/Online/WebAuth/WebAuth.uplugin" 41
"../../../Engine/Plugins/Online/SocketSubsystemEOS/SocketSubsystemEOS.uplugin" 42
"../../../Engine/Plugins/VirtualProduction/CompositePlane/CompositePlane.uplugin" 43
"../../../Engine/Plugins/Online/OnlineSubsystemOculus/OnlineSubsystemOculus.uplugin" 44
"../../../Engine/Plugins/VirtualProduction/DataCharts/DataCharts.uplugin" 45
"../../../Engine/Plugins/Online/OnlineSubsystemNull/OnlineSubsystemNull.uplugin" 46
"../../../Engine/Plugins/VirtualProduction/LiveLinkCamera/LiveLinkCamera.uplugin" 47
"../../../Engine/Plugins/VirtualProduction/LiveLinkMasterLockit/LiveLinkMasterLockit.uplugin" 48
"../../../Engine/Plugins/VirtualProduction/LevelSnapshots/LevelSnapshots.uplugin" 49
"../../../Engine/Plugins/VirtualProduction/LiveLinkPrestonMDR/LiveLinkPrestonMDR.uplugin" 50
"../../../Engine/Plugins/VirtualProduction/LiveLinkLens/LiveLinkLens.uplugin" 51
"../../../Engine/Plugins/VirtualProduction/LiveLinkFreeD/LiveLinkFreeD.uplugin" 52
"../../../Engine/Plugins/VirtualProduction/ICVFX/ICVFX.uplugin" 53
"../../../Engine/Plugins/VirtualProduction/EpicStageApp/EpicStageApp.uplugin" 54
"../../../Engine/Plugins/VirtualProduction/LiveLinkVRPN/LiveLinkVRPN.uplugin" 55
"../../../Engine/Plugins/VirtualProduction/RemoteControl/RemoteControl.uplugin" 56
"../../../Engine/Plugins/VirtualProduction/LiveLinkXR/LiveLinkXR.uplugin" 57
"../../../Engine/Plugins/VirtualProduction/RemoteControlInterception/RemoteControlInterception.uplugin" 58
"../../../Engine/Plugins/VirtualProduction/RemoteControlProtocolDMX/RemoteControlProtocolDMX.uplugin" 59
"../../../Engine/Plugins/VirtualProduction/MultiUserTakes/MultiUserTakes.uplugin" 60
"../../../Engine/Plugins/VirtualProduction/RemoteControlProtocolMIDI/RemoteControlProtocolMIDI.uplugin" 61
"../../../Engine/Plugins/VirtualProduction/RemoteControlProtocolOSC/RemoteControlProtocolOSC.uplugin" 62
"../../../Engine/Plugins/VirtualProduction/RemoteControlWebInterface/RemoteControlWebInterface.uplugin" 63
"../../../Engine/Plugins/VirtualProduction/SequencerPlaylists/SequencerPlaylists.uplugin" 64
"../../../Engine/Plugins/NetcodeUnitTest/NetcodeUnitTest/NetcodeUnitTest.uplugin" 65
"../../../Engine/Plugins/NetcodeUnitTest/NUTUnrealEngine/NUTUnrealEngine.uplugin" 66
"../../../Engine/Plugins/Developer/AnimationSharing/AnimationSharing.uplugin" 67
"../../../Engine/Plugins/VirtualProduction/StageMonitoring/StageMonitoring.uplugin" 68
"../../../Engine/Plugins/VirtualProduction/TimedDataMonitor/TimedDataMonitor.uplugin" 69
"../../../Engine/Plugins/VirtualProduction/Switchboard/Switchboard.uplugin" 70
"../../../Engine/Plugins/VirtualProduction/Takes/Takes.uplugin" 71
"../../../Engine/Plugins/VirtualProduction/TextureShare/TextureShare.uplugin" 72
"../../../Engine/Plugins/Developer/BlankPlugin/BlankPlugin.uplugin" 73
"../../../Engine/Plugins/Developer/CLionSourceCodeAccess/CLionSourceCodeAccess.uplugin" 74
"../../../Engine/Plugins/Developer/DumpGPUServices/DumpGPUServices.uplugin" 75
"../../../Engine/Plugins/Developer/GitSourceControl/GitSourceControl.uplugin" 76
"../../../Engine/Plugins/Developer/CodeLiteSourceCodeAccess/CodeLiteSourceCodeAccess.uplugin" 77
"../../../Engine/Plugins/Developer/NullSourceCodeAccess/NullSourceCodeAccess.uplugin" 78
"../../../Engine/Plugins/Developer/KDevelopSourceCodeAccess/KDevelopSourceCodeAccess.uplugin" 79
"../../../Engine/Plugins/Developer/PixWinPlugin/PixWinPlugin.uplugin" 80
"../../../Engine/Plugins/Developer/PerforceSourceControl/PerforceSourceControl.uplugin" 81
"../../../Engine/Plugins/Developer/OneSkyLocalizationService/OneSkyLocalizationService.uplugin" 82
"../../../Engine/Plugins/Developer/PlasticSourceControl/PlasticSourceControl.uplugin" 83
"../../../Engine/Plugins/Developer/PluginUtils/PluginUtils.uplugin" 84
"../../../Engine/Plugins/Developer/PropertyAccessNode/PropertyAccessNode.uplugin" 85
"../../../Engine/Plugins/Developer/RiderSourceCodeAccess/RiderSourceCodeAccess.uplugin" 86
"../../../Engine/Plugins/Developer/RenderDocPlugin/RenderDocPlugin.uplugin" 87
"../../../Engine/Plugins/Developer/TextureFormatOodle/TextureFormatOodle.uplugin" 88
"../../../Engine/Plugins/Developer/SubversionSourceControl/SubversionSourceControl.uplugin" 89
"../../../Engine/Plugins/Developer/TraceSourceFiltering/TraceSourceFilters.uplugin" 90
"../../../Engine/Plugins/Developer/TraceDataFiltering/TraceDataFilters.uplugin" 91
"../../../Engine/Plugins/Developer/VisualStudioSourceCodeAccess/VisualStudioSourceCodeAccess.uplugin" 92
"../../../Engine/Plugins/Developer/XcodeGPUDebuggerPlugin/XcodeGPUDebuggerPlugin.uplugin" 93
"../../../Engine/Plugins/Media/AndroidCamera/AndroidCamera.uplugin" 94
"../../../Engine/Plugins/Developer/XCodeSourceCodeAccess/XCodeSourceCodeAccess.uplugin" 95
"../../../Engine/Plugins/Developer/VisualStudioCodeSourceCodeAccess/VisualStudioCodeSourceCodeAccess.uplugin" 96
"../../../Engine/Plugins/Developer/UObjectPlugin/UObjectPlugin.uplugin" 97
"../../../Engine/Plugins/Media/AndroidMedia/AndroidMedia.uplugin" 98
"../../../Engine/Plugins/Media/AjaMedia/AjaMedia.uplugin" 99
"../../../Engine/Plugins/Media/AudioCaptureTimecodeProvider/AudioCaptureTimecodeProvider.uplugin" 100
"../../../Engine/Plugins/Media/AppleProResMedia/AppleProResMedia.uplugin" 101
"../../../Engine/Plugins/Media/AvfMedia/AvfMedia.uplugin" 102
"../../../Engine/Plugins/Media/AvidDNxMedia/AvidDNxMedia.uplugin" 103
"../../../Engine/Plugins/Media/BinkMedia/BinkMedia.uplugin" 104
"../../../Engine/Plugins/Media/ElectraUtil/ElectraUtil.uplugin" 105
"../../../Engine/Plugins/Media/ElectraPlayer/ElectraPlayer.uplugin" 106
"../../../Engine/Plugins/Media/BlackmagicMedia/BlackmagicMedia.uplugin" 107
"../../../Engine/Plugins/Media/ElectraCDM/ElectraCDM.uplugin" 108
"../../../Engine/Plugins/Media/HardwareEncoders/HardwareEncoders.uplugin" 109
"../../../Engine/Plugins/Media/HAPMedia/HAPMedia.uplugin" 110
"../../../Engine/Plugins/Media/HLMedia/HLMedia.uplugin" 111
"../../../Engine/Plugins/Media/ImgMedia/ImgMedia.uplugin" 112
"../../../Engine/Plugins/Media/MediaCompositing/MediaCompositing.uplugin" 113
"../../../Engine/Plugins/Media/MediaFrameworkUtilities/MediaFrameworkUtilities.uplugin" 114
"../../../Engine/Plugins/Media/ElectraSubtitles/ElectraSubtitles.uplugin" 115
"../../../Engine/Plugins/Media/MediaPlate/MediaPlate.uplugin" 116
"../../../Engine/Plugins/Media/LinearTimecode/LinearTimecode.uplugin" 117
"../../../Engine/Plugins/Media/MediaMovieStreamer/MediaMovieStreamer.uplugin" 118
"../../../Engine/Plugins/Media/MediaPlayerEditor/MediaPlayerEditor.uplugin" 119
"../../../Engine/Plugins/Media/PixelStreaming/PixelStreaming.uplugin" 120
"../../../Engine/Plugins/AI/AISupport/AISupport.uplugin" 121
"../../../Engine/Plugins/Media/PixelCapture/PixelCapture.uplugin" 122
"../../../Engine/Plugins/Media/MediaIOFramework/MediaIOFramework.uplugin" 123
"../../../Engine/Plugins/Media/WebMMedia/WebMMedia.uplugin" 124
"../../../Engine/Plugins/Media/TimecodeSynchronizer/TimecodeSynchronizer.uplugin" 125
"../../../Engine/Plugins/FX/CascadeToNiagaraConverter/CascadeToNiagaraConverter.uplugin" 126
"../../../Engine/Plugins/Web/HttpBlueprint/HttpBlueprint.uplugin" 127
"../../../Engine/Plugins/AI/HTNPlanner/HTNPlanner.uplugin" 128
"../../../Engine/Plugins/Media/MfMedia/MfMedia.uplugin" 129
"../../../Engine/Plugins/AI/MassAI/MassAI.uplugin" 130
"../../../Engine/Plugins/MovieScene/ActorSequence/ActorSequence.uplugin" 131
"../../../Engine/Plugins/AI/MassCrowd/MassCrowd.uplugin" 132
"../../../Engine/Plugins/FX/ExampleCustomDataInterface/ExampleCustomDataInterface.uplugin" 133
"../../../Engine/Plugins/FX/Niagara/Niagara.uplugin" 134
"../../../Engine/Plugins/AI/MLAdapter/MLAdapter.uplugin" 135
"../../../Engine/Plugins/FX/NiagaraSimCaching/NiagaraSimCaching.uplugin" 136
"../../../Engine/Plugins/FX/NiagaraFluids/NiagaraFluids.uplugin" 137
"../../../Engine/Plugins/MovieScene/LevelSequenceEditor/LevelSequenceEditor.uplugin" 138
"../../../Engine/Plugins/MovieScene/CustomizableSequencerTracks/CustomizableSequencerTracks.uplugin" 139
"../../../Engine/Plugins/MovieScene/MovieRenderPipeline/MovieRenderPipeline.uplugin" 140
"../../../Engine/Plugins/Media/WmfMedia/WmfMedia.uplugin" 141
"../../../Engine/Plugins/MovieScene/MoviePipelineMaskRenderPass/MoviePipelineMaskRenderPass.uplugin" 142
"../../../Engine/Plugins/MovieScene/TemplateSequence/TemplateSequence.uplugin" 143
"../../../Engine/Plugins/MovieScene/ReplayTracks/ReplayTracks.uplugin" 144
"../../../Engine/Plugins/MovieScene/SequencerScripting/SequencerScripting.uplugin" 145
"../../../Engine/Plugins/Slate/SlateInsights/SlateInsights.uplugin" 146
"../../../Engine/Plugins/Animation/AnimationModifierLibrary/AnimationModifierLibrary.uplugin" 147
"../../../Engine/Plugins/Slate/SlateScripting/SlateScripting.uplugin" 148
"../../../Engine/Plugins/Animation/AnimToTexture/AnimToTexture.uplugin" 149
"../../../Engine/Plugins/Animation/ControlRig/ControlRig.uplugin" 150
"../../../Engine/Plugins/Animation/ControlRigSpline/ControlRigSpline.uplugin" 151
"../../../Engine/Plugins/Animation/GameplayInsights/GameplayInsights.uplugin" 152
"../../../Engine/Plugins/Animation/BlendSpaceMotionAnalysis/BlendSpaceMotionAnalysis.uplugin" 153
"../../../Engine/Plugins/Animation/AnimationLocomotionLibrary/AnimationLocomotionLibrary.uplugin" 154
"../../../Engine/Plugins/Animation/AnimationWarping/AnimationWarping.uplugin" 155
"../../../Engine/Plugins/Animation/DeformerGraph/DeformerGraph.uplugin" 156
"../../../Engine/Plugins/Animation/LiveLink/LiveLink.uplugin" 157
"../../../Engine/Plugins/Protocols/MQTT/MQTT.uplugin" 158
"../../../Engine/Plugins/Interchange/Editor/InterchangeEditor.uplugin" 159
"../../../Engine/Plugins/Portal/LauncherChunkInstaller/LauncherChunkInstaller.uplugin" 160
"../../../Engine/Plugins/Interchange/Runtime/Interchange.uplugin" 161
"../../../Engine/Plugins/Cameras/GameplayCameras/GameplayCameras.uplugin" 162
"../../../Engine/Plugins/Animation/MotionWarping/MotionWarping.uplugin" 163
"../../../Engine/Plugins/Cameras/CameraShakePreviewer/CameraShakePreviewer.uplugin" 164
"../../../Engine/Plugins/Animation/IKRig/IKRig.uplugin" 165
"../../../Engine/Plugins/Animation/RigLogic/RigLogic.uplugin" 166
"../../../Engine/Plugins/Enterprise/AxFImporter/AxFImporter.uplugin" 167
"../../../Engine/Plugins/Animation/LiveLinkCurveDebugUI/LiveLinkCurveDebugUI.uplugin" 168
"../../../Engine/Plugins/Enterprise/DataprepEditor/DataprepEditor.uplugin" 169
"../../../Engine/Plugins/Enterprise/DatasmithContent/DatasmithContent.uplugin" 170
"../../../Engine/Plugins/Enterprise/DatasmithC4DImporter/DatasmithC4DImporter.uplugin" 171
"../../../Engine/Plugins/Enterprise/GLTFExporter/GLTFExporter.uplugin" 172
"../../../Engine/Plugins/Enterprise/DatasmithFBXImporter/DatasmithFBXImporter.uplugin" 173
"../../../Engine/Plugins/Messaging/MessagingDebugger/MessagingDebugger.uplugin" 174
"../../../Engine/Plugins/Enterprise/DatasmithCADImporter/DatasmithCADImporter.uplugin" 175
"../../../Engine/Plugins/Enterprise/DatasmithImporter/DatasmithImporter.uplugin" 176
"../../../Engine/Plugins/Enterprise/DatasmithIFCImporter/DatasmithIFCImporter.uplugin" 177
"../../../Engine/Plugins/Messaging/UdpMessaging/UdpMessaging.uplugin" 178
"../../../Engine/Plugins/Messaging/TcpMessaging/TcpMessaging.uplugin" 179
"../../../Engine/Plugins/Enterprise/VariantManagerContent/VariantManagerContent.uplugin" 180
"../../../Engine/Plugins/Tests/AutomationDriverTests/AutomationDriverTests.uplugin" 181
"../../../Engine/Plugins/Enterprise/LidarPointCloud/LidarPointCloud.uplugin" 182
"../../../Engine/Plugins/Enterprise/VariantManager/VariantManager.uplugin" 183
"../../../Engine/Plugins/Enterprise/MDLImporter/MDLImporter.uplugin" 184
"../../../Engine/Plugins/Tests/FbxAutomationTestBuilder/FbxAutomationTestBuilder.uplugin" 185
"../../../Engine/Plugins/Tests/InterchangeTests/InterchangeTests.uplugin" 186
"../../../Engine/Plugins/Tests/EditorTests/EditorTests.uplugin" 187
"../../../Engine/Plugins/Enterprise/DatasmithGLTFImporter/DatasmithGLTFImporter.uplugin" 188
"../../../Engine/Plugins/Tests/PythonAutomationTest/PythonAutomationTest.uplugin" 189
"../../../Engine/Plugins/Tests/RHITests/RHITests.uplugin" 190
"../../../Engine/Plugins/Tests/TestSamples/TestSamples.uplugin" 191
"../../../Engine/Plugins/Tests/FunctionalTestingEditor/FunctionalTestingEditor.uplugin" 192
"../../../Engine/Plugins/Experimental/AbilitySystemGameFeatureActions/AbilitySystemGameFeatureActions.uplugin" 193
"../../../Engine/Plugins/Experimental/ActorPalette/ActorPalette.uplugin" 194
"../../../Engine/Plugins/Experimental/AnimNext/AnimNext.uplugin" 195
"../../../Engine/Plugins/Tests/RuntimeTests/RuntimeTests.uplugin" 196
"../../../Engine/Plugins/Experimental/AppleVision/AppleVision.uplugin" 197
"../../../Engine/Plugins/Compositing/Composure/Composure.uplugin" 198
"../../../Engine/Plugins/Compositing/OpenColorIO/OpenColorIO.uplugin" 199
"../../../Engine/Plugins/Compositing/LensDistortion/LensDistortion.uplugin" 200
"../../../Engine/Plugins/Compositing/OpenCVLensDistortion/OpenCVLensDistortion.uplugin" 201
"../../../Engine/Plugins/Experimental/AutomationUtils/AutomationUtils.uplugin" 202
"../../../Engine/Plugins/Experimental/BlueprintSnapNodes/BlueprintSnapNodes.uplugin" 203
"../../../Engine/Plugins/Experimental/AssetPlacementEdMode/AssetPlacementEdMode.uplugin" 204
"../../../Engine/Plugins/Experimental/BlueprintStats/BlueprintStats.uplugin" 205
"../../../Engine/Plugins/Experimental/ChaosCaching/ChaosCaching.uplugin" 206
"../../../Engine/Plugins/Experimental/BackChannel/BackChannel.uplugin" 207
"../../../Engine/Plugins/Experimental/ChaosCloth/ChaosCloth.uplugin" 208
"../../../Engine/Plugins/Experimental/ChaosFlesh/ChaosFlesh.uplugin" 209
"../../../Engine/Plugins/Experimental/ChaosClothAssetEditor/ChaosClothAssetEditor.uplugin" 210
"../../../Engine/Plugins/Experimental/ChaosEditor/ChaosEditor.uplugin" 211
"../../../Engine/Plugins/Experimental/ChaosClothEditor/ChaosClothEditor.uplugin" 212
"../../../Engine/Plugins/Experimental/ChaosClothAsset/ChaosClothAsset.uplugin" 213
"../../../Engine/Plugins/Experimental/ChaosNiagara/ChaosNiagara.uplugin" 214
"../../../Engine/Plugins/Experimental/ChaosSolverPlugin/ChaosSolverPlugin.uplugin" 215
"../../../Engine/Plugins/Experimental/ChaosUserDataPT/ChaosUserDataPT.uplugin" 216
"../../../Engine/Plugins/Experimental/ChaosVehiclesPlugin/ChaosVehiclesPlugin.uplugin" 217
"../../../Engine/Plugins/Experimental/CharacterAI/CharacterAI.uplugin" 218
"../../../Engine/Plugins/Experimental/Chooser/Chooser.uplugin" 219
"../../../Engine/Plugins/Experimental/CineCameraRigs/CineCameraRigs.uplugin" 220
"../../../Engine/Plugins/Experimental/CinematicPrestreaming/CinematicPrestreaming.uplugin" 221
"../../../Engine/Plugins/Experimental/CodeView/CodeView.uplugin" 222
"../../../Engine/Plugins/Experimental/CodeEditor/CodeEditor.uplugin" 223
"../../../Engine/Plugins/Experimental/CommonConversation/CommonConversation.uplugin" 224
"../../../Engine/Plugins/Experimental/CommonUI/CommonUI.uplugin" 225
"../../../Engine/Plugins/Experimental/ColorCorrectRegions/ColorCorrectRegions.uplugin" 226
"../../../Engine/Plugins/Experimental/ControlFlows/ControlFlows.uplugin" 227
"../../../Engine/Plugins/Experimental/DefaultInstallBundleManager/DefaultInstallBundleManager.uplugin" 228
"../../../Engine/Plugins/Experimental/FieldSystemPlugin/FieldSystemPlugin.uplugin" 229
"../../../Engine/Plugins/Experimental/Dataflow/Dataflow.uplugin" 230
"../../../Engine/Plugins/Experimental/Fracture/Fracture.uplugin" 231
"../../../Engine/Plugins/Experimental/GameFeatures/GameFeatures.uplugin" 232
"../../../Engine/Plugins/Experimental/FullBodyIK/FullBodyIK.uplugin" 233
"../../../Engine/Plugins/Experimental/GameplayBehaviors/GameplayBehaviors.uplugin" 234
"../../../Engine/Plugins/Experimental/GameplayTargetingSystem/TargetingSystem.uplugin" 235
"../../../Engine/Plugins/Experimental/Gauntlet/Gauntlet.uplugin" 236
"../../../Engine/Plugins/Experimental/GeometryScripting/GeometryScripting.uplugin" 237
"../../../Engine/Plugins/Experimental/GeometryCacheAbcFile/GeometryCacheAbcFile.uplugin" 238
"../../../Engine/Plugins/Experimental/GeometryCollectionPlugin/GeometryCollectionPlugin.uplugin" 239
"../../../Engine/Plugins/Experimental/GeometryFlow/GeometryFlow.uplugin" 240
"../../../Engine/Plugins/Experimental/GizmoFramework/GizmoFramework.uplugin" 241
"../../../Engine/Plugins/Experimental/GPULightmass/GPULightmass.uplugin" 242
"../../../Engine/Plugins/Experimental/GizmoEdMode/GizmoEdMode.uplugin" 243
"../../../Engine/Plugins/Experimental/HairModelingToolset/HairModelingToolset.uplugin" 244
"../../../Engine/Plugins/Experimental/ImpostorBaker/ImpostorBaker.uplugin" 245
"../../../Engine/Plugins/Experimental/ImagePlate/ImagePlate.uplugin" 246
"../../../Engine/Plugins/Experimental/Iris/Iris.uplugin" 247
"../../../Engine/Plugins/Experimental/JWT/JWT.uplugin" 248
"../../../Engine/Plugins/Experimental/Landmass/Landmass.uplugin" 249
"../../../Engine/Plugins/Experimental/LandscapePatch/LandscapePatch.uplugin" 250
"../../../Engine/Plugins/Experimental/LiveLinkFaceImporter/LiveLinkFaceImporter.uplugin" 251
"../../../Engine/Plugins/Experimental/LiveLinkControlRig/LiveLinkControlRig.uplugin" 252
"../../../Engine/Plugins/Experimental/MeshModelingToolsetExp/MeshModelingToolsetExp.uplugin" 253
"../../../Engine/Plugins/Experimental/Mutable/Mutable.uplugin" 254
"../../../Engine/Plugins/Experimental/ModularGameplay/ModularGameplay.uplugin" 255
"../../../Engine/Plugins/Experimental/MotoSynth/MotoSynth.uplugin" 256
"../../../Engine/Plugins/Experimental/MeshLODToolset/MeshLODToolset.uplugin" 257
"../../../Engine/Plugins/Experimental/NaniteDisplacedMesh/NaniteDisplacedMesh.uplugin" 258
"../../../Engine/Plugins/Experimental/MotorSimOutputMotoSynth/MotorSimOutputMotoSynth.uplugin" 259
"../../../Engine/Plugins/Experimental/NNE/NNE.uplugin" 260
"../../../Engine/Plugins/Experimental/NNI/NeuralNetworkInference.uplugin" 261
"../../../Engine/Plugins/Experimental/OpenImageDenoise/OpenImageDenoise.uplugin" 262
"../../../Engine/Plugins/Experimental/OptiXDenoise/OptiXDenoise.uplugin" 263
"../../../Engine/Plugins/Experimental/PCG/PCG.uplugin" 264
"../../../Engine/Plugins/Experimental/PCGGeometryScriptInterop/PCGGeometryScriptInterop.uplugin" 265
"../../../Engine/Plugins/Experimental/PanoramicCapture/PanoramicCapture.uplugin" 266
"../../../Engine/Plugins/Experimental/PhysicsControl/PhysicsControl.uplugin" 267
"../../../Engine/Plugins/Experimental/PixelStreamingPlayer/PixelStreamingPlayer.uplugin" 268
"../../../Engine/Plugins/Experimental/PlatformCrypto/PlatformCrypto.uplugin" 269
"../../../Engine/Plugins/Experimental/ProxyLODPlugin/ProxyLODPlugin.uplugin" 270
"../../../Engine/Plugins/Experimental/PlanarCutPlugin/PlanarCut.uplugin" 271
"../../../Engine/Plugins/Experimental/PythonScriptPlugin/PythonScriptPlugin.uplugin" 272
"../../../Engine/Plugins/Experimental/RawInput/RawInput.uplugin" 273
"../../../Engine/Plugins/Experimental/PythonFoundationPackages/PythonFoundationPackages.uplugin" 274
"../../../Engine/Plugins/Experimental/RemoteSession/RemoteSession.uplugin" 275
"../../../Engine/Plugins/Experimental/RenderGrid/RenderGrid.uplugin" 276
"../../../Engine/Plugins/Experimental/SampleToolsEditorMode/SampleToolsEditorMode.uplugin" 277
"../../../Engine/Plugins/Experimental/ScreenReader/ScreenReader.uplugin" 278
"../../../Engine/Plugins/Experimental/ScriptableToolsEditorMode/ScriptableToolsEditorMode.uplugin" 279
"../../../Engine/Plugins/Experimental/ScriptableToolsFramework/ScriptableToolsFramework.uplugin" 280
"../../../Engine/Plugins/Experimental/SimpleHMD/SimpleHMD.uplugin" 281
"../../../Engine/Plugins/Experimental/Shotgrid/Shotgrid.uplugin" 282
"../../../Engine/Plugins/Experimental/SkeletalReduction/SkeletalReduction.uplugin" 283
"../../../Engine/Plugins/Experimental/SlateScreenReader/SlateScreenReader.uplugin" 284
"../../../Engine/Plugins/Experimental/StaticMeshEditorModeling/StaticMeshEditorModeling.uplugin" 285
"../../../Engine/Plugins/Experimental/StructUtils/StructUtils.uplugin" 286
"../../../Engine/Plugins/Experimental/TetMeshing/TetMeshing.uplugin" 287
"../../../Engine/Plugins/Experimental/Text3D/Text3D.uplugin" 288
"../../../Engine/Plugins/Experimental/TextToSpeech/TextToSpeech.uplugin" 289
"../../../Engine/Plugins/Experimental/ToolPresets/ToolPresets.uplugin" 290
"../../../Engine/Plugins/Experimental/TextureMediaPlayer/TextureMediaPlayer.uplugin" 291
"../../../Engine/Plugins/Experimental/UIFramework/UIFramework.uplugin" 292
"../../../Engine/Plugins/Experimental/UserToolBoxCore/UserToolBoxCore.uplugin" 293
"../../../Engine/Plugins/Experimental/UserToolBoxBasicCommand/UserToolBoxBasicCommand.uplugin" 294
"../../../Engine/Plugins/Experimental/UVEditor/UVEditor.uplugin" 295
"../../../Engine/Plugins/Experimental/TypedElementsDataStorage/TypedElementsDataStorage.uplugin" 296
"../../../Engine/Plugins/Experimental/VirtualCamera/VirtualCamera.uplugin" 297
"../../../Engine/Plugins/Experimental/Volumetrics/Volumetrics.uplugin" 298
"../../../Engine/Plugins/Experimental/VirtualHeightfieldMesh/VirtualHeightfieldMesh.uplugin" 299
"../../../Engine/Plugins/Experimental/VirtualScouting/VirtualScouting.uplugin" 300
"../../../Engine/Plugins/Experimental/VirtualCameraCore/VirtualCameraCore.uplugin" 301
"../../../Engine/Plugins/Experimental/VirtualProductionUtilities/VirtualProductionUtilities.uplugin" 302
"../../../Engine/Plugins/Experimental/WaterExtras/WaterExtras.uplugin" 303
"../../../Engine/Plugins/Experimental/Water/Water.uplugin" 304
"../../../Engine/Plugins/Runtime/ActorLayerUtilities/ActorLayerUtilities.uplugin" 305
"../../../Engine/Plugins/Runtime/AndroidBackgroundService/AndroidBackgroundService.uplugin" 306
"../../../Engine/Plugins/Experimental/WaveFunctionCollapse/WaveFunctionCollapse.uplugin" 307
"../../../Engine/Plugins/Runtime/AndroidDeviceProfileSelector/AndroidDeviceProfileSelector.uplugin" 308
"../../../Engine/Plugins/Experimental/WebSocketNetworking/WebSocketNetworking.uplugin" 309
"../../../Engine/Plugins/Experimental/XRCreativeFramework/XRCreativeFramework.uplugin" 310
"../../../Engine/Plugins/Experimental/WidgetEditorToolPalette/WidgetEditorToolPalette.uplugin" 311
"../../../Engine/Plugins/Runtime/AndroidPermission/AndroidPermission.uplugin" 312
"../../../Engine/Plugins/Runtime/AndroidFileServer/AndroidFileServer.uplugin" 313
"../../../Engine/Plugins/Runtime/AndroidMoviePlayer/AndroidMoviePlayer.uplugin" 314
"../../../Engine/Plugins/Runtime/ApexDestruction/ApexDestruction.uplugin" 315
"../../../Engine/Plugins/Runtime/AppleImageUtils/AppleImageUtils.uplugin" 316
"../../../Engine/Plugins/Runtime/AnimationBudgetAllocator/AnimationBudgetAllocator.uplugin" 317
"../../../Engine/Plugins/Runtime/AppleMoviePlayer/AppleMoviePlayer.uplugin" 318
"../../../Engine/Plugins/Runtime/ArchVisCharacter/ArchVisCharacter.uplugin" 319
"../../../Engine/Plugins/Runtime/AssetTags/AssetTags.uplugin" 320
"../../../Engine/Plugins/Runtime/AudioCapture/AudioCapture.uplugin" 321
"../../../Engine/Plugins/Runtime/AudioModulation/AudioModulation.uplugin" 322
"../../../Engine/Plugins/Runtime/AudioMotorSim/AudioMotorSim.uplugin" 323
"../../../Engine/Plugins/Runtime/AudioSynesthesia/AudioSynesthesia.uplugin" 324
"../../../Engine/Plugins/Runtime/AudioWidgets/AudioWidgets.uplugin" 325
"../../../Engine/Plugins/Runtime/ChunkDownloader/ChunkDownloader.uplugin" 326
"../../../Engine/Plugins/Runtime/CableComponent/CableComponent.uplugin" 327
"../../../Engine/Plugins/Runtime/ComputeFramework/ComputeFramework.uplugin" 328
"../../../Engine/Plugins/Runtime/CustomMeshComponent/CustomMeshComponent.uplugin" 329
"../../../Engine/Plugins/Runtime/DataRegistry/DataRegistry.uplugin" 330
"../../../Engine/Plugins/Runtime/ExampleDeviceProfileSelector/ExampleDeviceProfileSelector.uplugin" 331
"../../../Engine/Plugins/Runtime/Firebase/Firebase.uplugin" 332
"../../../Engine/Plugins/Runtime/GameplayAbilities/GameplayAbilities.uplugin" 333
"../../../Engine/Plugins/Runtime/GameplayInteractions/GameplayInteractions.uplugin" 334
"../../../Engine/Plugins/Runtime/GameplayBehaviorSmartObjects/GameplayBehaviorSmartObjects.uplugin" 335
"../../../Engine/Plugins/Runtime/GameplayStateTree/GameplayStateTree.uplugin" 336
"../../../Engine/Plugins/Runtime/GeometryCache/GeometryCache.uplugin" 337
"../../../Engine/Plugins/Runtime/GeometryProcessing/GeometryProcessing.uplugin" 338
"../../../Engine/Plugins/Runtime/GeoReferencing/GeoReferencing.uplugin" 339
"../../../Engine/Plugins/Runtime/GooglePAD/GooglePAD.uplugin" 340
"../../../Engine/Plugins/Runtime/GoogleCloudMessaging/GoogleCloudMessaging.uplugin" 341
"../../../Engine/Plugins/Runtime/HDRIBackdrop/HDRIBackdrop.uplugin" 342
"../../../Engine/Plugins/Runtime/HPMotionController/HPMotionController.uplugin" 343
"../../../Engine/Plugins/Runtime/HairStrands/HairStrands.uplugin" 344
"../../../Engine/Plugins/Runtime/HTTPChunkInstaller/HTTPChunkInstaller.uplugin" 345
"../../../Engine/Plugins/Runtime/InputDebugging/InputDebugging.uplugin" 346
"../../../Engine/Plugins/Runtime/IOSDeviceProfileSelector/IOSDeviceProfileSelector.uplugin" 347
"../../../Engine/Plugins/Runtime/IOSReplayKit/IOSReplayKit.uplugin" 348
"../../../Engine/Plugins/Runtime/LinuxDeviceProfileSelector/LinuxDeviceProfileSelector.uplugin" 349
"../../../Engine/Plugins/Runtime/LiveLinkOvernDisplay/LiveLinkOverNDisplay.uplugin" 350
"../../../Engine/Plugins/Runtime/LocationServicesBPLibrary/LocationServicesBPLibrary.uplugin" 351
"../../../Engine/Plugins/Runtime/LocationServicesAndroidImpl/LocationServicesAndroidImpl.uplugin" 352
"../../../Engine/Plugins/Runtime/LocationServicesIOSImpl/LocationServicesIOSImpl.uplugin" 353
"../../../Engine/Plugins/Runtime/MassEntity/MassEntity.uplugin" 354
"../../../Engine/Plugins/Runtime/MassGameplay/MassGameplay.uplugin" 355
"../../../Engine/Plugins/Runtime/MeshModelingToolset/MeshModelingToolset.uplugin" 356
"../../../Engine/Plugins/Runtime/Metasound/Metasound.uplugin" 357
"../../../Engine/Plugins/Runtime/MIDIDevice/MIDIDevice.uplugin" 358
"../../../Engine/Plugins/Runtime/MobileFSR/MobileFSR.uplugin" 359
"../../../Engine/Plugins/Runtime/MicrosoftSpatialAudio/MicroSoftSpatialSound.uplugin" 360
"../../../Engine/Plugins/Runtime/MixedRealityCaptureFramework/MixedRealityCaptureFramework.uplugin" 361
"../../../Engine/Plugins/Runtime/ModelViewViewModel/ModelViewViewModel.uplugin" 362
"../../../Engine/Plugins/Runtime/MobilePatchingUtils/MobilePatchingUtils.uplugin" 363
"../../../Engine/Plugins/Runtime/nDisplay/nDisplay.uplugin" 364
"../../../Engine/Plugins/Runtime/NavCorridor/NavCorridor.uplugin" 365
"../../../Engine/Plugins/Runtime/NetworkPrediction/NetworkPrediction.uplugin" 366
"../../../Engine/Plugins/Runtime/NetworkPredictionExtras/NetworkPredictionExtras.uplugin" 367
"../../../Engine/Plugins/Runtime/NetworkPredictionInsights/NetworkPredictionInsights.uplugin" 368
"../../../Engine/Plugins/Runtime/nDisplayModularFeatures/nDisplayModularFeatures.uplugin" 369
"../../../Engine/Plugins/Runtime/OpenCV/OpenCV.uplugin" 370
"../../../Engine/Plugins/Runtime/OpenXR/OpenXR.uplugin" 371
"../../../Engine/Plugins/Runtime/OpenXREyeTracker/OpenXREyeTracker.uplugin" 372
"../../../Engine/Plugins/Runtime/OpenXRHandTracking/OpenXRHandTracking.uplugin" 373
"../../../Engine/Plugins/Runtime/OpenXRMsftHandInteraction/OpenXRMsftHandInteraction.uplugin" 374
"../../../Engine/Plugins/Runtime/OpenXRViveTracker/OpenXRViveTracker.uplugin" 375
"../../../Engine/Plugins/Runtime/OptionalMobileFeaturesBPLibrary/OptionalMobileFeaturesBPLibrary.uplugin" 376
"../../../Engine/Plugins/Runtime/OSC/OSC.uplugin" 377
"../../../Engine/Plugins/Runtime/OSCModulationMixing/OSCModulationMixing.uplugin" 378
"../../../Engine/Plugins/Runtime/PreLoadScreenMoviePlayer/PreLoadScreenMoviePlayer.uplugin" 379
"../../../Engine/Plugins/Runtime/ProceduralMeshComponent/ProceduralMeshComponent.uplugin" 380
"../../../Engine/Plugins/Runtime/PropertyAccess/PropertyAccessEditor.uplugin" 381
"../../../Engine/Plugins/Runtime/ResonanceAudio/ResonanceAudio.uplugin" 382
"../../../Engine/Plugins/Runtime/ReplicationGraph/ReplicationGraph.uplugin" 383
"../../../Engine/Plugins/Runtime/RenderTrace/RenderTrace.uplugin" 384
"../../../Engine/Plugins/Runtime/ReplicationSystemTestPlugin/ReplicationSystemTestPlugin.uplugin" 385
"../../../Engine/Plugins/Runtime/SignificanceManager/SignificanceManager.uplugin" 386
"../../../Engine/Plugins/Runtime/SmartObjects/SmartObjects.uplugin" 387
"../../../Engine/Plugins/Runtime/SkeletalMerging/SkeletalMerging.uplugin" 388
"../../../Engine/Plugins/Runtime/SoundFields/SoundFields.uplugin" 389
"../../../Engine/Plugins/Runtime/Soundscape/Soundscape.uplugin" 390
"../../../Engine/Plugins/Runtime/SoundMod/SoundMod.uplugin" 391
"../../../Engine/Plugins/Runtime/SoundCueTemplates/SoundCueTemplates.uplugin" 392
"../../../Engine/Plugins/Runtime/SoundUtilities/SoundUtilities.uplugin" 393
"../../../Engine/Plugins/Runtime/Spatialization/Spatialization.uplugin" 394
"../../../Engine/Plugins/Runtime/StateTree/StateTree.uplugin" 395
"../../../Engine/Plugins/Runtime/Synthesis/Synthesis.uplugin" 396
"../../../Engine/Plugins/Runtime/SunPosition/SunPosition.uplugin" 397
"../../../Engine/Plugins/Runtime/WaveTable/WaveTable.uplugin" 398
"../../../Engine/Plugins/Runtime/WarpUtils/WarpUtils.uplugin" 399
"../../../Engine/Plugins/Runtime/WebBrowserWidget/WebBrowserWidget.uplugin" 400
"../../../Engine/Plugins/Runtime/WebBrowserNativeProxy/WebBrowserNativeProxy.uplugin" 401
"../../../Engine/Plugins/Runtime/WebMMoviePlayer/WebMMoviePlayer.uplugin" 402
"../../../Engine/Plugins/2D/Paper2D/Paper2D.uplugin" 403
"../../../Engine/Plugins/Runtime/WindowsDeviceProfileSelector/WindowsDeviceProfileSelector.uplugin" 404
"../../../Engine/Plugins/Runtime/WindowsMoviePlayer/WindowsMoviePlayer.uplugin" 405
"../../../Engine/Plugins/Editor/AssetManagerEditor/AssetManagerEditor.uplugin" 406
"../../../Engine/Plugins/Runtime/ZoneGraph/ZoneGraph.uplugin" 407
"../../../Engine/Plugins/Runtime/WorldConditions/WorldConditions.uplugin" 408
"../../../Engine/Plugins/Editor/AssetReferenceRestrictions/AssetReferenceRestrictions.uplugin" 409
"../../../Engine/Plugins/Runtime/ZoneGraphAnnotations/ZoneGraphAnnotations.uplugin" 410
"../../../Engine/Plugins/Editor/AssetRegistryExport/AssetRegistryExport.uplugin" 411
"../../../Engine/Plugins/Editor/AssetSearch/AssetSearch.uplugin" 412
"../../../Engine/Plugins/Editor/ChangelistReview/ChangelistReview.uplugin" 413
"../../../Engine/Plugins/Editor/BlueprintHeaderView/BlueprintHeaderView.uplugin" 414
"../../../Engine/Plugins/Editor/CryptoKeys/CryptoKeys.uplugin" 415
"../../../Engine/Plugins/Editor/BlueprintMaterialTextureNodes/BlueprintMaterialTextureNodes.uplugin" 416
"../../../Engine/Plugins/Editor/CurveEditorTools/CurveEditorTools.uplugin" 417
"../../../Engine/Plugins/Editor/ConsoleVariablesEditor/ConsoleVariables.uplugin" 418
"../../../Engine/Plugins/Editor/DataValidation/DataValidation.uplugin" 419
"../../../Engine/Plugins/Editor/EditorDebugTools/EditorDebugTools.uplugin" 420
"../../../Engine/Plugins/Editor/DisplayClusterLaunch/DisplayClusterLaunch.uplugin" 421
"../../../Engine/Plugins/Editor/EditorScriptingUtilities/EditorScriptingUtilities.uplugin" 422
"../../../Engine/Plugins/Editor/GameplayTagsEditor/GameplayTagsEditor.uplugin" 423
"../../../Engine/Plugins/Editor/EngineAssetDefinitions/EngineAssetDefinitions.uplugin" 424
"../../../Engine/Plugins/Editor/GeometryMode/GeometryMode.uplugin" 425
"../../../Engine/Plugins/Editor/FacialAnimation/FacialAnimation.uplugin" 426
"../../../Engine/Plugins/Editor/GLTFImporter/GLTFImporter.uplugin" 427
"../../../Engine/Plugins/Editor/GuidedTutorials/GuidedTutorials.uplugin" 428
"../../../Engine/Plugins/Editor/LiveUpdateForSlate/LiveUpdateForSlate.uplugin" 429
"../../../Engine/Plugins/Editor/MakeCookedEditorAsDLC/MakeCookedEditorAsDLC.uplugin" 430
"../../../Engine/Plugins/Editor/MacGraphicsSwitching/MacGraphicsSwitching.uplugin" 431
"../../../Engine/Plugins/Editor/MaterialAnalyzer/MaterialAnalyzer.uplugin" 432
"../../../Engine/Plugins/Editor/MobileLauncherProfileWizard/MobileLauncherProfileWizard.uplugin" 433
"../../../Engine/Plugins/Editor/ModelingToolsEditorMode/ModelingToolsEditorMode.uplugin" 434
"../../../Engine/Plugins/Editor/PluginBrowser/PluginBrowser.uplugin" 435
"../../../Engine/Plugins/Performance/PerformanceMonitor/PerformanceMonitor.uplugin" 436
"../../../Engine/Plugins/Editor/StylusInput/StylusInput.uplugin" 437
"../../../Engine/Plugins/Editor/SpeedTreeImporter/SpeedTreeImporter.uplugin" 438
"../../../Engine/Plugins/Editor/WorldPartitionHLODUtilities/WorldPartitionHLODUtilities.uplugin" 439
"../../../Engine/Plugins/Editor/SequencerAnimTools/SequencerAnimTools.uplugin" 440
"../../../Engine/Plugins/Editor/WaveformEditor/WaveformEditor.uplugin" 441
"../../../Engine/Plugins/AI/EnvironmentQueryEditor/EnvironmentQueryEditor.uplugin" 442
"../../../Engine/Plugins/Animation/AnimationData/AnimationData.uplugin" 443
"../../../Engine/Plugins/Experimental/AVCodecs/AMFCodecs/AMFCodecs.uplugin" 444
"../../../Engine/Plugins/Experimental/AVCodecs/AVCodecsCore/AVCodecsCore.uplugin" 445
"../../../Engine/Plugins/Animation/MLDeformer/MLDeformerFramework/MLDeformerFramework.uplugin" 446
"../../../Engine/Plugins/Runtime/Nvidia/Reflex/Reflex.uplugin" 447
"../../../Engine/Plugins/Experimental/Enterprise/DatasmithRuntime/DatasmithRuntime.uplugin" 448
"../../../Engine/Plugins/Runtime/Nvidia/GeForceNOWWrapper/GeForceNOWWrapper.uplugin" 449
"../../../Engine/Plugins/Animation/MLDeformer/NeuralMorphModel/NeuralMorphModel.uplugin" 450
"../../../Engine/Plugins/Animation/MLDeformer/NearestNeighborModel/NearestNeighborModel.uplugin" 451
"../../../Engine/Plugins/Runtime/MeshReconstruction/DummyMeshReconstructor/DummyMeshReconstructor.uplugin" 452
"../../../Engine/Plugins/Experimental/AR/PointCloud/PointCloud.uplugin" 453
"../../../Engine/Plugins/Experimental/Enterprise/DatasmithInterchange/DatasmithInterchange.uplugin" 454
"../../../Engine/Plugins/Experimental/Enterprise/DataprepGeometryOperations/DataprepGeometryOperations.uplugin" 455
"../../../Engine/Plugins/Animation/MLDeformer/VertexDeltaModel/VertexDeltaModel.uplugin" 456
"../../../Engine/Plugins/Experimental/AVCodecs/NVCodecs/NVCodecs.uplugin" 457
"../../../Engine/Plugins/Experimental/AVCodecs/WMFCodecs/WMFCodecs.uplugin" 458
"../../../Engine/Plugins/Runtime/Steam/SteamAudio/SteamAudio.uplugin" 459
"../../../Engine/Plugins/Experimental/Animation/ContextualAnimation/ContextualAnimation.uplugin" 460
"../../../Engine/Plugins/Runtime/Steam/SteamController/SteamController.uplugin" 461
"../../../Engine/Plugins/Experimental/Animation/CurveExpression/CurveExpression.uplugin" 462
"../../../Engine/Plugins/Runtime/Steam/SteamShared/SteamShared.uplugin" 463
"../../../Engine/Plugins/Runtime/Steam/SteamVR/SteamVR.uplugin" 464
"../../../Engine/Plugins/Runtime/Steam/SteamSockets/SteamSockets.uplugin" 465
"../../../Engine/Plugins/Runtime/Advertising/IOSTapJoy/IOSTapJoy.uplugin" 466
"../../../Engine/Plugins/Experimental/Animation/Optimus/Optimus.uplugin" 467
"../../../Engine/Plugins/Experimental/Animation/MotionTrajectory/MotionTrajectory.uplugin" 468
"../../../Engine/Plugins/Experimental/Animation/PoseCorrectives/PoseCorrectives.uplugin" 469
"../../../Engine/Plugins/Runtime/Database/ADOSupport/ADOSupport.uplugin" 470
"../../../Engine/Plugins/Experimental/Animation/PoseSearch/PoseSearch.uplugin" 471
"../../../Engine/Plugins/Runtime/Database/DatabaseSupport/DatabaseSupport.uplugin" 472
"../../../Engine/Plugins/Runtime/XR/XRVisualization/XRVisualization.uplugin" 473
"../../../Engine/Plugins/Runtime/Oculus/OculusAudio/OculusAudio.uplugin" 474
"../../../Engine/Plugins/Runtime/Database/SQLiteCore/SQLiteCore.uplugin" 475
"../../../Engine/Plugins/Experimental/Animation/SkeletalMeshModelingTools/SkeletalMeshModelingTools.uplugin" 476
"../../../Engine/Plugins/Runtime/Oculus/OculusVR/OculusVR.uplugin" 477
"../../../Engine/Plugins/Runtime/Database/SQLiteSupport/SQLiteSupport.uplugin" 478
"../../../Engine/Plugins/Runtime/Database/RemoteDatabaseSupport/RemoteDatabaseSupport.uplugin" 479
"../../../Engine/Plugins/Editor/ContentBrowser/ContentBrowserAssetDataSource/ContentBrowserAssetDataSource.uplugin" 480
"../../../Engine/Plugins/VirtualProduction/Rivermax/RivermaxMedia/RivermaxMedia.uplugin" 481
"../../../Engine/Plugins/VirtualProduction/Rivermax/RivermaxCore/RivermaxCore.uplugin" 482
"../../../Engine/Plugins/Editor/ContentBrowser/ContentBrowserClassDataSource/ContentBrowserClassDataSource.uplugin" 483
"../../../Engine/Plugins/Editor/ContentBrowser/ContentBrowserAliasDataSoure/ContentBrowserAliasDataSource.uplugin" 484
"../../../Engine/Plugins/Online/Android/AndroidFetchBackgroundDownload/AndroidFetchBackgroundDownload.uplugin" 485
"../../../Engine/Plugins/Editor/ContentBrowser/ContentBrowserFileDataSource/ContentBrowserFileDataSource.uplugin" 486
"../../../Engine/Plugins/Online/Android/OnlineSubsystemGooglePlay/OnlineSubsystemGooglePlay.uplugin" 487
"../../../Engine/Plugins/Online/VoiceChat/EOSVoiceChat/EOSVoiceChat.uplugin" 488
"../../../Engine/Plugins/Online/VoiceChat/VoiceChat/VoiceChat.uplugin" 489
"../../../Engine/Plugins/Runtime/AR/ARUtilities/ARUtilities.uplugin" 490
"../../../Engine/Plugins/Runtime/AR/AzureSpatialAnchorsForARKit/AzureSpatialAnchorsForARKit.uplugin" 491
"../../../Engine/Plugins/Runtime/AR/AzureSpatialAnchorsForARCore/AzureSpatialAnchorsForARCore.uplugin" 492
"../../../Engine/Plugins/Editor/ObjectMixer/LightMixer/LightMixer.uplugin" 493
"../../../Engine/Plugins/Experimental/Web/WebAPI/WebAPI.uplugin" 494
"../../../Engine/Plugins/Developer/Concert/ConcertMain/ConcertMain.uplugin" 495
"../../../Engine/Plugins/Runtime/AR/AzureSpatialAnchors/AzureSpatialAnchors.uplugin" 496
"../../../Engine/Plugins/Editor/ObjectMixer/ObjectMixer/ObjectMixer.uplugin" 497
"../../../Engine/Plugins/Online/IOS/OnlineSubsystemIOS/OnlineSubsystemIOS.uplugin" 498
"../../../Engine/Plugins/VirtualProduction/DMX/DatasmithMVR/DatasmithMVR.uplugin" 499
"../../../Engine/Plugins/Experimental/CharacterFXEditor/BaseCharacterFXEditor/BaseCharacterFXEditor.uplugin" 500
"../../../Engine/Plugins/VirtualProduction/DMX/DMXDisplayCluster/DMXDisplayCluster.uplugin" 501
"../../../Engine/Plugins/VirtualProduction/DMX/DMXFixtures/DMXFixtures.uplugin" 502
"../../../Engine/Plugins/Experimental/CharacterFXEditor/ExampleCharacterFXEditor/ExampleCharacterFXEditor.uplugin" 503
"../../../Engine/Plugins/VirtualProduction/DMX/DMXModularFeatures/DMXModularFeatures.uplugin" 504
"../../../Engine/Plugins/Runtime/Analytics/Adjust/Adjust.uplugin" 505
"../../../Engine/Plugins/VirtualProduction/DMX/DMXEngine/DMXEngine.uplugin" 506
"../../../Engine/Plugins/VirtualProduction/DMX/DMXPixelMapping/DMXPixelMapping.uplugin" 507
"../../../Engine/Plugins/Runtime/Analytics/AnalyticsBlueprintLibrary/AnalyticsBlueprintLibrary.uplugin" 508
"../../../Engine/Plugins/VirtualProduction/DMX/DMXControlConsole/DMXControlConsole.uplugin" 509
"../../../Engine/Plugins/Runtime/Analytics/AnalyticsMulticast/AnalyticsMulticast.uplugin" 510
"../../../Engine/Plugins/Runtime/Windows/WinDualShock/WinDualShock.uplugin" 511
"../../../Engine/Plugins/VirtualProduction/DMX/DMXProtocol/DMXProtocol.uplugin" 512
"../../../Engine/Plugins/Runtime/PacketHandlers/AESGCMHandlerComponent/AESGCMHandlerComponent.uplugin" 513
"../../../Engine/Plugins/Runtime/PacketHandlers/DTLSHandlerComponent/DTLSHandlerComponent.uplugin" 514
"../../../Engine/Plugins/Runtime/PacketHandlers/AESHandlerComponent/AESHandlerComponent.uplugin" 515
"../../../Engine/Plugins/Experimental/VirtualProduction/VPSettings/VPSettings.uplugin" 516
"../../../Engine/Plugins/Experimental/VirtualProduction/LedWallCalibration/LedWallCalibration.uplugin" 517
"../../../Engine/Plugins/Experimental/VirtualProduction/VPRoles/VPRoles.uplugin" 518
"../../../Engine/Plugins/Runtime/Analytics/Flurry/Flurry.uplugin" 519
"../../../Engine/Plugins/Runtime/Analytics/FileLogging/FileLogging.uplugin" 520
"../../../Engine/Plugins/Developer/Concert/ConcertApp/MultiUserClient/MultiUserClient.uplugin" 521
"../../../Engine/Plugins/Developer/Concert/ConcertApp/DisasterRecoveryClient/DisasterRecoveryClient.uplugin" 522
"../../../Engine/Plugins/Developer/Concert/ConcertApp/MultiUserServer/MultiUserServer.uplugin" 523
"../../../Engine/Plugins/Developer/Concert/ConcertUI/ConcertClientSharedSlate/ConcertClientSharedSlate.uplugin" 524
"../../../Engine/Plugins/Developer/Concert/ConcertUI/ConcertSharedSlate/ConcertSharedSlate.uplugin" 525
"../../../Engine/Plugins/Developer/Concert/ConcertSync/ConcertSyncClient/ConcertSyncClient.uplugin" 526
"../../../Engine/Plugins/Developer/Concert/ConcertSync/ConcertSyncServer/ConcertSyncServer.uplugin" 527
"../../../Engine/Plugins/Runtime/AR/AppleAR/AppleARKit/AppleARKit.uplugin" 528
"../../../Engine/Plugins/Runtime/AR/AppleAR/AppleARKitFaceSupport/AppleARKitFaceSupport.uplugin" 529
"../../../Engine/Plugins/Developer/Concert/ConcertSync/ConcertSyncCore/ConcertSyncCore.uplugin" 530
"../../../Engine/Plugins/Runtime/AR/Google/GoogleARCore/GoogleARCore.uplugin" 531
"../../../Engine/Plugins/Runtime/AR/Google/GoogleARCoreServices/GoogleARCoreServices.uplugin" 532
"../../../Engine/Plugins/Developer/Concert/ConcertSync/ConcertSyncTest/ConcertSyncTest.uplugin" 533
"../../../Engine/Platforms/HoloLens/Plugins/Online/OnlineServicesEOS/OnlineServicesEOS_HoloLens.uplugin" 534
"../../../Engine/Platforms/HoloLens/Plugins/Media/HLMedia/HLMedia_HoloLens.uplugin" 535
"../../../Engine/Platforms/HoloLens/Plugins/Media/MfMedia/MfMedia_HoloLens.uplugin" 536
"../../../Engine/Platforms/HoloLens/Plugins/Runtime/OpenXREyeTracker/OpenXREyeTracker_HoloLens.uplugin" 537
"../../../Engine/Platforms/HoloLens/Plugins/Online/OnlineServicesEOSGS/OnlineServicesEOSGS_HoloLens.uplugin" 538
"../../../Engine/Platforms/HoloLens/Plugins/Compression/OodleNetwork/OodleNetwork_HoloLens.uplugin" 539
"../../../Engine/Platforms/HoloLens/Plugins/Runtime/GeoReferencing/GeoReferencing_HoloLens.uplugin" 540
"../../../Engine/Platforms/HoloLens/Plugins/Runtime/ApexDestruction/ApexDestruction_HoloLens.uplugin" 541
"../../../Engine/Platforms/HoloLens/Plugins/Runtime/MicrosoftSpatialAudio/MicroSoftSpatialSound_HoloLens.uplugin" 542
"../../../Engine/Platforms/HoloLens/Plugins/Media/BinkMedia/BinkMedia_HoloLens.uplugin" 543
"../../../Engine/Platforms/HoloLens/Plugins/Runtime/OpenXRHandTracking/OpenXRHandTracking_HoloLens.uplugin" 544
"../../../Engine/Platforms/HoloLens/Plugins/Runtime/OpenXR/OpenXR_HoloLens.uplugin" 545
"../../../Engine/Platforms/HoloLens/Plugins/Runtime/OpenXRMsftHandInteraction/OpenXRMsftHandInteraction_HoloLens.uplugin" 546
"../../../Engine/Platforms/HoloLens/Plugins/Runtime/AR/AzureSpatialAnchors/AzureSpatialAnchors_HoloLens.uplugin" 547
"E:/gry/EndedWorld - git/Plugins/AdvancedSessions/AdvancedSessions.uplugin" 548
"E:/gry/EndedWorld - git/Plugins/AdvancedSteamSessions/AdvancedSteamSessions.uplugin" 549
"../../../Engine/Content/Internationalization/icudt64l/cnvalias.icu" 550
"../../../Engine/Content/Internationalization/icudt64l/res_index.res" 551
"../../../Engine/Content/Internationalization/icudt64l/plurals.res" 552
"../../../Engine/Content/Internationalization/icudt64l/lang/pl.res" 553
"../../../Engine/Content/Internationalization/icudt64l/lang/pool.res" 554
"../../../Engine/Content/Internationalization/icudt64l/lang/root.res" 555
"../../../Engine/Content/Internationalization/icudt64l/region/pl.res" 556
"../../../Engine/Content/Internationalization/icudt64l/region/pool.res" 557
"../../../Engine/Content/Internationalization/icudt64l/region/root.res" 558
"../../../Engine/Content/Internationalization/icudt64l/lang/en.res" 559
"../../../Engine/Content/Internationalization/icudt64l/region/en.res" 560
"../../../Engine/Content/Internationalization/icudt64l/windowsZones.res" 561
"../../../Engine/Content/Internationalization/icudt64l/zoneinfo64.res" 562
"../../../Engine/Content/Internationalization/icudt64l/keyTypeData.res" 563
"../../../Engine/Content/Internationalization/icudt64l/timezoneTypes.res" 564
"../../../Engine/Content/Internationalization/icudt64l/likelySubtags.res" 565
"../../../Engine/Content/Internationalization/icudt64l/pl_PL.res" 566
"../../../Engine/Content/Internationalization/icudt64l/pool.res" 567
"../../../Engine/Content/Internationalization/icudt64l/pl.res" 568
"../../../Engine/Content/Internationalization/icudt64l/root.res" 569
"../../../Engine/Content/Internationalization/icudt64l/supplementalData.res" 570
"../../../Engine/Config/ConfigRedirects.ini" 571
"C:/Users/jakub/AppData/Local/UnrealEngine/5.2/Saved/Config/WindowsEditor/Manifest.ini" 572
"../../../Engine/Config/Base.ini" 573
"../../../Engine/Config/BaseEngine.ini" 574
"../../../Engine/Config/Android/BaseAndroidEngine.ini" 575
"../../../Engine/Config/IOS/BaseIOSEngine.ini" 576
"../../../Engine/Config/Mac/BaseMacEngine.ini" 577
"../../../../../gry/EndedWorld - git/Config/DefaultEngine.ini" 578
"../../../Engine/Platforms/HoloLens/Config/BaseHoloLensEngine.ini" 579
"../../../Engine/Config/LinuxArm64/BaseLinuxArm64Engine.ini" 580
"../../../Engine/Config/Windows/BaseWindowsEngine.ini" 581
"../../../Engine/Config/IOS/IOSEngine.ini" 582
"../../../Engine/Config/Android/AndroidEngine.ini" 583
"../../../Engine/Config/Linux/BaseLinuxEngine.ini" 584
"../../../Engine/Config/Mac/MacEngine.ini" 585
"../../../Engine/Config/HoloLens/HoloLensEngine.ini" 586
"../../../Engine/Config/Windows/WindowsEngine.ini" 587
"../../../Engine/Config/Unix/UnixEngine.ini" 588
"../../../Engine/Config/LinuxArm64/LinuxArm64Engine.ini" 589
"../../../Engine/Config/TVOS/TVOSEngine.ini" 590
"../../../Engine/Config/BaseGame.ini" 591
"../../../Engine/Config/Linux/LinuxEngine.ini" 592
"E:/gry/EndedWorld - git/Saved/Config/WindowsEditor/Engine.ini" 593
"../../../Engine/Config/IOS/BaseIOSGame.ini" 594
"../../../Engine/Config/Android/BaseAndroidGame.ini" 595
"../../../../../gry/EndedWorld - git/Config/DefaultGame.ini" 596
"../../../Engine/Config/IOS/IOSGame.ini" 597
"../../../Engine/Config/BaseInput.ini" 598
"../../../../../gry/EndedWorld - git/Config/DefaultInput.ini" 599
"../../../Engine/Config/Mac/MacGame.ini" 600
"../../../../../gry/EndedWorld - git/Platforms/HoloLens/Config/HoloLensEngine.ini" 601
"../../../Engine/Config/Linux/LinuxGame.ini" 602
"../../../Engine/Config/BaseDeviceProfiles.ini" 603
"../../../Engine/Config/BaseGameUserSettings.ini" 604
"../../../Engine/Config/HoloLens/HoloLensGame.ini" 605
"../../../Engine/Config/BaseScalability.ini" 606
"../../../Engine/Config/IOS/IOSScalability.ini" 607
"../../../Engine/Config/Android/AndroidScalability.ini" 608
"../../../Engine/Config/Windows/WindowsGame.ini" 609
"../../../Engine/Config/BaseRuntimeOptions.ini" 610
"E:/gry/EndedWorld - git/Saved/Config/WindowsEditor/Game.ini" 611
"../../../Engine/Config/BaseInstallBundle.ini" 612
"../../../Engine/Config/BaseHardware.ini" 613
"../../../Engine/Config/Windows/WindowsInput.ini" 614
"../../../Engine/Config/Android/BaseAndroidInstallBundle.ini" 615
"E:/gry/EndedWorld - git/Saved/Config/WindowsEditor/Input.ini" 616
"E:/gry/EndedWorld - git/Saved/Config/WindowsEditor/DeviceProfiles.ini" 617
"E:/gry/EndedWorld - git/Saved/Config/WindowsEditor/GameUserSettings.ini" 618
"E:/gry/EndedWorld - git/Saved/Config/WindowsEditor/Scalability.ini" 619
"E:/gry/EndedWorld - git/Saved/Config/WindowsEditor/RuntimeOptions.ini" 620
"E:/gry/EndedWorld - git/Saved/Config/WindowsEditor/InstallBundle.ini" 621
"E:/gry/EndedWorld - git/Saved/Config/WindowsEditor/Hardware.ini" 622
"../../../Engine/Config/BaseCompat.ini" 623
"E:/gry/EndedWorld - git/Saved/Config/WindowsEditor/Compat.ini" 624
"../../../Engine/Config/BaseLightmass.ini" 625
"E:/gry/EndedWorld - git/Saved/Config/WindowsEditor/Lightmass.ini" 626
"../../../Engine/Config/BaseEditor.ini" 627
"../../../../../gry/EndedWorld - git/Config/DefaultEditor.ini" 628
"E:/gry/EndedWorld - git/Saved/Config/WindowsEditor/Editor.ini" 629
"../../../Engine/Config/BaseEditorPerProjectUserSettings.ini" 630
"../../../Engine/Config/Windows/WindowsEditorPerProjectUserSettings.ini" 631
"E:/gry/EndedWorld - git/Saved/Config/WindowsEditor/EditorPerProjectUserSettings.ini" 632
"../../../Engine/Config/BaseEditorSettings.ini" 633
"C:/Users/jakub/AppData/Local/UnrealEngine/5.2/Saved/Config/WindowsEditor/EditorSettings.ini" 634
"../../../Engine/Config/BaseEditorKeyBindings.ini" 635
"C:/Users/jakub/AppData/Local/UnrealEngine/5.2/Saved/Config/WindowsEditor/EditorKeyBindings.ini" 636
"C:/Users/jakub/AppData/Local/UnrealEngine/5.2/Saved/Config/WindowsEditor/EditorLayout.ini" 637
"../../../../../gry/EndedWorld - git/Binaries/Win64/EndedWorld.target" 638
"../../../../../gry/EndedWorld - git/Binaries/Win64/EndedWorldEditor.target" 639
"../../../Engine/Plugins/Bridge/Config/BaseBridge.ini" 640
"E:/gry/EndedWorld - git/Saved/Config/WindowsEditor/Bridge.ini" 641
"../../../Engine/Plugins/EnhancedInput/Config/BaseEnhancedInput.ini" 642
"E:/gry/EndedWorld - git/Saved/Config/WindowsEditor/EnhancedInput.ini" 643
"../../../Engine/Plugins/EnhancedInput/Config/Input.ini" 644
"../../../Engine/Plugins/TraceUtilities/Config/BaseTraceUtilities.ini" 645
"E:/gry/EndedWorld - git/Saved/Config/WindowsEditor/TraceUtilities.ini" 646
"../../../Engine/Plugins/Developer/TraceDataFiltering/Config/BaseTraceDataFilters.ini" 647
"E:/gry/EndedWorld - git/Saved/Config/WindowsEditor/TraceDataFilters.ini" 648
"../../../Engine/Plugins/FX/Niagara/Config/BaseNiagara.ini" 649
"E:/gry/EndedWorld - git/Saved/Config/WindowsEditor/Niagara.ini" 650
"../../../Engine/Plugins/Animation/ControlRig/Config/BaseControlRig.ini" 651
"E:/gry/EndedWorld - git/Saved/Config/WindowsEditor/ControlRig.ini" 652
"../../../Engine/Plugins/Interchange/Runtime/Config/BaseInterchange.ini" 653
"E:/gry/EndedWorld - git/Saved/Config/WindowsEditor/Interchange.ini" 654
"../../../Engine/Plugins/Animation/IKRig/Config/BaseIKRig.ini" 655
"E:/gry/EndedWorld - git/Saved/Config/WindowsEditor/IKRig.ini" 656
"../../../Engine/Plugins/Enterprise/DatasmithContent/Config/BaseDatasmithContent.ini" 657
"E:/gry/EndedWorld - git/Saved/Config/WindowsEditor/DatasmithContent.ini" 658
"../../../Engine/Plugins/Enterprise/GLTFExporter/Config/BaseGLTFExporter.ini" 659
"../../../Engine/Plugins/Enterprise/GLTFExporter/Config/DefaultGLTFExporter.ini" 660
"E:/gry/EndedWorld - git/Saved/Config/WindowsEditor/GLTFExporter.ini" 661
"../../../Engine/Plugins/Enterprise/VariantManagerContent/Config/BaseVariantManagerContent.ini" 662
"E:/gry/EndedWorld - git/Saved/Config/WindowsEditor/VariantManagerContent.ini" 663
"../../../Engine/Plugins/Experimental/FullBodyIK/Config/BaseFullBodyIK.ini" 664
"E:/gry/EndedWorld - git/Saved/Config/WindowsEditor/FullBodyIK.ini" 665
"../../../Engine/Plugins/Runtime/InputDebugging/Config/Input.ini" 666
"../../../Engine/Plugins/Runtime/Metasound/Config/BaseMetasound.ini" 667
"E:/gry/EndedWorld - git/Saved/Config/WindowsEditor/Metasound.ini" 668
"../../../Engine/Plugins/Runtime/Synthesis/Config/BaseSynthesis.ini" 669
"E:/gry/EndedWorld - git/Saved/Config/WindowsEditor/Synthesis.ini" 670
"../../../Engine/Plugins/2D/Paper2D/Config/BasePaper2D.ini" 671
"E:/gry/EndedWorld - git/Saved/Config/WindowsEditor/Paper2D.ini" 672
"../../../Engine/Plugins/Editor/EditorScriptingUtilities/Config/BaseEditorScriptingUtilities.ini" 673
"E:/gry/EndedWorld - git/Saved/Config/WindowsEditor/EditorScriptingUtilities.ini" 674
"../../../Engine/Plugins/Editor/ModelingToolsEditorMode/Binaries/Win64/UnrealEditor.modules" 675
"../../../Engine/Plugins/Runtime/MeshModelingToolset/Binaries/Win64/UnrealEditor.modules" 676
"../../../Engine/Plugins/Experimental/MeshModelingToolsetExp/Binaries/Win64/UnrealEditor.modules" 677
"../../../Engine/Plugins/Experimental/MeshLODToolset/Binaries/Win64/UnrealEditor.modules" 678
"../../../Engine/Plugins/Editor/StylusInput/Binaries/Win64/UnrealEditor.modules" 679
"../../../Engine/Plugins/Experimental/ToolPresets/Binaries/Win64/UnrealEditor.modules" 680
"../../../Engine/Plugins/Runtime/GeometryProcessing/Binaries/Win64/UnrealEditor.modules" 681
"../../../Engine/Plugins/Experimental/ProxyLODPlugin/Binaries/Win64/UnrealEditor.modules" 682
"../../../Engine/Plugins/Experimental/GeometryFlow/Binaries/Win64/UnrealEditor.modules" 683
"../../../Engine/Plugins/Editor/EditorScriptingUtilities/Binaries/Win64/UnrealEditor.modules" 684
"../../../Engine/Plugins/Bridge/Binaries/Win64/UnrealEditor.modules" 685
"../../../Engine/Plugins/EnhancedInput/Binaries/Win64/UnrealEditor.modules" 686
"../../../Engine/Plugins/FastBuildController/Binaries/Win64/UnrealEditor.modules" 687
"../../../Engine/Plugins/MeshPainting/Binaries/Win64/UnrealEditor.modules" 688
"../../../Engine/Plugins/Interchange/Editor/Binaries/Win64/UnrealEditor.modules" 689
"../../../Engine/Plugins/Interchange/Runtime/Binaries/Win64/UnrealEditor.modules" 690
"../../../Engine/Plugins/Editor/GLTFImporter/Binaries/Win64/UnrealEditor.modules" 691
"../../../Engine/Plugins/Enterprise/VariantManagerContent/Binaries/Win64/UnrealEditor.modules" 692
"../../../Engine/Plugins/Enterprise/VariantManager/Binaries/Win64/UnrealEditor.modules" 693
"../../../Engine/Plugins/TraceUtilities/Binaries/Win64/UnrealEditor.modules" 694
"../../../Engine/Plugins/XGEController/Binaries/Win64/UnrealEditor.modules" 695
"../../../Engine/Plugins/Compression/OodleNetwork/Binaries/Win64/UnrealEditor.modules" 696
"../../../Engine/Plugins/Importers/AlembicImporter/Binaries/Win64/UnrealEditor.modules" 697
"../../../Engine/Plugins/Runtime/GeometryCache/Binaries/Win64/UnrealEditor.modules" 698
"../../../Engine/Plugins/FX/Niagara/Binaries/Win64/UnrealEditor.modules" 699
"../../../Engine/Plugins/Experimental/PythonScriptPlugin/Binaries/Win64/UnrealEditor.modules" 700
"../../../Engine/Plugins/Editor/ContentBrowser/ContentBrowserFileDataSource/Binaries/Win64/UnrealEditor.modules" 701
"../../../Engine/Plugins/Online/OnlineBase/Binaries/Win64/UnrealEditor.modules" 702
"../../../Engine/Plugins/Online/OnlineSubsystem/Binaries/Win64/UnrealEditor.modules" 703
"../../../Engine/Plugins/Online/OnlineSubsystemUtils/Binaries/Win64/UnrealEditor.modules" 704
"../../../Engine/Plugins/Online/OnlineServices/Binaries/Win64/UnrealEditor.modules" 705
"../../../Engine/Plugins/Online/OnlineSubsystemNull/Binaries/Win64/UnrealEditor.modules" 706
"../../../Engine/Plugins/Developer/AnimationSharing/Binaries/Win64/UnrealEditor.modules" 707
"../../../Engine/Plugins/Runtime/SignificanceManager/Binaries/Win64/UnrealEditor.modules" 708
"../../../Engine/Plugins/Developer/CLionSourceCodeAccess/Binaries/Win64/UnrealEditor.modules" 709
"../../../Engine/Plugins/Developer/DumpGPUServices/Binaries/Win64/UnrealEditor.modules" 710
"../../../Engine/Plugins/Developer/GitSourceControl/Binaries/Win64/UnrealEditor.modules" 711
"../../../Engine/Plugins/Developer/PixWinPlugin/Binaries/Win64/UnrealEditor.modules" 712
"../../../Engine/Plugins/Developer/PerforceSourceControl/Binaries/Win64/UnrealEditor.modules" 713
"../../../Engine/Plugins/Developer/PlasticSourceControl/Binaries/Win64/UnrealEditor.modules" 714
"../../../Engine/Plugins/Developer/PluginUtils/Binaries/Win64/UnrealEditor.modules" 715
"../../../Engine/Plugins/Developer/PropertyAccessNode/Binaries/Win64/UnrealEditor.modules" 716
"../../../Engine/Plugins/Runtime/PropertyAccess/Binaries/Win64/UnrealEditor.modules" 717
"../../../Engine/Plugins/Developer/RiderSourceCodeAccess/Binaries/Win64/UnrealEditor.modules" 718
"../../../Engine/Plugins/Developer/RenderDocPlugin/Binaries/Win64/UnrealEditor.modules" 719
"../../../Engine/Plugins/Developer/TextureFormatOodle/Binaries/Win64/UnrealEditor.modules" 720
"../../../Engine/Plugins/Developer/SubversionSourceControl/Binaries/Win64/UnrealEditor.modules" 721
"../../../Engine/Plugins/Developer/TraceDataFiltering/Binaries/Win64/UnrealEditor.modules" 722
"../../../Engine/Plugins/Developer/VisualStudioSourceCodeAccess/Binaries/Win64/UnrealEditor.modules" 723
"../../../Engine/Plugins/Developer/VisualStudioCodeSourceCodeAccess/Binaries/Win64/UnrealEditor.modules" 724
"../../../Engine/Plugins/Developer/UObjectPlugin/Binaries/Win64/UnrealEditor.modules" 725
"../../../Engine/Plugins/Media/AndroidMedia/Binaries/Win64/UnrealEditor.modules" 726
"../../../Engine/Plugins/Media/AvfMedia/Binaries/Win64/UnrealEditor.modules" 727
"../../../Engine/Plugins/Media/ImgMedia/Binaries/Win64/UnrealEditor.modules" 728
"../../../Engine/Plugins/Media/MediaPlayerEditor/Binaries/Win64/UnrealEditor.modules" 729
"../../../Engine/Plugins/Media/MediaCompositing/Binaries/Win64/UnrealEditor.modules" 730
"../../../Engine/Plugins/Media/MediaPlate/Binaries/Win64/UnrealEditor.modules" 731
"../../../Engine/Plugins/AI/AISupport/Binaries/Win64/UnrealEditor.modules" 732
"../../../Engine/Plugins/MovieScene/ActorSequence/Binaries/Win64/UnrealEditor.modules" 733
"../../../Engine/Plugins/MovieScene/LevelSequenceEditor/Binaries/Win64/UnrealEditor.modules" 734
"../../../Engine/Plugins/MovieScene/SequencerScripting/Binaries/Win64/UnrealEditor.modules" 735
"../../../Engine/Plugins/Media/WmfMedia/Binaries/Win64/UnrealEditor.modules" 736
"../../../Engine/Plugins/Animation/AnimationModifierLibrary/Binaries/Win64/UnrealEditor.modules" 737
"../../../Engine/Plugins/Animation/ControlRig/Binaries/Win64/UnrealEditor.modules" 738
"../../../Engine/Plugins/Animation/ControlRigSpline/Binaries/Win64/UnrealEditor.modules" 739
"../../../Engine/Plugins/Animation/BlendSpaceMotionAnalysis/Binaries/Win64/UnrealEditor.modules" 740
"../../../Engine/Plugins/Portal/LauncherChunkInstaller/Binaries/Win64/UnrealEditor.modules" 741
"../../../Engine/Plugins/Cameras/GameplayCameras/Binaries/Win64/UnrealEditor.modules" 742
"../../../Engine/Plugins/MovieScene/TemplateSequence/Binaries/Win64/UnrealEditor.modules" 743
"../../../Engine/Plugins/Cameras/CameraShakePreviewer/Binaries/Win64/UnrealEditor.modules" 744
"../../../Engine/Plugins/Animation/IKRig/Binaries/Win64/UnrealEditor.modules" 745
"../../../Engine/Plugins/Experimental/FullBodyIK/Binaries/Win64/UnrealEditor.modules" 746
"../../../Engine/Plugins/Enterprise/DatasmithContent/Binaries/Win64/UnrealEditor.modules" 747
"../../../Engine/Plugins/Enterprise/GLTFExporter/Binaries/Win64/UnrealEditor.modules" 748
"../../../Engine/Plugins/Messaging/UdpMessaging/Binaries/Win64/UnrealEditor.modules" 749
"../../../Engine/Plugins/Messaging/TcpMessaging/Binaries/Win64/UnrealEditor.modules" 750
"../../../Engine/Plugins/Tests/InterchangeTests/Binaries/Win64/UnrealEditor.modules" 751
"../../../Engine/Plugins/Experimental/AutomationUtils/Binaries/Win64/UnrealEditor.modules" 752
"../../../Engine/Plugins/Experimental/BackChannel/Binaries/Win64/UnrealEditor.modules" 753
"../../../Engine/Plugins/Experimental/ChaosCloth/Binaries/Win64/UnrealEditor.modules" 754
"../../../Engine/Plugins/Experimental/ChaosCaching/Binaries/Win64/UnrealEditor.modules" 755
"../../../Engine/Plugins/VirtualProduction/Takes/Binaries/Win64/UnrealEditor.modules" 756
"../../../Engine/Plugins/Experimental/ChaosEditor/Binaries/Win64/UnrealEditor.modules" 757
"../../../Engine/Plugins/Experimental/PlanarCutPlugin/Binaries/Win64/UnrealEditor.modules" 758
"../../../Engine/Plugins/Experimental/GeometryCollectionPlugin/Binaries/Win64/UnrealEditor.modules" 759
"../../../Engine/Plugins/Experimental/Fracture/Binaries/Win64/UnrealEditor.modules" 760
"../../../Engine/Plugins/Runtime/ProceduralMeshComponent/Binaries/Win64/UnrealEditor.modules" 761
"../../../Engine/Plugins/Experimental/ChaosSolverPlugin/Binaries/Win64/UnrealEditor.modules" 762
"../../../Engine/Plugins/Experimental/Dataflow/Binaries/Win64/UnrealEditor.modules" 763
"../../../Engine/Plugins/Experimental/ChaosClothEditor/Binaries/Win64/UnrealEditor.modules" 764
"../../../Engine/Plugins/Experimental/ChaosNiagara/Binaries/Win64/UnrealEditor.modules" 765
"../../../Engine/Plugins/Experimental/ChaosUserDataPT/Binaries/Win64/UnrealEditor.modules" 766
"../../../Engine/Plugins/Experimental/CharacterAI/Binaries/Win64/UnrealEditor.modules" 767
"../../../Engine/Plugins/Experimental/OpenImageDenoise/Binaries/Win64/UnrealEditor.modules" 768
"../../../Engine/Plugins/Experimental/PlatformCrypto/Binaries/Win64/UnrealEditor.modules" 769
"../../../Engine/Plugins/Experimental/SkeletalReduction/Binaries/Win64/UnrealEditor.modules" 770
"../../../Engine/Plugins/Experimental/UVEditor/Binaries/Win64/UnrealEditor.modules" 771
"../../../Engine/Plugins/Runtime/ActorLayerUtilities/Binaries/Win64/UnrealEditor.modules" 772
"../../../Engine/Plugins/Runtime/AndroidDeviceProfileSelector/Binaries/Win64/UnrealEditor.modules" 773
"../../../Engine/Plugins/Runtime/AndroidFileServer/Binaries/Win64/UnrealEditor.modules" 774
"../../../Engine/Plugins/Runtime/AndroidPermission/Binaries/Win64/UnrealEditor.modules" 775
"../../../Engine/Plugins/Runtime/AppleImageUtils/Binaries/Win64/UnrealEditor.modules" 776
"../../../Engine/Plugins/Runtime/ArchVisCharacter/Binaries/Win64/UnrealEditor.modules" 777
"../../../Engine/Plugins/Runtime/AssetTags/Binaries/Win64/UnrealEditor.modules" 778
"../../../Engine/Plugins/Runtime/AudioCapture/Binaries/Win64/UnrealEditor.modules" 779
"../../../Engine/Plugins/Runtime/ChunkDownloader/Binaries/Win64/UnrealEditor.modules" 780
"../../../Engine/Plugins/Runtime/CableComponent/Binaries/Win64/UnrealEditor.modules" 781
"../../../Engine/Plugins/Runtime/CustomMeshComponent/Binaries/Win64/UnrealEditor.modules" 782
"../../../Engine/Plugins/Runtime/ExampleDeviceProfileSelector/Binaries/Win64/UnrealEditor.modules" 783
"../../../Engine/Plugins/Runtime/GooglePAD/Binaries/Win64/UnrealEditor.modules" 784
"../../../Engine/Plugins/Runtime/InputDebugging/Binaries/Win64/UnrealEditor.modules" 785
"../../../Engine/Plugins/Runtime/LocationServicesBPLibrary/Binaries/Win64/UnrealEditor.modules" 786
"../../../Engine/Plugins/Runtime/Metasound/Binaries/Win64/UnrealEditor.modules" 787
"../../../Engine/Plugins/Runtime/AudioWidgets/Binaries/Win64/UnrealEditor.modules" 788
"../../../Engine/Plugins/Runtime/AudioSynesthesia/Binaries/Win64/UnrealEditor.modules" 789
"../../../Engine/Plugins/Runtime/WaveTable/Binaries/Win64/UnrealEditor.modules" 790
"../../../Engine/Plugins/Runtime/MobilePatchingUtils/Binaries/Win64/UnrealEditor.modules" 791
"../../../Engine/Plugins/Runtime/ResonanceAudio/Binaries/Win64/UnrealEditor.modules" 792
"../../../Engine/Plugins/Runtime/SoundFields/Binaries/Win64/UnrealEditor.modules" 793
"../../../Engine/Plugins/Runtime/Synthesis/Binaries/Win64/UnrealEditor.modules" 794
"../../../Engine/Plugins/Runtime/WebMMoviePlayer/Binaries/Win64/UnrealEditor.modules" 795
"../../../Engine/Plugins/Media/WebMMedia/Binaries/Win64/UnrealEditor.modules" 796
"../../../Engine/Plugins/2D/Paper2D/Binaries/Win64/UnrealEditor.modules" 797
"../../../Engine/Plugins/Runtime/WindowsDeviceProfileSelector/Binaries/Win64/UnrealEditor.modules" 798
"../../../Engine/Plugins/Runtime/WindowsMoviePlayer/Binaries/Win64/UnrealEditor.modules" 799
"../../../Engine/Plugins/Editor/AssetManagerEditor/Binaries/Win64/UnrealEditor.modules" 800
"../../../Engine/Plugins/Editor/ChangelistReview/Binaries/Win64/UnrealEditor.modules" 801
"../../../Engine/Plugins/Editor/BlueprintHeaderView/Binaries/Win64/UnrealEditor.modules" 802
"../../../Engine/Plugins/Editor/CryptoKeys/Binaries/Win64/UnrealEditor.modules" 803
"../../../Engine/Plugins/Editor/CurveEditorTools/Binaries/Win64/UnrealEditor.modules" 804
"../../../Engine/Plugins/Editor/DataValidation/Binaries/Win64/UnrealEditor.modules" 805
"../../../Engine/Plugins/Editor/EditorDebugTools/Binaries/Win64/UnrealEditor.modules" 806
"../../../Engine/Plugins/Editor/GameplayTagsEditor/Binaries/Win64/UnrealEditor.modules" 807
"../../../Engine/Plugins/Editor/EngineAssetDefinitions/Binaries/Win64/UnrealEditor.modules" 808
"../../../Engine/Plugins/Editor/GeometryMode/Binaries/Win64/UnrealEditor.modules" 809
"../../../Engine/Plugins/Editor/FacialAnimation/Binaries/Win64/UnrealEditor.modules" 810
"../../../Engine/Plugins/Editor/MaterialAnalyzer/Binaries/Win64/UnrealEditor.modules" 811
"../../../Engine/Plugins/Editor/MobileLauncherProfileWizard/Binaries/Win64/UnrealEditor.modules" 812
"../../../Engine/Plugins/Editor/PluginBrowser/Binaries/Win64/UnrealEditor.modules" 813
"../../../Engine/Plugins/Editor/SpeedTreeImporter/Binaries/Win64/UnrealEditor.modules" 814
"../../../Engine/Plugins/Editor/SequencerAnimTools/Binaries/Win64/UnrealEditor.modules" 815
"../../../Engine/Plugins/Editor/WorldPartitionHLODUtilities/Binaries/Win64/UnrealEditor.modules" 816
"../../../Engine/Plugins/AI/EnvironmentQueryEditor/Binaries/Win64/UnrealEditor.modules" 817
"../../../Engine/Plugins/Animation/AnimationData/Binaries/Win64/UnrealEditor.modules" 818
"../../../Engine/Plugins/Editor/ContentBrowser/ContentBrowserAssetDataSource/Binaries/Win64/UnrealEditor.modules" 819
"../../../Engine/Plugins/Editor/ContentBrowser/ContentBrowserClassDataSource/Binaries/Win64/UnrealEditor.modules" 820
"../../../Engine/Plugins/Editor/ObjectMixer/LightMixer/Binaries/Win64/UnrealEditor.modules" 821
"../../../Engine/Plugins/Editor/ObjectMixer/ObjectMixer/Binaries/Win64/UnrealEditor.modules" 822
"../../../Engine/Plugins/Online/OnlineSubsystemSteam/Binaries/Win64/UnrealEditor.modules" 823
"../../../Engine/Plugins/Runtime/Steam/SteamShared/Binaries/Win64/UnrealEditor.modules" 824
"E:/gry/EndedWorld - git/Plugins/AdvancedSessions/Binaries/Win64/UnrealEditor.modules" 825
"E:/gry/EndedWorld - git/Plugins/AdvancedSteamSessions/Binaries/Win64/UnrealEditor.modules" 826
"C:/Users/jakub/AppData/Local/UnrealEngine/5.2/Saved/Config/WindowsEditor/SourceControlSettings.ini" 827
"../../../Engine/Content/Certificates/ThirdParty/cacert.pem" 828
"../../../Engine/Config/ConsoleVariables.ini" 829
"../../../Engine/Binaries/Win64/Android/UnrealEditor.modules" 830
"../../../Engine/Binaries/Win64/IOS/UnrealEditor.modules" 831
"../../../Engine/Binaries/Win64/Linux/UnrealEditor.modules" 832
"../../../Engine/Binaries/Win64/LinuxArm64/UnrealEditor.modules" 833
"../../../Engine/Plugins/Online/OnlineSubsystem/Content/Localization/OnlineSubsystem/pl/OnlineSubsystem.locres" 834
"../../../Engine/Plugins/Online/OnlineSubsystemSteam/Content/Localization/OnlineSubsystemSteam/pl/OnlineSubsystemSteam.locres" 835
"../../../Engine/Plugins/Online/OnlineSubsystemUtils/Content/Localization/OnlineSubsystemUtils/pl/OnlineSubsystemUtils.locres" 836
"../../../Engine/Plugins/Online/Android/OnlineSubsystemGooglePlay/Content/Localization/OnlineSubsystemGooglePlay/pl/OnlineSubsystemGooglePlay.locres" 837
"../../../Engine/Plugins/Online/IOS/OnlineSubsystemIOS/Content/Localization/OnlineSubsystemIOS/pl/OnlineSubsystemIOS.locres" 838
"../../../Engine/Content/Internationalization/icudt64l/numberingSystems.res" 839
"../../../Engine/Content/Internationalization/icudt64l/curr/supplementalData.res" 840
"../../../Engine/Content/Internationalization/icudt64l/curr/pl.res" 841
"../../../Engine/Content/Internationalization/icudt64l/curr/pool.res" 842
"../../../Engine/Content/Internationalization/icudt64l/curr/root.res" 843
"../../../Engine/Content/Internationalization/icudt64l/lang/af.res" 844
"../../../Engine/Content/Internationalization/icudt64l/region/af.res" 845
"../../../Engine/Content/Internationalization/icudt64l/lang/agq.res" 846
"../../../Engine/Content/Internationalization/icudt64l/region/agq.res" 847
"../../../Engine/Content/Internationalization/icudt64l/lang/ak.res" 848
"../../../Engine/Content/Internationalization/icudt64l/region/ak.res" 849
"../../../Engine/Content/Internationalization/icudt64l/lang/am.res" 850
"../../../Engine/Content/Internationalization/icudt64l/region/am.res" 851
"../../../Engine/Content/Internationalization/icudt64l/lang/ar.res" 852
"../../../Engine/Content/Internationalization/icudt64l/region/ar.res" 853
"../../../Engine/Content/Internationalization/icudt64l/region/ar_AE.res" 854
"../../../Engine/Content/Internationalization/icudt64l/lang/ar_EG.res" 855
"../../../Engine/Content/Internationalization/icudt64l/lang/ar_LY.res" 856
"../../../Engine/Content/Internationalization/icudt64l/region/ar_LY.res" 857
"../../../Engine/Content/Internationalization/icudt64l/lang/ar_SA.res" 858
"../../../Engine/Content/Internationalization/icudt64l/region/ar_SA.res" 859
"../../../Engine/Content/Internationalization/icudt64l/lang/as.res" 860
"../../../Engine/Content/Internationalization/icudt64l/region/as.res" 861
"../../../Engine/Content/Internationalization/icudt64l/lang/asa.res" 862
"../../../Engine/Content/Internationalization/icudt64l/region/asa.res" 863
"../../../Engine/Content/Internationalization/icudt64l/lang/ast.res" 864
"../../../Engine/Content/Internationalization/icudt64l/region/ast.res" 865
"../../../Engine/Content/Internationalization/icudt64l/lang/az.res" 866
"../../../Engine/Content/Internationalization/icudt64l/lang/az_Cyrl.res" 867
"../../../Engine/Content/Internationalization/icudt64l/lang/az_AZ.res" 868
"../../../Engine/Content/Internationalization/icudt64l/lang/az_Latn_AZ.res" 869
"../../../Engine/Content/Internationalization/icudt64l/lang/az_Latn.res" 870
"../../../Engine/Content/Internationalization/icudt64l/region/az_AZ.res" 871
"../../../Engine/Content/Internationalization/icudt64l/region/az_Latn_AZ.res" 872
"../../../Engine/Content/Internationalization/icudt64l/region/az_Latn.res" 873
"../../../Engine/Content/Internationalization/icudt64l/region/az.res" 874
"../../../Engine/Content/Internationalization/icudt64l/region/az_Cyrl.res" 875
"../../../Engine/Content/Internationalization/icudt64l/lang/bas.res" 876
"../../../Engine/Content/Internationalization/icudt64l/region/bas.res" 877
"../../../Engine/Content/Internationalization/icudt64l/lang/be.res" 878
"../../../Engine/Content/Internationalization/icudt64l/region/be.res" 879
"../../../Engine/Content/Internationalization/icudt64l/lang/bem.res" 880
"../../../Engine/Content/Internationalization/icudt64l/region/bem.res" 881
"../../../Engine/Content/Internationalization/icudt64l/lang/bez.res" 882
"../../../Engine/Content/Internationalization/icudt64l/region/bez.res" 883
"../../../Engine/Content/Internationalization/icudt64l/lang/bg.res" 884
"../../../Engine/Content/Internationalization/icudt64l/region/bg.res" 885
"../../../Engine/Content/Internationalization/icudt64l/lang/bm.res" 886
"../../../Engine/Content/Internationalization/icudt64l/region/bm.res" 887
"../../../Engine/Content/Internationalization/icudt64l/lang/bn.res" 888
"../../../Engine/Content/Internationalization/icudt64l/region/bn.res" 889
"../../../Engine/Content/Internationalization/icudt64l/lang/bn_IN.res" 890
"../../../Engine/Content/Internationalization/icudt64l/region/bn_IN.res" 891
"../../../Engine/Content/Internationalization/icudt64l/lang/bo.res" 892
"../../../Engine/Content/Internationalization/icudt64l/region/bo.res" 893
"../../../Engine/Content/Internationalization/icudt64l/region/bo_IN.res" 894
"../../../Engine/Content/Internationalization/icudt64l/lang/br.res" 895
"../../../Engine/Content/Internationalization/icudt64l/region/br.res" 896
"../../../Engine/Content/Internationalization/icudt64l/lang/brx.res" 897
"../../../Engine/Content/Internationalization/icudt64l/region/brx.res" 898
"../../../Engine/Content/Internationalization/icudt64l/lang/bs.res" 899
"../../../Engine/Content/Internationalization/icudt64l/lang/bs_Cyrl.res" 900
"../../../Engine/Content/Internationalization/icudt64l/lang/bs_BA.res" 901
"../../../Engine/Content/Internationalization/icudt64l/lang/bs_Latn_BA.res" 902
"../../../Engine/Content/Internationalization/icudt64l/lang/bs_Latn.res" 903
"../../../Engine/Content/Internationalization/icudt64l/region/bs_BA.res" 904
"../../../Engine/Content/Internationalization/icudt64l/region/bs_Latn_BA.res" 905
"../../../Engine/Content/Internationalization/icudt64l/region/bs_Latn.res" 906
"../../../Engine/Content/Internationalization/icudt64l/region/bs.res" 907
"../../../Engine/Content/Internationalization/icudt64l/region/bs_Cyrl.res" 908
"../../../Engine/Content/Internationalization/icudt64l/lang/ca.res" 909
"../../../Engine/Content/Internationalization/icudt64l/region/ca.res" 910
"../../../Engine/Content/Internationalization/icudt64l/lang/ccp.res" 911
"../../../Engine/Content/Internationalization/icudt64l/region/ccp.res" 912
"../../../Engine/Content/Internationalization/icudt64l/lang/ce.res" 913
"../../../Engine/Content/Internationalization/icudt64l/region/ce.res" 914
"../../../Engine/Content/Internationalization/icudt64l/lang/ceb.res" 915
"../../../Engine/Content/Internationalization/icudt64l/region/ceb.res" 916
"../../../Engine/Content/Internationalization/icudt64l/lang/cgg.res" 917
"../../../Engine/Content/Internationalization/icudt64l/region/cgg.res" 918
"../../../Engine/Content/Internationalization/icudt64l/lang/chr.res" 919
"../../../Engine/Content/Internationalization/icudt64l/region/chr.res" 920
"../../../Engine/Content/Internationalization/icudt64l/lang/ckb.res" 921
"../../../Engine/Content/Internationalization/icudt64l/region/ckb.res" 922
"../../../Engine/Content/Internationalization/icudt64l/lang/cs.res" 923
"../../../Engine/Content/Internationalization/icudt64l/region/cs.res" 924
"../../../Engine/Content/Internationalization/icudt64l/lang/cy.res" 925
"../../../Engine/Content/Internationalization/icudt64l/region/cy.res" 926
"../../../Engine/Content/Internationalization/icudt64l/lang/da.res" 927
"../../../Engine/Content/Internationalization/icudt64l/region/da.res" 928
"../../../Engine/Content/Internationalization/icudt64l/lang/dav.res" 929
"../../../Engine/Content/Internationalization/icudt64l/region/dav.res" 930
"../../../Engine/Content/Internationalization/icudt64l/lang/de.res" 931
"../../../Engine/Content/Internationalization/icudt64l/lang/de_AT.res" 932
"../../../Engine/Content/Internationalization/icudt64l/region/de_AT.res" 933
"../../../Engine/Content/Internationalization/icudt64l/region/de.res" 934
"../../../Engine/Content/Internationalization/icudt64l/lang/de_CH.res" 935
"../../../Engine/Content/Internationalization/icudt64l/region/de_CH.res" 936
"../../../Engine/Content/Internationalization/icudt64l/lang/de_LU.res" 937
"../../../Engine/Content/Internationalization/icudt64l/lang/dje.res" 938
"../../../Engine/Content/Internationalization/icudt64l/region/dje.res" 939
"../../../Engine/Content/Internationalization/icudt64l/lang/dsb.res" 940
"../../../Engine/Content/Internationalization/icudt64l/region/dsb.res" 941
"../../../Engine/Content/Internationalization/icudt64l/lang/dua.res" 942
"../../../Engine/Content/Internationalization/icudt64l/region/dua.res" 943
"../../../Engine/Content/Internationalization/icudt64l/lang/dyo.res" 944
"../../../Engine/Content/Internationalization/icudt64l/region/dyo.res" 945
"../../../Engine/Content/Internationalization/icudt64l/lang/dz.res" 946
"../../../Engine/Content/Internationalization/icudt64l/region/dz.res" 947
"../../../Engine/Content/Internationalization/icudt64l/lang/ebu.res" 948
"../../../Engine/Content/Internationalization/icudt64l/region/ebu.res" 949
"../../../Engine/Content/Internationalization/icudt64l/lang/ee.res" 950
"../../../Engine/Content/Internationalization/icudt64l/region/ee.res" 951
"../../../Engine/Content/Internationalization/icudt64l/lang/el.res" 952
"../../../Engine/Content/Internationalization/icudt64l/region/el.res" 953
"../../../Engine/Content/Internationalization/icudt64l/lang/en_001.res" 954
"../../../Engine/Content/Internationalization/icudt64l/lang/en_150.res" 955
"../../../Engine/Content/Internationalization/icudt64l/region/en_150.res" 956
"../../../Engine/Content/Internationalization/icudt64l/lang/en_AG.res" 957
"../../../Engine/Content/Internationalization/icudt64l/region/en_AG.res" 958
"../../../Engine/Content/Internationalization/icudt64l/lang/en_AI.res" 959
"../../../Engine/Content/Internationalization/icudt64l/region/en_AI.res" 960
"../../../Engine/Content/Internationalization/icudt64l/lang/en_AT.res" 961
"../../../Engine/Content/Internationalization/icudt64l/region/en_AT.res" 962
"../../../Engine/Content/Internationalization/icudt64l/lang/en_AU.res" 963
"../../../Engine/Content/Internationalization/icudt64l/region/en_AU.res" 964
"../../../Engine/Content/Internationalization/icudt64l/lang/en_BB.res" 965
"../../../Engine/Content/Internationalization/icudt64l/region/en_BB.res" 966
"../../../Engine/Content/Internationalization/icudt64l/lang/en_BE.res" 967
"../../../Engine/Content/Internationalization/icudt64l/region/en_BE.res" 968
"../../../Engine/Content/Internationalization/icudt64l/lang/en_BM.res" 969
"../../../Engine/Content/Internationalization/icudt64l/region/en_BM.res" 970
"../../../Engine/Content/Internationalization/icudt64l/lang/en_BS.res" 971
"../../../Engine/Content/Internationalization/icudt64l/region/en_BS.res" 972
"../../../Engine/Content/Internationalization/icudt64l/lang/en_BW.res" 973
"../../../Engine/Content/Internationalization/icudt64l/region/en_BW.res" 974
"../../../Engine/Content/Internationalization/icudt64l/lang/en_BZ.res" 975
"../../../Engine/Content/Internationalization/icudt64l/region/en_BZ.res" 976
"../../../Engine/Content/Internationalization/icudt64l/lang/en_CA.res" 977
"../../../Engine/Content/Internationalization/icudt64l/region/en_CA.res" 978
"../../../Engine/Content/Internationalization/icudt64l/lang/en_CC.res" 979
"../../../Engine/Content/Internationalization/icudt64l/region/en_CC.res" 980
"../../../Engine/Content/Internationalization/icudt64l/lang/en_CH.res" 981
"../../../Engine/Content/Internationalization/icudt64l/region/en_CH.res" 982
"../../../Engine/Content/Internationalization/icudt64l/lang/en_CK.res" 983
"../../../Engine/Content/Internationalization/icudt64l/region/en_CK.res" 984
"../../../Engine/Content/Internationalization/icudt64l/lang/en_CM.res" 985
"../../../Engine/Content/Internationalization/icudt64l/region/en_CM.res" 986
"../../../Engine/Content/Internationalization/icudt64l/lang/en_CX.res" 987
"../../../Engine/Content/Internationalization/icudt64l/region/en_CX.res" 988
"../../../Engine/Content/Internationalization/icudt64l/lang/en_CY.res" 989
"../../../Engine/Content/Internationalization/icudt64l/region/en_CY.res" 990
"../../../Engine/Content/Internationalization/icudt64l/lang/en_DE.res" 991
"../../../Engine/Content/Internationalization/icudt64l/region/en_DE.res" 992
"../../../Engine/Content/Internationalization/icudt64l/lang/en_DG.res" 993
"../../../Engine/Content/Internationalization/icudt64l/region/en_DG.res" 994
"../../../Engine/Content/Internationalization/icudt64l/lang/en_DK.res" 995
"../../../Engine/Content/Internationalization/icudt64l/region/en_DK.res" 996
"../../../Engine/Content/Internationalization/icudt64l/lang/en_DM.res" 997
"../../../Engine/Content/Internationalization/icudt64l/region/en_DM.res" 998
"../../../Engine/Content/Internationalization/icudt64l/lang/en_ER.res" 999
"../../../Engine/Content/Internationalization/icudt64l/region/en_ER.res" 1000
"../../../Engine/Content/Internationalization/icudt64l/lang/en_FI.res" 1001
"../../../Engine/Content/Internationalization/icudt64l/region/en_FI.res" 1002
"../../../Engine/Content/Internationalization/icudt64l/lang/en_FJ.res" 1003
"../../../Engine/Content/Internationalization/icudt64l/region/en_FJ.res" 1004
"../../../Engine/Content/Internationalization/icudt64l/lang/en_FK.res" 1005
"../../../Engine/Content/Internationalization/icudt64l/region/en_FK.res" 1006
"../../../Engine/Content/Internationalization/icudt64l/lang/en_FM.res" 1007
"../../../Engine/Content/Internationalization/icudt64l/region/en_FM.res" 1008
"../../../Engine/Content/Internationalization/icudt64l/lang/en_GB.res" 1009
"../../../Engine/Content/Internationalization/icudt64l/region/en_GB.res" 1010
"../../../Engine/Content/Internationalization/icudt64l/lang/en_GD.res" 1011
"../../../Engine/Content/Internationalization/icudt64l/region/en_GD.res" 1012
"../../../Engine/Content/Internationalization/icudt64l/lang/en_GG.res" 1013
"../../../Engine/Content/Internationalization/icudt64l/region/en_GG.res" 1014
"../../../Engine/Content/Internationalization/icudt64l/lang/en_GH.res" 1015
"../../../Engine/Content/Internationalization/icudt64l/region/en_GH.res" 1016
"../../../Engine/Content/Internationalization/icudt64l/lang/en_GI.res" 1017
"../../../Engine/Content/Internationalization/icudt64l/region/en_GI.res" 1018
"../../../Engine/Content/Internationalization/icudt64l/lang/en_GM.res" 1019
"../../../Engine/Content/Internationalization/icudt64l/region/en_GM.res" 1020
"../../../Engine/Content/Internationalization/icudt64l/lang/en_GY.res" 1021
"../../../Engine/Content/Internationalization/icudt64l/region/en_GY.res" 1022
"../../../Engine/Content/Internationalization/icudt64l/lang/en_HK.res" 1023
"../../../Engine/Content/Internationalization/icudt64l/region/en_HK.res" 1024
"../../../Engine/Content/Internationalization/icudt64l/lang/en_IE.res" 1025
"../../../Engine/Content/Internationalization/icudt64l/region/en_IE.res" 1026
"../../../Engine/Content/Internationalization/icudt64l/lang/en_IL.res" 1027
"../../../Engine/Content/Internationalization/icudt64l/region/en_IL.res" 1028
"../../../Engine/Content/Internationalization/icudt64l/lang/en_IM.res" 1029
"../../../Engine/Content/Internationalization/icudt64l/region/en_IM.res" 1030
"../../../Engine/Content/Internationalization/icudt64l/lang/en_IN.res" 1031
"../../../Engine/Content/Internationalization/icudt64l/region/en_IN.res" 1032
"../../../Engine/Content/Internationalization/icudt64l/lang/en_IO.res" 1033
"../../../Engine/Content/Internationalization/icudt64l/region/en_IO.res" 1034
"../../../Engine/Content/Internationalization/icudt64l/lang/en_JE.res" 1035
"../../../Engine/Content/Internationalization/icudt64l/region/en_JE.res" 1036
"../../../Engine/Content/Internationalization/icudt64l/lang/en_JM.res" 1037
"../../../Engine/Content/Internationalization/icudt64l/region/en_JM.res" 1038
"../../../Engine/Content/Internationalization/icudt64l/lang/en_KE.res" 1039
"../../../Engine/Content/Internationalization/icudt64l/region/en_KE.res" 1040
"../../../Engine/Content/Internationalization/icudt64l/lang/en_KI.res" 1041
"../../../Engine/Content/Internationalization/icudt64l/region/en_KI.res" 1042
"../../../Engine/Content/Internationalization/icudt64l/lang/en_KN.res" 1043
"../../../Engine/Content/Internationalization/icudt64l/region/en_KN.res" 1044
"../../../Engine/Content/Internationalization/icudt64l/lang/en_KY.res" 1045
"../../../Engine/Content/Internationalization/icudt64l/region/en_KY.res" 1046
"../../../Engine/Content/Internationalization/icudt64l/lang/en_LC.res" 1047
"../../../Engine/Content/Internationalization/icudt64l/region/en_LC.res" 1048
"../../../Engine/Content/Internationalization/icudt64l/lang/en_LR.res" 1049
"../../../Engine/Content/Internationalization/icudt64l/region/en_LR.res" 1050
"../../../Engine/Content/Internationalization/icudt64l/lang/en_LS.res" 1051
"../../../Engine/Content/Internationalization/icudt64l/region/en_LS.res" 1052
"../../../Engine/Content/Internationalization/icudt64l/lang/en_MG.res" 1053
"../../../Engine/Content/Internationalization/icudt64l/region/en_MG.res" 1054
"../../../Engine/Content/Internationalization/icudt64l/lang/en_MO.res" 1055
"../../../Engine/Content/Internationalization/icudt64l/region/en_MO.res" 1056
"../../../Engine/Content/Internationalization/icudt64l/lang/en_MS.res" 1057
"../../../Engine/Content/Internationalization/icudt64l/region/en_MS.res" 1058
"../../../Engine/Content/Internationalization/icudt64l/lang/en_MT.res" 1059
"../../../Engine/Content/Internationalization/icudt64l/region/en_MT.res" 1060
"../../../Engine/Content/Internationalization/icudt64l/lang/en_MU.res" 1061
"../../../Engine/Content/Internationalization/icudt64l/region/en_MU.res" 1062
"../../../Engine/Content/Internationalization/icudt64l/lang/en_MW.res" 1063
"../../../Engine/Content/Internationalization/icudt64l/region/en_MW.res" 1064
"../../../Engine/Content/Internationalization/icudt64l/lang/en_MY.res" 1065
"../../../Engine/Content/Internationalization/icudt64l/region/en_MY.res" 1066
"../../../Engine/Content/Internationalization/icudt64l/lang/en_NA.res" 1067
"../../../Engine/Content/Internationalization/icudt64l/region/en_NA.res" 1068
"../../../Engine/Content/Internationalization/icudt64l/lang/en_NF.res" 1069
"../../../Engine/Content/Internationalization/icudt64l/region/en_NF.res" 1070
"../../../Engine/Content/Internationalization/icudt64l/lang/en_NG.res" 1071
"../../../Engine/Content/Internationalization/icudt64l/region/en_NG.res" 1072
"../../../Engine/Content/Internationalization/icudt64l/lang/en_NL.res" 1073
"../../../Engine/Content/Internationalization/icudt64l/region/en_NL.res" 1074
"../../../Engine/Content/Internationalization/icudt64l/lang/en_NR.res" 1075
"../../../Engine/Content/Internationalization/icudt64l/region/en_NR.res" 1076
"../../../Engine/Content/Internationalization/icudt64l/lang/en_NU.res" 1077
"../../../Engine/Content/Internationalization/icudt64l/region/en_NU.res" 1078
"../../../Engine/Content/Internationalization/icudt64l/lang/en_NZ.res" 1079
"../../../Engine/Content/Internationalization/icudt64l/region/en_NZ.res" 1080
"../../../Engine/Content/Internationalization/icudt64l/lang/en_PG.res" 1081
"../../../Engine/Content/Internationalization/icudt64l/region/en_PG.res" 1082
"../../../Engine/Content/Internationalization/icudt64l/lang/en_PH.res" 1083
"../../../Engine/Content/Internationalization/icudt64l/region/en_PH.res" 1084
"../../../Engine/Content/Internationalization/icudt64l/lang/en_PK.res" 1085
"../../../Engine/Content/Internationalization/icudt64l/region/en_PK.res" 1086
"../../../Engine/Content/Internationalization/icudt64l/lang/en_PN.res" 1087
"../../../Engine/Content/Internationalization/icudt64l/region/en_PN.res" 1088
"../../../Engine/Content/Internationalization/icudt64l/lang/en_PW.res" 1089
"../../../Engine/Content/Internationalization/icudt64l/region/en_PW.res" 1090
"../../../Engine/Content/Internationalization/icudt64l/lang/en_RW.res" 1091
"../../../Engine/Content/Internationalization/icudt64l/region/en_RW.res" 1092
"../../../Engine/Content/Internationalization/icudt64l/lang/en_SB.res" 1093
"../../../Engine/Content/Internationalization/icudt64l/region/en_SB.res" 1094
"../../../Engine/Content/Internationalization/icudt64l/lang/en_SC.res" 1095
"../../../Engine/Content/Internationalization/icudt64l/region/en_SC.res" 1096
"../../../Engine/Content/Internationalization/icudt64l/lang/en_SD.res" 1097
"../../../Engine/Content/Internationalization/icudt64l/region/en_SD.res" 1098
"../../../Engine/Content/Internationalization/icudt64l/lang/en_SE.res" 1099
"../../../Engine/Content/Internationalization/icudt64l/region/en_SE.res" 1100
"../../../Engine/Content/Internationalization/icudt64l/lang/en_SG.res" 1101
"../../../Engine/Content/Internationalization/icudt64l/region/en_SG.res" 1102
"../../../Engine/Content/Internationalization/icudt64l/lang/en_SH.res" 1103
"../../../Engine/Content/Internationalization/icudt64l/region/en_SH.res" 1104
"../../../Engine/Content/Internationalization/icudt64l/lang/en_SI.res" 1105
"../../../Engine/Content/Internationalization/icudt64l/region/en_SI.res" 1106
"../../../Engine/Content/Internationalization/icudt64l/lang/en_SL.res" 1107
"../../../Engine/Content/Internationalization/icudt64l/region/en_SL.res" 1108
"../../../Engine/Content/Internationalization/icudt64l/lang/en_SS.res" 1109
"../../../Engine/Content/Internationalization/icudt64l/region/en_SS.res" 1110
"../../../Engine/Content/Internationalization/icudt64l/lang/en_SX.res" 1111
"../../../Engine/Content/Internationalization/icudt64l/region/en_SX.res" 1112
"../../../Engine/Content/Internationalization/icudt64l/lang/en_SZ.res" 1113
"../../../Engine/Content/Internationalization/icudt64l/region/en_SZ.res" 1114
"../../../Engine/Content/Internationalization/icudt64l/lang/en_TC.res" 1115
"../../../Engine/Content/Internationalization/icudt64l/region/en_TC.res" 1116
"../../../Engine/Content/Internationalization/icudt64l/lang/en_TK.res" 1117
"../../../Engine/Content/Internationalization/icudt64l/region/en_TK.res" 1118
"../../../Engine/Content/Internationalization/icudt64l/lang/en_TO.res" 1119
"../../../Engine/Content/Internationalization/icudt64l/region/en_TO.res" 1120
"../../../Engine/Content/Internationalization/icudt64l/lang/en_TT.res" 1121
"../../../Engine/Content/Internationalization/icudt64l/region/en_TT.res" 1122
"../../../Engine/Content/Internationalization/icudt64l/lang/en_TV.res" 1123
"../../../Engine/Content/Internationalization/icudt64l/region/en_TV.res" 1124
"../../../Engine/Content/Internationalization/icudt64l/lang/en_TZ.res" 1125
"../../../Engine/Content/Internationalization/icudt64l/region/en_TZ.res" 1126
"../../../Engine/Content/Internationalization/icudt64l/lang/en_UG.res" 1127
"../../../Engine/Content/Internationalization/icudt64l/region/en_UG.res" 1128
"../../../Engine/Content/Internationalization/icudt64l/lang/en_VC.res" 1129
"../../../Engine/Content/Internationalization/icudt64l/region/en_VC.res" 1130
"../../../Engine/Content/Internationalization/icudt64l/lang/en_VG.res" 1131
"../../../Engine/Content/Internationalization/icudt64l/region/en_VG.res" 1132
"../../../Engine/Content/Internationalization/icudt64l/lang/en_VU.res" 1133
"../../../Engine/Content/Internationalization/icudt64l/region/en_VU.res" 1134
"../../../Engine/Content/Internationalization/icudt64l/lang/en_WS.res" 1135
"../../../Engine/Content/Internationalization/icudt64l/region/en_WS.res" 1136
"../../../Engine/Content/Internationalization/icudt64l/lang/en_ZA.res" 1137
"../../../Engine/Content/Internationalization/icudt64l/region/en_ZA.res" 1138
"../../../Engine/Content/Internationalization/icudt64l/lang/en_ZM.res" 1139
"../../../Engine/Content/Internationalization/icudt64l/region/en_ZM.res" 1140
"../../../Engine/Content/Internationalization/icudt64l/lang/en_ZW.res" 1141
"../../../Engine/Content/Internationalization/icudt64l/region/en_ZW.res" 1142
"../../../Engine/Content/Internationalization/icudt64l/lang/eo.res" 1143
"../../../Engine/Content/Internationalization/icudt64l/region/eo.res" 1144
"../../../Engine/Content/Internationalization/icudt64l/lang/es.res" 1145
"../../../Engine/Content/Internationalization/icudt64l/lang/es_419.res" 1146
"../../../Engine/Content/Internationalization/icudt64l/region/es_419.res" 1147
"../../../Engine/Content/Internationalization/icudt64l/region/es.res" 1148
"../../../Engine/Content/Internationalization/icudt64l/lang/es_AR.res" 1149
"../../../Engine/Content/Internationalization/icudt64l/region/es_AR.res" 1150
"../../../Engine/Content/Internationalization/icudt64l/lang/es_BO.res" 1151
"../../../Engine/Content/Internationalization/icudt64l/region/es_BO.res" 1152
"../../../Engine/Content/Internationalization/icudt64l/lang/es_BR.res" 1153
"../../../Engine/Content/Internationalization/icudt64l/region/es_BR.res" 1154
"../../../Engine/Content/Internationalization/icudt64l/lang/es_BZ.res" 1155
"../../../Engine/Content/Internationalization/icudt64l/region/es_BZ.res" 1156
"../../../Engine/Content/Internationalization/icudt64l/lang/es_CL.res" 1157
"../../../Engine/Content/Internationalization/icudt64l/region/es_CL.res" 1158
"../../../Engine/Content/Internationalization/icudt64l/lang/es_CO.res" 1159
"../../../Engine/Content/Internationalization/icudt64l/region/es_CO.res" 1160
"../../../Engine/Content/Internationalization/icudt64l/lang/es_CR.res" 1161
"../../../Engine/Content/Internationalization/icudt64l/region/es_CR.res" 1162
"../../../Engine/Content/Internationalization/icudt64l/lang/es_CU.res" 1163
"../../../Engine/Content/Internationalization/icudt64l/region/es_CU.res" 1164
"../../../Engine/Content/Internationalization/icudt64l/lang/es_DO.res" 1165
"../../../Engine/Content/Internationalization/icudt64l/region/es_DO.res" 1166
"../../../Engine/Content/Internationalization/icudt64l/lang/es_EC.res" 1167
"../../../Engine/Content/Internationalization/icudt64l/region/es_EC.res" 1168
"../../../Engine/Content/Internationalization/icudt64l/lang/es_GT.res" 1169
"../../../Engine/Content/Internationalization/icudt64l/region/es_GT.res" 1170
"../../../Engine/Content/Internationalization/icudt64l/lang/es_HN.res" 1171
"../../../Engine/Content/Internationalization/icudt64l/region/es_HN.res" 1172
"../../../Engine/Content/Internationalization/icudt64l/lang/es_MX.res" 1173
"../../../Engine/Content/Internationalization/icudt64l/region/es_MX.res" 1174
"../../../Engine/Content/Internationalization/icudt64l/lang/es_NI.res" 1175
"../../../Engine/Content/Internationalization/icudt64l/region/es_NI.res" 1176
"../../../Engine/Content/Internationalization/icudt64l/lang/es_PA.res" 1177
"../../../Engine/Content/Internationalization/icudt64l/region/es_PA.res" 1178
"../../../Engine/Content/Internationalization/icudt64l/lang/es_PE.res" 1179
"../../../Engine/Content/Internationalization/icudt64l/region/es_PE.res" 1180
"../../../Engine/Content/Internationalization/icudt64l/lang/es_PR.res" 1181
"../../../Engine/Content/Internationalization/icudt64l/region/es_PR.res" 1182
"../../../Engine/Content/Internationalization/icudt64l/lang/es_PY.res" 1183
"../../../Engine/Content/Internationalization/icudt64l/region/es_PY.res" 1184
"../../../Engine/Content/Internationalization/icudt64l/lang/es_SV.res" 1185
"../../../Engine/Content/Internationalization/icudt64l/region/es_SV.res" 1186
"../../../Engine/Content/Internationalization/icudt64l/lang/es_US.res" 1187
"../../../Engine/Content/Internationalization/icudt64l/region/es_US.res" 1188
"../../../Engine/Content/Internationalization/icudt64l/lang/es_UY.res" 1189
"../../../Engine/Content/Internationalization/icudt64l/region/es_UY.res" 1190
"../../../Engine/Content/Internationalization/icudt64l/lang/es_VE.res" 1191
"../../../Engine/Content/Internationalization/icudt64l/region/es_VE.res" 1192
"../../../Engine/Content/Internationalization/icudt64l/lang/et.res" 1193
"../../../Engine/Content/Internationalization/icudt64l/region/et.res" 1194
"../../../Engine/Content/Internationalization/icudt64l/lang/eu.res" 1195
"../../../Engine/Content/Internationalization/icudt64l/region/eu.res" 1196
"../../../Engine/Content/Internationalization/icudt64l/lang/ewo.res" 1197
"../../../Engine/Content/Internationalization/icudt64l/region/ewo.res" 1198
"../../../Engine/Content/Internationalization/icudt64l/lang/fa.res" 1199
"../../../Engine/Content/Internationalization/icudt64l/lang/fa_AF.res" 1200
"../../../Engine/Content/Internationalization/icudt64l/region/fa_AF.res" 1201
"../../../Engine/Content/Internationalization/icudt64l/region/fa.res" 1202
"../../../Engine/Content/Internationalization/icudt64l/lang/ff.res" 1203
"../../../Engine/Content/Internationalization/icudt64l/lang/ff_Latn.res" 1204
"../../../Engine/Content/Internationalization/icudt64l/region/ff.res" 1205
"../../../Engine/Content/Internationalization/icudt64l/region/ff_Latn.res" 1206
"../../../Engine/Content/Internationalization/icudt64l/lang/ff_CM.res" 1207
"../../../Engine/Content/Internationalization/icudt64l/lang/ff_Latn_CM.res" 1208
"../../../Engine/Content/Internationalization/icudt64l/region/ff_CM.res" 1209
"../../../Engine/Content/Internationalization/icudt64l/region/ff_Latn_CM.res" 1210
"../../../Engine/Content/Internationalization/icudt64l/lang/ff_GN.res" 1211
"../../../Engine/Content/Internationalization/icudt64l/lang/ff_Latn_GN.res" 1212
"../../../Engine/Content/Internationalization/icudt64l/region/ff_GN.res" 1213
"../../../Engine/Content/Internationalization/icudt64l/region/ff_Latn_GN.res" 1214
"../../../Engine/Content/Internationalization/icudt64l/lang/ff_MR.res" 1215
"../../../Engine/Content/Internationalization/icudt64l/lang/ff_Latn_MR.res" 1216
"../../../Engine/Content/Internationalization/icudt64l/region/ff_MR.res" 1217
"../../../Engine/Content/Internationalization/icudt64l/region/ff_Latn_MR.res" 1218
"../../../Engine/Content/Internationalization/icudt64l/lang/ff_SN.res" 1219
"../../../Engine/Content/Internationalization/icudt64l/lang/ff_Latn_SN.res" 1220
"../../../Engine/Content/Internationalization/icudt64l/region/ff_SN.res" 1221
"../../../Engine/Content/Internationalization/icudt64l/region/ff_Latn_SN.res" 1222
"../../../Engine/Content/Internationalization/icudt64l/lang/fi.res" 1223
"../../../Engine/Content/Internationalization/icudt64l/region/fi.res" 1224
"../../../Engine/Content/Internationalization/icudt64l/lang/fil.res" 1225
"../../../Engine/Content/Internationalization/icudt64l/lang/fil_PH.res" 1226
"../../../Engine/Content/Internationalization/icudt64l/region/fil_PH.res" 1227
"../../../Engine/Content/Internationalization/icudt64l/region/fil.res" 1228
"../../../Engine/Content/Internationalization/icudt64l/lang/fo.res" 1229
"../../../Engine/Content/Internationalization/icudt64l/region/fo.res" 1230
"../../../Engine/Content/Internationalization/icudt64l/lang/fr.res" 1231
"../../../Engine/Content/Internationalization/icudt64l/lang/fr_BE.res" 1232
"../../../Engine/Content/Internationalization/icudt64l/region/fr_BE.res" 1233
"../../../Engine/Content/Internationalization/icudt64l/region/fr.res" 1234
"../../../Engine/Content/Internationalization/icudt64l/lang/fr_CA.res" 1235
"../../../Engine/Content/Internationalization/icudt64l/region/fr_CA.res" 1236
"../../../Engine/Content/Internationalization/icudt64l/lang/fr_CH.res" 1237
"../../../Engine/Content/Internationalization/icudt64l/lang/fur.res" 1238
"../../../Engine/Content/Internationalization/icudt64l/region/fur.res" 1239
"../../../Engine/Content/Internationalization/icudt64l/lang/fy.res" 1240
"../../../Engine/Content/Internationalization/icudt64l/region/fy.res" 1241
"../../../Engine/Content/Internationalization/icudt64l/lang/ga.res" 1242
"../../../Engine/Content/Internationalization/icudt64l/region/ga.res" 1243
"../../../Engine/Content/Internationalization/icudt64l/lang/gd.res" 1244
"../../../Engine/Content/Internationalization/icudt64l/region/gd.res" 1245
"../../../Engine/Content/Internationalization/icudt64l/lang/gl.res" 1246
"../../../Engine/Content/Internationalization/icudt64l/region/gl.res" 1247
"../../../Engine/Content/Internationalization/icudt64l/lang/gsw.res" 1248
"../../../Engine/Content/Internationalization/icudt64l/region/gsw.res" 1249
"../../../Engine/Content/Internationalization/icudt64l/lang/gu.res" 1250
"../../../Engine/Content/Internationalization/icudt64l/region/gu.res" 1251
"../../../Engine/Content/Internationalization/icudt64l/lang/guz.res" 1252
"../../../Engine/Content/Internationalization/icudt64l/region/guz.res" 1253
"../../../Engine/Content/Internationalization/icudt64l/lang/gv.res" 1254
"../../../Engine/Content/Internationalization/icudt64l/region/gv.res" 1255
"../../../Engine/Content/Internationalization/icudt64l/lang/ha.res" 1256
"../../../Engine/Content/Internationalization/icudt64l/region/ha.res" 1257
"../../../Engine/Content/Internationalization/icudt64l/lang/ha_NE.res" 1258
"../../../Engine/Content/Internationalization/icudt64l/region/ha_NE.res" 1259
"../../../Engine/Content/Internationalization/icudt64l/lang/haw.res" 1260
"../../../Engine/Content/Internationalization/icudt64l/region/haw.res" 1261
"../../../Engine/Content/Internationalization/icudt64l/lang/he.res" 1262
"../../../Engine/Content/Internationalization/icudt64l/lang/he_IL.res" 1263
"../../../Engine/Content/Internationalization/icudt64l/region/he_IL.res" 1264
"../../../Engine/Content/Internationalization/icudt64l/region/he.res" 1265
"../../../Engine/Content/Internationalization/icudt64l/lang/hi.res" 1266
"../../../Engine/Content/Internationalization/icudt64l/region/hi.res" 1267
"../../../Engine/Content/Internationalization/icudt64l/lang/hr.res" 1268
"../../../Engine/Content/Internationalization/icudt64l/region/hr.res" 1269
"../../../Engine/Content/Internationalization/icudt64l/lang/hsb.res" 1270
"../../../Engine/Content/Internationalization/icudt64l/region/hsb.res" 1271
"../../../Engine/Content/Internationalization/icudt64l/lang/hu.res" 1272
"../../../Engine/Content/Internationalization/icudt64l/region/hu.res" 1273
"../../../Engine/Content/Internationalization/icudt64l/lang/hy.res" 1274
"../../../Engine/Content/Internationalization/icudt64l/region/hy.res" 1275
"../../../Engine/Content/Internationalization/icudt64l/lang/ia.res" 1276
"../../../Engine/Content/Internationalization/icudt64l/region/ia.res" 1277
"../../../Engine/Content/Internationalization/icudt64l/lang/id.res" 1278
"../../../Engine/Content/Internationalization/icudt64l/lang/id_ID.res" 1279
"../../../Engine/Content/Internationalization/icudt64l/region/id_ID.res" 1280
"../../../Engine/Content/Internationalization/icudt64l/region/id.res" 1281
"../../../Engine/Content/Internationalization/icudt64l/lang/ig.res" 1282
"../../../Engine/Content/Internationalization/icudt64l/region/ig.res" 1283
"../../../Engine/Content/Internationalization/icudt64l/lang/ii.res" 1284
"../../../Engine/Content/Internationalization/icudt64l/region/ii.res" 1285
"../../../Engine/Content/Internationalization/icudt64l/lang/is.res" 1286
"../../../Engine/Content/Internationalization/icudt64l/region/is.res" 1287
"../../../Engine/Content/Internationalization/icudt64l/lang/it.res" 1288
"../../../Engine/Content/Internationalization/icudt64l/region/it.res" 1289
"../../../Engine/Content/Internationalization/icudt64l/lang/ja.res" 1290
"../../../Engine/Content/Internationalization/icudt64l/lang/ja_JP.res" 1291
"../../../Engine/Content/Internationalization/icudt64l/region/ja_JP.res" 1292
"../../../Engine/Content/Internationalization/icudt64l/region/ja.res" 1293
"../../../Engine/Content/Internationalization/icudt64l/lang/jgo.res" 1294
"../../../Engine/Content/Internationalization/icudt64l/region/jgo.res" 1295
"../../../Engine/Content/Internationalization/icudt64l/lang/jmc.res" 1296
"../../../Engine/Content/Internationalization/icudt64l/region/jmc.res" 1297
"../../../Engine/Content/Internationalization/icudt64l/lang/jv.res" 1298
"../../../Engine/Content/Internationalization/icudt64l/region/jv.res" 1299
"../../../Engine/Content/Internationalization/icudt64l/lang/ka.res" 1300
"../../../Engine/Content/Internationalization/icudt64l/region/ka.res" 1301
"../../../Engine/Content/Internationalization/icudt64l/lang/kab.res" 1302
"../../../Engine/Content/Internationalization/icudt64l/region/kab.res" 1303
"../../../Engine/Content/Internationalization/icudt64l/lang/kam.res" 1304
"../../../Engine/Content/Internationalization/icudt64l/region/kam.res" 1305
"../../../Engine/Content/Internationalization/icudt64l/lang/kde.res" 1306
"../../../Engine/Content/Internationalization/icudt64l/region/kde.res" 1307
"../../../Engine/Content/Internationalization/icudt64l/lang/kea.res" 1308
"../../../Engine/Content/Internationalization/icudt64l/region/kea.res" 1309
"../../../Engine/Content/Internationalization/icudt64l/lang/khq.res" 1310
"../../../Engine/Content/Internationalization/icudt64l/region/khq.res" 1311
"../../../Engine/Content/Internationalization/icudt64l/lang/ki.res" 1312
"../../../Engine/Content/Internationalization/icudt64l/region/ki.res" 1313
"../../../Engine/Content/Internationalization/icudt64l/lang/kk.res" 1314
"../../../Engine/Content/Internationalization/icudt64l/region/kk.res" 1315
"../../../Engine/Content/Internationalization/icudt64l/lang/kkj.res" 1316
"../../../Engine/Content/Internationalization/icudt64l/region/kkj.res" 1317
"../../../Engine/Content/Internationalization/icudt64l/lang/kl.res" 1318
"../../../Engine/Content/Internationalization/icudt64l/region/kl.res" 1319
"../../../Engine/Content/Internationalization/icudt64l/lang/kln.res" 1320
"../../../Engine/Content/Internationalization/icudt64l/region/kln.res" 1321
"../../../Engine/Content/Internationalization/icudt64l/lang/km.res" 1322
"../../../Engine/Content/Internationalization/icudt64l/region/km.res" 1323
"../../../Engine/Content/Internationalization/icudt64l/lang/kn.res" 1324
"../../../Engine/Content/Internationalization/icudt64l/region/kn.res" 1325
"../../../Engine/Content/Internationalization/icudt64l/lang/ko.res" 1326
"../../../Engine/Content/Internationalization/icudt64l/region/ko_KP.res" 1327
"../../../Engine/Content/Internationalization/icudt64l/region/ko.res" 1328
"../../../Engine/Content/Internationalization/icudt64l/lang/kok.res" 1329
"../../../Engine/Content/Internationalization/icudt64l/region/kok.res" 1330
"../../../Engine/Content/Internationalization/icudt64l/lang/ks.res" 1331
"../../../Engine/Content/Internationalization/icudt64l/region/ks.res" 1332
"../../../Engine/Content/Internationalization/icudt64l/lang/ksb.res" 1333
"../../../Engine/Content/Internationalization/icudt64l/region/ksb.res" 1334
"../../../Engine/Content/Internationalization/icudt64l/lang/ksf.res" 1335
"../../../Engine/Content/Internationalization/icudt64l/region/ksf.res" 1336
"../../../Engine/Content/Internationalization/icudt64l/lang/ksh.res" 1337
"../../../Engine/Content/Internationalization/icudt64l/region/ksh.res" 1338
"../../../Engine/Content/Internationalization/icudt64l/lang/ku.res" 1339
"../../../Engine/Content/Internationalization/icudt64l/region/ku.res" 1340
"../../../Engine/Content/Internationalization/icudt64l/lang/kw.res" 1341
"../../../Engine/Content/Internationalization/icudt64l/region/kw.res" 1342
"../../../Engine/Content/Internationalization/icudt64l/lang/ky.res" 1343
"../../../Engine/Content/Internationalization/icudt64l/region/ky.res" 1344
"../../../Engine/Content/Internationalization/icudt64l/lang/lag.res" 1345
"../../../Engine/Content/Internationalization/icudt64l/region/lag.res" 1346
"../../../Engine/Content/Internationalization/icudt64l/lang/lb.res" 1347
"../../../Engine/Content/Internationalization/icudt64l/region/lb.res" 1348
"../../../Engine/Content/Internationalization/icudt64l/lang/lg.res" 1349
"../../../Engine/Content/Internationalization/icudt64l/region/lg.res" 1350
"../../../Engine/Content/Internationalization/icudt64l/lang/lkt.res" 1351
"../../../Engine/Content/Internationalization/icudt64l/region/lkt.res" 1352
"../../../Engine/Content/Internationalization/icudt64l/lang/ln.res" 1353
"../../../Engine/Content/Internationalization/icudt64l/region/ln.res" 1354
"../../../Engine/Content/Internationalization/icudt64l/lang/lo.res" 1355
"../../../Engine/Content/Internationalization/icudt64l/region/lo.res" 1356
"../../../Engine/Content/Internationalization/icudt64l/lang/lrc.res" 1357
"../../../Engine/Content/Internationalization/icudt64l/region/lrc.res" 1358
"../../../Engine/Content/Internationalization/icudt64l/lang/lt.res" 1359
"../../../Engine/Content/Internationalization/icudt64l/region/lt.res" 1360
"../../../Engine/Content/Internationalization/icudt64l/lang/lu.res" 1361
"../../../Engine/Content/Internationalization/icudt64l/region/lu.res" 1362
"../../../Engine/Content/Internationalization/icudt64l/lang/luo.res" 1363
"../../../Engine/Content/Internationalization/icudt64l/region/luo.res" 1364
"../../../Engine/Content/Internationalization/icudt64l/lang/luy.res" 1365
"../../../Engine/Content/Internationalization/icudt64l/region/luy.res" 1366
"../../../Engine/Content/Internationalization/icudt64l/lang/lv.res" 1367
"../../../Engine/Content/Internationalization/icudt64l/region/lv.res" 1368
"../../../Engine/Content/Internationalization/icudt64l/lang/mas.res" 1369
"../../../Engine/Content/Internationalization/icudt64l/region/mas.res" 1370
"../../../Engine/Content/Internationalization/icudt64l/lang/mer.res" 1371
"../../../Engine/Content/Internationalization/icudt64l/region/mer.res" 1372
"../../../Engine/Content/Internationalization/icudt64l/lang/mfe.res" 1373
"../../../Engine/Content/Internationalization/icudt64l/region/mfe.res" 1374
"../../../Engine/Content/Internationalization/icudt64l/lang/mg.res" 1375
"../../../Engine/Content/Internationalization/icudt64l/region/mg.res" 1376
"../../../Engine/Content/Internationalization/icudt64l/lang/mgh.res" 1377
"../../../Engine/Content/Internationalization/icudt64l/region/mgh.res" 1378
"../../../Engine/Content/Internationalization/icudt64l/lang/mgo.res" 1379
"../../../Engine/Content/Internationalization/icudt64l/region/mgo.res" 1380
"../../../Engine/Content/Internationalization/icudt64l/lang/mi.res" 1381
"../../../Engine/Content/Internationalization/icudt64l/region/mi.res" 1382
"../../../Engine/Content/Internationalization/icudt64l/lang/mk.res" 1383
"../../../Engine/Content/Internationalization/icudt64l/region/mk.res" 1384
"../../../Engine/Content/Internationalization/icudt64l/lang/ml.res" 1385
"../../../Engine/Content/Internationalization/icudt64l/region/ml.res" 1386
"../../../Engine/Content/Internationalization/icudt64l/lang/mn.res" 1387
"../../../Engine/Content/Internationalization/icudt64l/region/mn.res" 1388
"../../../Engine/Content/Internationalization/icudt64l/lang/mr.res" 1389
"../../../Engine/Content/Internationalization/icudt64l/region/mr.res" 1390
"../../../Engine/Content/Internationalization/icudt64l/lang/ms.res" 1391
"../../../Engine/Content/Internationalization/icudt64l/region/ms.res" 1392
"../../../Engine/Content/Internationalization/icudt64l/lang/mt.res" 1393
"../../../Engine/Content/Internationalization/icudt64l/region/mt.res" 1394
"../../../Engine/Content/Internationalization/icudt64l/lang/mua.res" 1395
"../../../Engine/Content/Internationalization/icudt64l/region/mua.res" 1396
"../../../Engine/Content/Internationalization/icudt64l/lang/my.res" 1397
"../../../Engine/Content/Internationalization/icudt64l/region/my.res" 1398
"../../../Engine/Content/Internationalization/icudt64l/lang/mzn.res" 1399
"../../../Engine/Content/Internationalization/icudt64l/region/mzn.res" 1400
"../../../Engine/Content/Internationalization/icudt64l/lang/naq.res" 1401
"../../../Engine/Content/Internationalization/icudt64l/region/naq.res" 1402
"../../../Engine/Content/Internationalization/icudt64l/lang/nb.res" 1403
"../../../Engine/Content/Internationalization/icudt64l/lang/nb_NO.res" 1404
"../../../Engine/Content/Internationalization/icudt64l/region/nb_NO.res" 1405
"../../../Engine/Content/Internationalization/icudt64l/region/nb.res" 1406
"../../../Engine/Content/Internationalization/icudt64l/lang/nd.res" 1407
"../../../Engine/Content/Internationalization/icudt64l/region/nd.res" 1408
"../../../Engine/Content/Internationalization/icudt64l/lang/nds.res" 1409
"../../../Engine/Content/Internationalization/icudt64l/region/nds.res" 1410
"../../../Engine/Content/Internationalization/icudt64l/lang/ne.res" 1411
"../../../Engine/Content/Internationalization/icudt64l/region/ne.res" 1412
"../../../Engine/Content/Internationalization/icudt64l/lang/nl.res" 1413
"../../../Engine/Content/Internationalization/icudt64l/region/nl.res" 1414
"../../../Engine/Content/Internationalization/icudt64l/lang/nmg.res" 1415
"../../../Engine/Content/Internationalization/icudt64l/region/nmg.res" 1416
"../../../Engine/Content/Internationalization/icudt64l/lang/nn.res" 1417
"../../../Engine/Content/Internationalization/icudt64l/lang/nn_NO.res" 1418
"../../../Engine/Content/Internationalization/icudt64l/region/nn_NO.res" 1419
"../../../Engine/Content/Internationalization/icudt64l/region/nn.res" 1420
"../../../Engine/Content/Internationalization/icudt64l/lang/nnh.res" 1421
"../../../Engine/Content/Internationalization/icudt64l/region/nnh.res" 1422
"../../../Engine/Content/Internationalization/icudt64l/lang/nus.res" 1423
"../../../Engine/Content/Internationalization/icudt64l/region/nus.res" 1424
"../../../Engine/Content/Internationalization/icudt64l/lang/nyn.res" 1425
"../../../Engine/Content/Internationalization/icudt64l/region/nyn.res" 1426
"../../../Engine/Content/Internationalization/icudt64l/lang/om.res" 1427
"../../../Engine/Content/Internationalization/icudt64l/region/om.res" 1428
"../../../Engine/Content/Internationalization/icudt64l/lang/or.res" 1429
"../../../Engine/Content/Internationalization/icudt64l/region/or.res" 1430
"../../../Engine/Content/Internationalization/icudt64l/lang/os.res" 1431
"../../../Engine/Content/Internationalization/icudt64l/region/os.res" 1432
"../../../Engine/Content/Internationalization/icudt64l/lang/pa.res" 1433
"../../../Engine/Content/Internationalization/icudt64l/lang/pa_Arab.res" 1434
"../../../Engine/Content/Internationalization/icudt64l/lang/pa_PK.res" 1435
"../../../Engine/Content/Internationalization/icudt64l/lang/pa_Arab_PK.res" 1436
"../../../Engine/Content/Internationalization/icudt64l/region/pa_PK.res" 1437
"../../../Engine/Content/Internationalization/icudt64l/region/pa_Arab_PK.res" 1438
"../../../Engine/Content/Internationalization/icudt64l/region/pa_Arab.res" 1439
"../../../Engine/Content/Internationalization/icudt64l/lang/pa_Guru.res" 1440
"../../../Engine/Content/Internationalization/icudt64l/lang/pa_IN.res" 1441
"../../../Engine/Content/Internationalization/icudt64l/lang/pa_Guru_IN.res" 1442
"../../../Engine/Content/Internationalization/icudt64l/region/pa_IN.res" 1443
"../../../Engine/Content/Internationalization/icudt64l/region/pa_Guru_IN.res" 1444
"../../../Engine/Content/Internationalization/icudt64l/region/pa_Guru.res" 1445
"../../../Engine/Content/Internationalization/icudt64l/region/pa.res" 1446
"../../../Engine/Content/Internationalization/icudt64l/lang/ps.res" 1447
"../../../Engine/Content/Internationalization/icudt64l/region/ps.res" 1448
"../../../Engine/Content/Internationalization/icudt64l/lang/ps_PK.res" 1449
"../../../Engine/Content/Internationalization/icudt64l/region/ps_PK.res" 1450
"../../../Engine/Content/Internationalization/icudt64l/lang/pt.res" 1451
"../../../Engine/Content/Internationalization/icudt64l/lang/pt_AO.res" 1452
"../../../Engine/Content/Internationalization/icudt64l/lang/pt_PT.res" 1453
"../../../Engine/Content/Internationalization/icudt64l/region/pt_AO.res" 1454
"../../../Engine/Content/Internationalization/icudt64l/region/pt_PT.res" 1455
"../../../Engine/Content/Internationalization/icudt64l/region/pt.res" 1456
"../../../Engine/Content/Internationalization/icudt64l/lang/pt_CH.res" 1457
"../../../Engine/Content/Internationalization/icudt64l/region/pt_CH.res" 1458
"../../../Engine/Content/Internationalization/icudt64l/lang/pt_CV.res" 1459
"../../../Engine/Content/Internationalization/icudt64l/region/pt_CV.res" 1460
"../../../Engine/Content/Internationalization/icudt64l/lang/pt_GQ.res" 1461
"../../../Engine/Content/Internationalization/icudt64l/region/pt_GQ.res" 1462
"../../../Engine/Content/Internationalization/icudt64l/lang/pt_GW.res" 1463
"../../../Engine/Content/Internationalization/icudt64l/region/pt_GW.res" 1464
"../../../Engine/Content/Internationalization/icudt64l/lang/pt_LU.res" 1465
"../../../Engine/Content/Internationalization/icudt64l/region/pt_LU.res" 1466
"../../../Engine/Content/Internationalization/icudt64l/lang/pt_MO.res" 1467
"../../../Engine/Content/Internationalization/icudt64l/region/pt_MO.res" 1468
"../../../Engine/Content/Internationalization/icudt64l/lang/pt_MZ.res" 1469
"../../../Engine/Content/Internationalization/icudt64l/region/pt_MZ.res" 1470
"../../../Engine/Content/Internationalization/icudt64l/lang/pt_ST.res" 1471
"../../../Engine/Content/Internationalization/icudt64l/region/pt_ST.res" 1472
"../../../Engine/Content/Internationalization/icudt64l/lang/pt_TL.res" 1473
"../../../Engine/Content/Internationalization/icudt64l/region/pt_TL.res" 1474
"../../../Engine/Content/Internationalization/icudt64l/lang/qu.res" 1475
"../../../Engine/Content/Internationalization/icudt64l/region/qu.res" 1476
"../../../Engine/Content/Internationalization/icudt64l/lang/rm.res" 1477
"../../../Engine/Content/Internationalization/icudt64l/region/rm.res" 1478
"../../../Engine/Content/Internationalization/icudt64l/lang/rn.res" 1479
"../../../Engine/Content/Internationalization/icudt64l/region/rn.res" 1480
"../../../Engine/Content/Internationalization/icudt64l/lang/ro.res" 1481
"../../../Engine/Content/Internationalization/icudt64l/lang/ro_MD.res" 1482
"../../../Engine/Content/Internationalization/icudt64l/region/ro_MD.res" 1483
"../../../Engine/Content/Internationalization/icudt64l/region/ro.res" 1484
"../../../Engine/Content/Internationalization/icudt64l/lang/rof.res" 1485
"../../../Engine/Content/Internationalization/icudt64l/region/rof.res" 1486
"../../../Engine/Content/Internationalization/icudt64l/lang/ru.res" 1487
"../../../Engine/Content/Internationalization/icudt64l/region/ru.res" 1488
"../../../Engine/Content/Internationalization/icudt64l/region/ru_UA.res" 1489
"../../../Engine/Content/Internationalization/icudt64l/lang/rw.res" 1490
"../../../Engine/Content/Internationalization/icudt64l/region/rw.res" 1491
"../../../Engine/Content/Internationalization/icudt64l/lang/rwk.res" 1492
"../../../Engine/Content/Internationalization/icudt64l/region/rwk.res" 1493
"../../../Engine/Content/Internationalization/icudt64l/lang/sah.res" 1494
"../../../Engine/Content/Internationalization/icudt64l/region/sah.res" 1495
"../../../Engine/Content/Internationalization/icudt64l/lang/saq.res" 1496
"../../../Engine/Content/Internationalization/icudt64l/region/saq.res" 1497
"../../../Engine/Content/Internationalization/icudt64l/lang/sbp.res" 1498
"../../../Engine/Content/Internationalization/icudt64l/region/sbp.res" 1499
"../../../Engine/Content/Internationalization/icudt64l/lang/sd.res" 1500
"../../../Engine/Content/Internationalization/icudt64l/region/sd.res" 1501
"../../../Engine/Content/Internationalization/icudt64l/lang/se.res" 1502
"../../../Engine/Content/Internationalization/icudt64l/lang/se_FI.res" 1503
"../../../Engine/Content/Internationalization/icudt64l/region/se_FI.res" 1504
"../../../Engine/Content/Internationalization/icudt64l/region/se.res" 1505
"../../../Engine/Content/Internationalization/icudt64l/lang/seh.res" 1506
"../../../Engine/Content/Internationalization/icudt64l/region/seh.res" 1507
"../../../Engine/Content/Internationalization/icudt64l/lang/ses.res" 1508
"../../../Engine/Content/Internationalization/icudt64l/region/ses.res" 1509
"../../../Engine/Content/Internationalization/icudt64l/lang/sg.res" 1510
"../../../Engine/Content/Internationalization/icudt64l/region/sg.res" 1511
"../../../Engine/Content/Internationalization/icudt64l/lang/shi.res" 1512
"../../../Engine/Content/Internationalization/icudt64l/lang/shi_Latn.res" 1513
"../../../Engine/Content/Internationalization/icudt64l/lang/shi_MA.res" 1514
"../../../Engine/Content/Internationalization/icudt64l/lang/shi_Tfng_MA.res" 1515
"../../../Engine/Content/Internationalization/icudt64l/lang/shi_Tfng.res" 1516
"../../../Engine/Content/Internationalization/icudt64l/region/shi_MA.res" 1517
"../../../Engine/Content/Internationalization/icudt64l/region/shi_Tfng_MA.res" 1518
"../../../Engine/Content/Internationalization/icudt64l/region/shi_Tfng.res" 1519
"../../../Engine/Content/Internationalization/icudt64l/region/shi.res" 1520
"../../../Engine/Content/Internationalization/icudt64l/region/shi_Latn.res" 1521
"../../../Engine/Content/Internationalization/icudt64l/lang/si.res" 1522
"../../../Engine/Content/Internationalization/icudt64l/region/si.res" 1523
"../../../Engine/Content/Internationalization/icudt64l/lang/sk.res" 1524
"../../../Engine/Content/Internationalization/icudt64l/region/sk.res" 1525
"../../../Engine/Content/Internationalization/icudt64l/lang/sl.res" 1526
"../../../Engine/Content/Internationalization/icudt64l/region/sl.res" 1527
"../../../Engine/Content/Internationalization/icudt64l/lang/smn.res" 1528
"../../../Engine/Content/Internationalization/icudt64l/region/smn.res" 1529
"../../../Engine/Content/Internationalization/icudt64l/lang/sn.res" 1530
"../../../Engine/Content/Internationalization/icudt64l/region/sn.res" 1531
"../../../Engine/Content/Internationalization/icudt64l/lang/so.res" 1532
"../../../Engine/Content/Internationalization/icudt64l/region/so.res" 1533
"../../../Engine/Content/Internationalization/icudt64l/lang/sq.res" 1534
"../../../Engine/Content/Internationalization/icudt64l/region/sq.res" 1535
"../../../Engine/Content/Internationalization/icudt64l/lang/sr.res" 1536
"../../../Engine/Content/Internationalization/icudt64l/lang/sr_Cyrl.res" 1537
"../../../Engine/Content/Internationalization/icudt64l/lang/sr_BA.res" 1538
"../../../Engine/Content/Internationalization/icudt64l/lang/sr_Cyrl_BA.res" 1539
"../../../Engine/Content/Internationalization/icudt64l/region/sr_BA.res" 1540
"../../../Engine/Content/Internationalization/icudt64l/region/sr_Cyrl_BA.res" 1541
"../../../Engine/Content/Internationalization/icudt64l/region/sr_Cyrl.res" 1542
"../../../Engine/Content/Internationalization/icudt64l/region/sr.res" 1543
"../../../Engine/Content/Internationalization/icudt64l/lang/sr_ME.res" 1544
"../../../Engine/Content/Internationalization/icudt64l/lang/sr_Latn_ME.res" 1545
"../../../Engine/Content/Internationalization/icudt64l/lang/sr_Latn.res" 1546
"../../../Engine/Content/Internationalization/icudt64l/region/sr_ME.res" 1547
"../../../Engine/Content/Internationalization/icudt64l/region/sr_Latn_ME.res" 1548
"../../../Engine/Content/Internationalization/icudt64l/region/sr_Latn.res" 1549
"../../../Engine/Content/Internationalization/icudt64l/lang/sr_Cyrl_ME.res" 1550
"../../../Engine/Content/Internationalization/icudt64l/region/sr_Cyrl_ME.res" 1551
"../../../Engine/Content/Internationalization/icudt64l/lang/sr_RS.res" 1552
"../../../Engine/Content/Internationalization/icudt64l/lang/sr_Cyrl_RS.res" 1553
"../../../Engine/Content/Internationalization/icudt64l/region/sr_RS.res" 1554
"../../../Engine/Content/Internationalization/icudt64l/region/sr_Cyrl_RS.res" 1555
"../../../Engine/Content/Internationalization/icudt64l/lang/sr_XK.res" 1556
"../../../Engine/Content/Internationalization/icudt64l/lang/sr_Cyrl_XK.res" 1557
"../../../Engine/Content/Internationalization/icudt64l/region/sr_XK.res" 1558
"../../../Engine/Content/Internationalization/icudt64l/region/sr_Cyrl_XK.res" 1559
"../../../Engine/Content/Internationalization/icudt64l/lang/sr_Latn_BA.res" 1560
"../../../Engine/Content/Internationalization/icudt64l/region/sr_Latn_BA.res" 1561
"../../../Engine/Content/Internationalization/icudt64l/lang/sr_Latn_RS.res" 1562
"../../../Engine/Content/Internationalization/icudt64l/region/sr_Latn_RS.res" 1563
"../../../Engine/Content/Internationalization/icudt64l/lang/sr_Latn_XK.res" 1564
"../../../Engine/Content/Internationalization/icudt64l/region/sr_Latn_XK.res" 1565
"../../../Engine/Content/Internationalization/icudt64l/lang/sv.res" 1566
"../../../Engine/Content/Internationalization/icudt64l/region/sv.res" 1567
"../../../Engine/Content/Internationalization/icudt64l/lang/sv_FI.res" 1568
"../../../Engine/Content/Internationalization/icudt64l/lang/sw.res" 1569
"../../../Engine/Content/Internationalization/icudt64l/lang/sw_CD.res" 1570
"../../../Engine/Content/Internationalization/icudt64l/region/sw_CD.res" 1571
"../../../Engine/Content/Internationalization/icudt64l/region/sw.res" 1572
"../../../Engine/Content/Internationalization/icudt64l/lang/sw_KE.res" 1573
"../../../Engine/Content/Internationalization/icudt64l/region/sw_KE.res" 1574
"../../../Engine/Content/Internationalization/icudt64l/lang/ta.res" 1575
"../../../Engine/Content/Internationalization/icudt64l/region/ta.res" 1576
"../../../Engine/Content/Internationalization/icudt64l/lang/te.res" 1577
"../../../Engine/Content/Internationalization/icudt64l/region/te.res" 1578
"../../../Engine/Content/Internationalization/icudt64l/lang/teo.res" 1579
"../../../Engine/Content/Internationalization/icudt64l/region/teo.res" 1580
"../../../Engine/Content/Internationalization/icudt64l/lang/tg.res" 1581
"../../../Engine/Content/Internationalization/icudt64l/region/tg.res" 1582
"../../../Engine/Content/Internationalization/icudt64l/lang/th.res" 1583
"../../../Engine/Content/Internationalization/icudt64l/lang/th_TH.res" 1584
"../../../Engine/Content/Internationalization/icudt64l/region/th_TH.res" 1585
"../../../Engine/Content/Internationalization/icudt64l/region/th.res" 1586
"../../../Engine/Content/Internationalization/icudt64l/lang/ti.res" 1587
"../../../Engine/Content/Internationalization/icudt64l/region/ti.res" 1588
"../../../Engine/Content/Internationalization/icudt64l/lang/tk.res" 1589
"../../../Engine/Content/Internationalization/icudt64l/region/tk.res" 1590
"../../../Engine/Content/Internationalization/icudt64l/lang/to.res" 1591
"../../../Engine/Content/Internationalization/icudt64l/region/to.res" 1592
"../../../Engine/Content/Internationalization/icudt64l/lang/tr.res" 1593
"../../../Engine/Content/Internationalization/icudt64l/region/tr.res" 1594
"../../../Engine/Content/Internationalization/icudt64l/lang/tt.res" 1595
"../../../Engine/Content/Internationalization/icudt64l/region/tt.res" 1596
"../../../Engine/Content/Internationalization/icudt64l/lang/twq.res" 1597
"../../../Engine/Content/Internationalization/icudt64l/region/twq.res" 1598
"../../../Engine/Content/Internationalization/icudt64l/lang/tzm.res" 1599
"../../../Engine/Content/Internationalization/icudt64l/region/tzm.res" 1600
"../../../Engine/Content/Internationalization/icudt64l/lang/ug.res" 1601
"../../../Engine/Content/Internationalization/icudt64l/region/ug.res" 1602
"../../../Engine/Content/Internationalization/icudt64l/lang/uk.res" 1603
"../../../Engine/Content/Internationalization/icudt64l/region/uk.res" 1604
"../../../Engine/Content/Internationalization/icudt64l/lang/ur.res" 1605
"../../../Engine/Content/Internationalization/icudt64l/lang/ur_IN.res" 1606
"../../../Engine/Content/Internationalization/icudt64l/region/ur_IN.res" 1607
"../../../Engine/Content/Internationalization/icudt64l/region/ur.res" 1608
"../../../Engine/Content/Internationalization/icudt64l/lang/uz.res" 1609
"../../../Engine/Content/Internationalization/icudt64l/lang/uz_Arab.res" 1610
"../../../Engine/Content/Internationalization/icudt64l/lang/uz_AF.res" 1611
"../../../Engine/Content/Internationalization/icudt64l/lang/uz_Arab_AF.res" 1612
"../../../Engine/Content/Internationalization/icudt64l/region/uz_AF.res" 1613
"../../../Engine/Content/Internationalization/icudt64l/region/uz_Arab_AF.res" 1614
"../../../Engine/Content/Internationalization/icudt64l/region/uz_Arab.res" 1615
"../../../Engine/Content/Internationalization/icudt64l/lang/uz_Cyrl.res" 1616
"../../../Engine/Content/Internationalization/icudt64l/lang/uz_UZ.res" 1617
"../../../Engine/Content/Internationalization/icudt64l/lang/uz_Latn_UZ.res" 1618
"../../../Engine/Content/Internationalization/icudt64l/lang/uz_Latn.res" 1619
"../../../Engine/Content/Internationalization/icudt64l/region/uz_UZ.res" 1620
"../../../Engine/Content/Internationalization/icudt64l/region/uz_Latn_UZ.res" 1621
"../../../Engine/Content/Internationalization/icudt64l/region/uz_Latn.res" 1622
"../../../Engine/Content/Internationalization/icudt64l/region/uz.res" 1623
"../../../Engine/Content/Internationalization/icudt64l/region/uz_Cyrl.res" 1624
"../../../Engine/Content/Internationalization/icudt64l/lang/vai.res" 1625
"../../../Engine/Content/Internationalization/icudt64l/lang/vai_Latn.res" 1626
"../../../Engine/Content/Internationalization/icudt64l/lang/vai_LR.res" 1627
"../../../Engine/Content/Internationalization/icudt64l/lang/vai_Vaii_LR.res" 1628
"../../../Engine/Content/Internationalization/icudt64l/lang/vai_Vaii.res" 1629
"../../../Engine/Content/Internationalization/icudt64l/region/vai_LR.res" 1630
"../../../Engine/Content/Internationalization/icudt64l/region/vai_Vaii_LR.res" 1631
"../../../Engine/Content/Internationalization/icudt64l/region/vai_Vaii.res" 1632
"../../../Engine/Content/Internationalization/icudt64l/region/vai.res" 1633
"../../../Engine/Content/Internationalization/icudt64l/region/vai_Latn.res" 1634
"../../../Engine/Content/Internationalization/icudt64l/lang/vi.res" 1635
"../../../Engine/Content/Internationalization/icudt64l/region/vi.res" 1636
"../../../Engine/Content/Internationalization/icudt64l/lang/vun.res" 1637
"../../../Engine/Content/Internationalization/icudt64l/region/vun.res" 1638
"../../../Engine/Content/Internationalization/icudt64l/lang/wae.res" 1639
"../../../Engine/Content/Internationalization/icudt64l/region/wae.res" 1640
"../../../Engine/Content/Internationalization/icudt64l/lang/wo.res" 1641
"../../../Engine/Content/Internationalization/icudt64l/region/wo.res" 1642
"../../../Engine/Content/Internationalization/icudt64l/lang/xh.res" 1643
"../../../Engine/Content/Internationalization/icudt64l/region/xh.res" 1644
"../../../Engine/Content/Internationalization/icudt64l/lang/xog.res" 1645
"../../../Engine/Content/Internationalization/icudt64l/region/xog.res" 1646
"../../../Engine/Content/Internationalization/icudt64l/lang/yav.res" 1647
"../../../Engine/Content/Internationalization/icudt64l/region/yav.res" 1648
"../../../Engine/Content/Internationalization/icudt64l/lang/yi.res" 1649
"../../../Engine/Content/Internationalization/icudt64l/region/yi.res" 1650
"../../../Engine/Content/Internationalization/icudt64l/lang/yo.res" 1651
"../../../Engine/Content/Internationalization/icudt64l/lang/yo_BJ.res" 1652
"../../../Engine/Content/Internationalization/icudt64l/region/yo_BJ.res" 1653
"../../../Engine/Content/Internationalization/icudt64l/region/yo.res" 1654
"../../../Engine/Content/Internationalization/icudt64l/lang/yue.res" 1655
"../../../Engine/Content/Internationalization/icudt64l/lang/yue_Hans.res" 1656
"../../../Engine/Content/Internationalization/icudt64l/lang/yue_CN.res" 1657
"../../../Engine/Content/Internationalization/icudt64l/lang/yue_Hans_CN.res" 1658
"../../../Engine/Content/Internationalization/icudt64l/region/yue_CN.res" 1659
"../../../Engine/Content/Internationalization/icudt64l/region/yue_Hans_CN.res" 1660
"../../../Engine/Content/Internationalization/icudt64l/region/yue_Hans.res" 1661
"../../../Engine/Content/Internationalization/icudt64l/lang/yue_Hant.res" 1662
"../../../Engine/Content/Internationalization/icudt64l/lang/yue_HK.res" 1663
"../../../Engine/Content/Internationalization/icudt64l/lang/yue_Hant_HK.res" 1664
"../../../Engine/Content/Internationalization/icudt64l/region/yue_HK.res" 1665
"../../../Engine/Content/Internationalization/icudt64l/region/yue_Hant_HK.res" 1666
"../../../Engine/Content/Internationalization/icudt64l/region/yue_Hant.res" 1667
"../../../Engine/Content/Internationalization/icudt64l/region/yue.res" 1668
"../../../Engine/Content/Internationalization/icudt64l/lang/zgh.res" 1669
"../../../Engine/Content/Internationalization/icudt64l/region/zgh.res" 1670
"../../../Engine/Content/Internationalization/icudt64l/lang/zh.res" 1671
"../../../Engine/Content/Internationalization/icudt64l/lang/zh_Hans.res" 1672
"../../../Engine/Content/Internationalization/icudt64l/lang/zh_CN.res" 1673
"../../../Engine/Content/Internationalization/icudt64l/lang/zh_Hans_CN.res" 1674
"../../../Engine/Content/Internationalization/icudt64l/region/zh_CN.res" 1675
"../../../Engine/Content/Internationalization/icudt64l/region/zh_Hans_CN.res" 1676
"../../../Engine/Content/Internationalization/icudt64l/region/zh_Hans.res" 1677
"../../../Engine/Content/Internationalization/icudt64l/region/zh.res" 1678
"../../../Engine/Content/Internationalization/icudt64l/lang/zh_HK.res" 1679
"../../../Engine/Content/Internationalization/icudt64l/lang/zh_Hant_HK.res" 1680
"../../../Engine/Content/Internationalization/icudt64l/lang/zh_Hant.res" 1681
"../../../Engine/Content/Internationalization/icudt64l/region/zh_HK.res" 1682
"../../../Engine/Content/Internationalization/icudt64l/region/zh_Hant_HK.res" 1683
"../../../Engine/Content/Internationalization/icudt64l/region/zh_Hant.res" 1684
"../../../Engine/Content/Internationalization/icudt64l/lang/zh_MO.res" 1685
"../../../Engine/Content/Internationalization/icudt64l/lang/zh_Hant_MO.res" 1686
"../../../Engine/Content/Internationalization/icudt64l/region/zh_MO.res" 1687
"../../../Engine/Content/Internationalization/icudt64l/region/zh_Hant_MO.res" 1688
"../../../Engine/Content/Internationalization/icudt64l/lang/zh_SG.res" 1689
"../../../Engine/Content/Internationalization/icudt64l/lang/zh_Hans_SG.res" 1690
"../../../Engine/Content/Internationalization/icudt64l/region/zh_SG.res" 1691
"../../../Engine/Content/Internationalization/icudt64l/region/zh_Hans_SG.res" 1692
"../../../Engine/Content/Internationalization/icudt64l/lang/zh_TW.res" 1693
"../../../Engine/Content/Internationalization/icudt64l/lang/zh_Hant_TW.res" 1694
"../../../Engine/Content/Internationalization/icudt64l/region/zh_TW.res" 1695
"../../../Engine/Content/Internationalization/icudt64l/region/zh_Hant_TW.res" 1696
"../../../Engine/Content/Internationalization/icudt64l/lang/zu.res" 1697
"../../../Engine/Content/Internationalization/icudt64l/region/zu.res" 1698
"../../../Engine/Content/Internationalization/icudt64l/lang/no.res" 1699
"../../../Engine/Content/Internationalization/icudt64l/lang/tl.res" 1700
"../../../Engine/Config/Android/DataDrivenPlatformInfo.ini" 1701
"../../../Engine/Config/HoloLens/DataDrivenPlatformInfo.ini" 1702
"../../../Engine/Config/IOS/DataDrivenPlatformInfo.ini" 1703
"../../../Engine/Config/Linux/DataDrivenPlatformInfo.ini" 1704
"../../../Engine/Config/LinuxArm64/DataDrivenPlatformInfo.ini" 1705
"../../../Engine/Config/Mac/DataDrivenPlatformInfo.ini" 1706
"../../../Engine/Config/TVOS/DataDrivenPlatformInfo.ini" 1707
"../../../Engine/Config/Unix/DataDrivenPlatformInfo.ini" 1708
"../../../Engine/Config/VulkanPC/DataDrivenPlatformInfo.ini" 1709
"../../../Engine/Config/Windows/DataDrivenPlatformInfo.ini" 1710
"../../../Engine/DerivedDataCache/Compressed.ddp" 1711
"C:/Users/jakub/AppData/Local/UnrealEngine/Common/DerivedDataCache/TestData/0/TestData_4kb.dat" 1712
"C:/Users/jakub/AppData/Local/UnrealEngine/Common/DerivedDataCache/TestData/1/TestData_4kb.dat" 1713
"C:/Users/jakub/AppData/Local/UnrealEngine/Common/DerivedDataCache/TestData/0/TestData_8kb.dat" 1714
"C:/Users/jakub/AppData/Local/UnrealEngine/Common/DerivedDataCache/TestData/1/TestData_8kb.dat" 1715
"C:/Users/jakub/AppData/Local/UnrealEngine/Common/DerivedDataCache/TestData/0/TestData_16kb.dat" 1716
"C:/Users/jakub/AppData/Local/UnrealEngine/Common/DerivedDataCache/TestData/1/TestData_16kb.dat" 1717
"C:/Users/jakub/AppData/Local/UnrealEngine/Common/DerivedDataCache/TestData/0/TestData_64kb.dat" 1718
"C:/Users/jakub/AppData/Local/UnrealEngine/Common/DerivedDataCache/TestData/1/TestData_64kb.dat" 1719
"C:/Users/jakub/AppData/Local/UnrealEngine/Common/DerivedDataCache/TestData/0/TestData_128kb.dat" 1720
"C:/Users/jakub/AppData/Local/UnrealEngine/Common/DerivedDataCache/TestData/1/TestData_128kb.dat" 1721
"C:/Users/jakub/AppData/Local/UnrealEngine/Common/DerivedDataCache/TestData/0/TestData_256kb.dat" 1722
"C:/Users/jakub/AppData/Local/UnrealEngine/Common/DerivedDataCache/TestData/1/TestData_256kb.dat" 1723
"../../../Engine/Plugins/FX/Niagara/Shaders/Private/NiagaraSpriteVertexFactory.ush" 1724
"../../../Engine/Shaders/Private/VertexFactoryCommon.ush" 1725
"../../../Engine/Shaders/Private/Common.ush" 1726
"../../../Engine/Shaders/Public/Platform.ush" 1727
"../../../Engine/Shaders/Public/FP16Math.ush" 1728
"../../../Engine/Shaders/Public/Platform/D3D/D3DCommon.ush" 1729
"../../../Engine/Shaders/Public/BindlessResources.ush" 1730
"../../../Engine/Shaders/Public/ShaderVersion.ush" 1731
"../../../Engine/Shaders/Private/GeneratedUniformBufferTypes.ush" 1732
"../../../Engine/Shaders/Private/Nanite/NanitePackedNaniteView.ush" 1733
"../../../Engine/Shaders/Private/HairStrands/HairStrandsVisibilityCommonStruct.ush" 1734
"../../../Engine/Shaders/Private/HairStrands/HairStrandsVoxelPageCommonStruct.ush" 1735
"../../../Engine/Shaders/Private/HairStrands/HairStrandsDeepShadowCommonStruct.ush" 1736
"../../../Engine/Shaders/Private/CommonViewUniformBuffer.ush" 1737
"../../../Engine/Shaders/Private/LargeWorldCoordinates.ush" 1738
"../../../Engine/Shaders/Private/LWCOperations.ush" 1739
"../../../Engine/Shaders/Private/InstancedStereo.ush" 1740
"../../../Engine/Shaders/Private/Definitions.usf" 1741
"../../../Engine/Shaders/Private/AssertionMacros.ush" 1742
"../../../Engine/Shaders/Private/FastMath.ush" 1743
"../../../Engine/Shaders/Private/FastMathThirdParty.ush" 1744
"../../../Engine/Shaders/Private/Random.ush" 1745
"../../../Engine/Shaders/Private/SceneData.ush" 1746
"../../../Engine/Shaders/Private/OctahedralCommon.ush" 1747
"../../../Engine/Shaders/Shared/LightSceneData.h" 1748
"../../../Engine/Shaders/Shared/HLSLTypeAliases.h" 1749
"../../../Engine/Shaders/Private/ParticleVertexFactoryCommon.ush" 1750
"../../../Engine/Plugins/FX/Niagara/Shaders/Private/NiagaraVFCommon.usf" 1751
"../../../Engine/Plugins/FX/Niagara/Shaders/Private/NiagaraVFParticleAccess.usf" 1752
"../../../Engine/Plugins/FX/Niagara/Shaders/Private/NiagaraParticleAccess.ush" 1753
"../../../Engine/Shaders/Private/VertexFactoryDefaultInterface.ush" 1754
"../../../Engine/Plugins/FX/Niagara/Shaders/Private/NiagaraRibbonVertexFactory.ush" 1755
"../../../Engine/Plugins/FX/Niagara/Shaders/Private/NiagaraMeshVertexFactory.ush" 1756
"../../../Engine/Plugins/FX/Niagara/Shaders/Private/NiagaraCommon.ush" 1757
"../../../Engine/Plugins/FX/Niagara/Shaders/Private/NiagaraMeshParticleUtils.ush" 1758
"../../../Engine/Shaders/Private/RayTracing/RayTracingCommon.ush" 1759
"../../../Engine/Shaders/Private/ShadingCommon.ush" 1760
"../../../Engine/Shaders/Shared/RayTracingDefinitions.h" 1761
"../../../Engine/Shaders/Shared/RayTracingPayloadType.h" 1762
"../../../Engine/Shaders/Shared/HLSLStaticAssert.h" 1763
"../../../Engine/Shaders/Private/RayTracing/RayTracingRayCone.ush" 1764
"../../../Engine/Shaders/Private/Strata/Strata.ush" 1765
"../../../Engine/Shaders/Private/ShadingEnergyConservation.ush" 1766
"../../../Engine/Shaders/Private/ShadingEnergyConservationTemplate.ush" 1767
"../../../Engine/Shaders/Private/BRDF.ush" 1768
"../../../Engine/Shaders/Private/ColorSpace.ush" 1769
"../../../Engine/Shaders/Private/DeferredShadingCommon.ush" 1770
"../../../Engine/Shaders/Private/LightAccumulator.ush" 1771
"../../../Engine/Shaders/Private/SceneTexturesCommon.ush" 1772
"../../../Engine/Shaders/Private/MonteCarlo.ush" 1773
"../../../Engine/Shaders/Private/GBufferHelpers.ush" 1774
"../../../Engine/Shaders/Private/SceneTextureParameters.ush" 1775
"E:/gry/EndedWorld - git/Intermediate/ShaderAutogen/PCD3D_SM5/AutogenShaderHeaders.ush" 1776
"../../../Engine/Shaders/Private/ParticipatingMediaCommon.ush" 1777
"../../../Engine/Shaders/Private/ThinFilmBSDF.ush" 1778
"../../../Engine/Shaders/Private/MortonCode.ush" 1779
"../../../Engine/Shaders/Private/SubsurfaceProfileCommon.ush" 1780
"../../../Engine/Shaders/Private/BurleyNormalizedSSSCommon.ush" 1781
"../../../Engine/Shaders/Private/GammaCorrectionCommon.ush" 1782
"../../../Engine/Shaders/Shared/StrataDefinitions.h" 1783
"../../../Engine/Shaders/Private/Strata/StrataStatisticalOperators.ush" 1784
"../../../Engine/Shaders/Private/RayTracing/RayTracingCommonMetal.ush" 1785
"../../../Engine/Shaders/Private/PositionReconstructionCommon.ush" 1786
"../../../Engine/Shaders/Private/RayTracing/RayTracingHitGroupCommon.ush" 1787
"../../../Engine/Shaders/Shared/RayTracingBuiltInResources.h" 1788
"../../../Engine/Shaders/Private/VectorFieldVisualizationVertexFactory.ush" 1789
"../../../Engine/Shaders/Private/Nanite/NaniteVertexFactory.ush" 1790
"../../../Engine/Shaders/Private/LightmapData.ush" 1791
"../../../Engine/Shaders/Private/Nanite/NaniteDataDecode.ush" 1792
"../../../Engine/Shaders/Private/BitPacking.ush" 1793
"../../../Engine/Shaders/Private/BitStreamReaderImplementation.ush" 1794
"../../../Engine/Shaders/Shared/NaniteDefinitions.h" 1795
"../../../Engine/Shaders/Private/Nanite/NaniteAttributeDecode.ush" 1796
"../../../Engine/Shaders/Private/ParticleSpriteVertexFactory.ush" 1797
"../../../Engine/Shaders/Private/ParticleGPUSpriteVertexFactory.ush" 1798
"../../../Engine/Shaders/Private/ParticleBeamTrailVertexFactory.ush" 1799
"../../../Engine/Shaders/Private/MeshParticleVertexFactory.ush" 1800
"../../../Engine/Shaders/Private/LocalVertexFactory.ush" 1801
"../../../Engine/Shaders/Private/LocalVertexFactoryCommon.ush" 1802
"../../../Engine/Shaders/Private/GpuSkinCommon.ush" 1803
"../../../Engine/Shaders/Private/GpuSkinVertexFactory.ush" 1804
"../../../Engine/Shaders/Private/GeometryCollectionVertexFactory.ush" 1805
"../../../Engine/Shaders/Private/GeometryCacheVertexFactory.ush" 1806
"../../../Engine/Shaders/Private/LandscapeVertexFactory.ush" 1807
"../../../Engine/Plugins/Enterprise/GLTFExporter/Shaders/Private/SimpleTexture2DPS.usf" 1808
"../../../Engine/Shaders/Private/SimpleElementNormalMapPixelShader.usf" 1809
"../../../Engine/Plugins/Media/WmfMedia/Shaders/Private/MediaHardwareVideoDecoding.usf" 1810
"../../../Engine/Shaders/Private/ColorUtils.ush" 1811
"../../../Engine/Plugins/FX/Niagara/Shaders/Private/NiagaraFillIntBuffer.usf" 1812
"../../../Engine/Plugins/FX/Niagara/Shaders/Private/NiagaraComputeFreeIDs.usf" 1813
"../../../Engine/Plugins/FX/Niagara/Shaders/Private/NiagaraInitFreeIDBuffer.usf" 1814
"../../../Engine/Plugins/FX/Niagara/Shaders/Private/NiagaraEmitterInstanceShader.usf" 1815
"../../../Engine/Plugins/FX/Niagara/Shaders/Private/NiagaraShaderVersion.ush" 1816
"../../../Engine/Shaders/Private/DistanceField/GlobalDistanceFieldShared.ush" 1817
"../../../Engine/Plugins/FX/Niagara/Shaders/Private/NiagaraPhysicsCommon.ush" 1818
"../../../Engine/Plugins/FX/Niagara/Shaders/Private/Ribbons/NiagaraRibbonGenerateIndices.usf" 1819
"../../../Engine/Plugins/FX/Niagara/Shaders/Private/Ribbons/NiagaraRibbonCommon.ush" 1820
"../../../Engine/Plugins/FX/Niagara/Shaders/Private/Ribbons/NiagaraRibbonInitializeIndices.usf" 1821
"../../../Engine/Plugins/FX/Niagara/Shaders/Private/Ribbons/NiagaraRibbonRibbonUVParamCalculation.usf" 1822
"../../../Engine/Plugins/FX/Niagara/Shaders/Private/Ribbons/NiagaraRibbonVertexReductionFinalization.usf" 1823
"../../../Engine/Plugins/FX/Niagara/Shaders/Private/Ribbons/NiagaraRibbonVertexReductionPropagation.usf" 1824
"../../../Engine/Plugins/FX/Niagara/Shaders/Private/Ribbons/NiagaraRibbonVertexReductionInitialization.usf" 1825
"../../../Engine/Plugins/FX/Niagara/Shaders/Private/Ribbons/NiagaraRibbonSortParticles.usf" 1826
"../../../Engine/Plugins/FX/Niagara/Shaders/Private/NiagaraUpdateMeshGPUSceneInstances.usf" 1827
"../../../Engine/Shaders/Private/ComputeShaderUtils.ush" 1828
"../../../Engine/Shaders/Private/GPUScene/GPUSceneWriter.ush" 1829
"../../../Engine/Plugins/FX/Niagara/Shaders/Private/NiagaraGenerateMips.usf" 1830
"../../../Engine/Plugins/FX/Niagara/Shaders/Private/NiagaraDebugDraw.usf" 1831
"../../../Engine/Plugins/FX/Niagara/Shaders/Private/NiagaraDebugDraw.ush" 1832
"../../../Engine/Plugins/FX/Niagara/Shaders/Private/NiagaraVisualizeTexture.usf" 1833
"../../../Engine/Plugins/FX/Niagara/Shaders/Private/NiagaraClearCounts.usf" 1834
"../../../Engine/Plugins/FX/Niagara/Shaders/Private/NiagaraBatchedElements.usf" 1835
"../../../Engine/Plugins/FX/Niagara/Shaders/Private/NiagaraRayTracingShaders.usf" 1836
"../../../Engine/Plugins/FX/Niagara/Shaders/Private/NiagaraAsyncGpuTraceCommon.ush" 1837
"../../../Engine/Shaders/Private/HashTable.ush" 1838
"../../../Engine/Shaders/Private/Hash.ush" 1839
"../../../Engine/Shaders/Private/RayTracing/VFXTraceRay.ush" 1840
"../../../Engine/Plugins/FX/Niagara/Shaders/Private/NiagaraRayMarchingShaders.usf" 1841
"../../../Engine/Plugins/FX/Niagara/Shaders/Private/NiagaraRayTraceCollisionGroupShaders.usf" 1842
"../../../Engine/Plugins/FX/Niagara/Shaders/Private/NiagaraAsyncGpuTraceUtils.usf" 1843
"../../../Engine/Plugins/FX/Niagara/Shaders/Private/NiagaraSortKeyGen.usf" 1844
"../../../Engine/Plugins/FX/Niagara/Shaders/Private/NiagaraGPURayTracingTransforms.usf" 1845
"../../../Engine/Plugins/FX/Niagara/Shaders/Private/NiagaraDrawIndirectArgsGen.usf" 1846
"../../../Engine/Plugins/FX/Niagara/Shaders/Private/NiagaraDispatchIndirectArgsGen.usf" 1847
"../../../Engine/Plugins/Media/ImgMedia/Shaders/Private/ExrSwizzler.usf" 1848
"../../../Engine/Shaders/Private/SlateElementPixelShader.usf" 1849
"../../../Engine/Shaders/Private/SlateShaderCommon.ush" 1850
"../../../Engine/Shaders/Private/MaterialTemplate.ush" 1851
"../../../Engine/Shaders/Private/EyeAdaptationCommon.ush" 1852
"../../../Engine/Shaders/Private/SobolRandom.ush" 1853
"../../../Engine/Shaders/Private/DepthOfFieldCommon.ush" 1854
"../../../Engine/Shaders/Private/CircleDOFCommon.ush" 1855
"../../../Engine/Shaders/Private/PhysicsFieldSampler.ush" 1856
"../../../Engine/Shaders/Private/PhysicsFieldShared.ush" 1857
"../../../Engine/Shaders/Private/HairShadingCommon.ush" 1858
"../../../Engine/Shaders/Private/HairStrands/HairCardsAttributeCommon.ush" 1859
"../../../Engine/Shaders/Private/HairStrands/HairStrandsVertexFactoryCommon.ush" 1860
"../../../Engine/Shaders/Shared/HairStrandsDefinitions.h" 1861
"../../../Engine/Shaders/Private/HairStrands/HairStrandsAttributeCommon.ush" 1862
"../../../Engine/Shaders/Private/SpeedTreeCommon.ush" 1863
"../../../Engine/Shaders/Private/VirtualTextureCommon.ush" 1864
"../../../Engine/Shaders/Private/MaterialTexture.ush" 1865
"../../../Engine/Shaders/Private/MinMaterialTexCoords.ush" 1866
"../../../Engine/Shaders/Private/SkyAtmosphereCommon.ush" 1867
"../../../Engine/Shaders/Private/SingleLayerWaterCommon.ush" 1868
"../../../Engine/Shaders/Private/TextureSampling.ush" 1869
"../../../Engine/Shaders/Private/PaniniProjection.ush" 1870
"../../../Engine/Shaders/Private/DBufferNormalReprojection.ush" 1871
"../../../Engine/Shaders/Private/Strata/StrataTree.ush" 1872
"../../../Engine/Shaders/Private/Strata/StrataEvaluation.ush" 1873
"../../../Engine/Shaders/Private/SHCommon.ush" 1874
"../../../Engine/Shaders/Private/ShadingModels.ush" 1875
"../../../Engine/Shaders/Private/CapsuleLight.ush" 1876
"../../../Engine/Shaders/Private/RectLight.ush" 1877
"../../../Engine/Shaders/Private/LightData.ush" 1878
"../../../Engine/Shaders/Private/AreaLightCommon.ush" 1879
"../../../Engine/Shaders/Private/TransmissionCommon.ush" 1880
"../../../Engine/Shaders/Private/HairBsdf.ush" 1881
"../../../Engine/Shaders/Private/MobileGGX.ush" 1882
"../../../Engine/Shaders/Private/ShadingModelsSampling.ush" 1883
"../../../Engine/Shaders/Private/HairStrands/HairBsdfSample.ush" 1884
"../../../Engine/Shaders/Private/HairStrands/HairStrandsCommon.ush" 1885
"../../../Engine/Shaders/Private/HairStrands/HairStrandsDeepTransmittanceCommon.ush" 1886
"../../../Engine/Shaders/Private/HairStrands/HairStrandsDeepTransmittanceDualScattering.ush" 1887
"../../../Engine/Shaders/Private/HairStrands/HairStrandsEnvironmentLightingCommon.ush" 1888
"../../../Engine/Shaders/Private/Strata/StrataLegacyConversion.ush" 1889
"../../../Engine/Shaders/Private/DBufferDecalShared.ush" 1890
"../../../Engine/Shaders/Private/CompositeUIPixelShader.usf" 1891
"../../../Engine/Shaders/Private/TonemapCommon.ush" 1892
"../../../Engine/Shaders/Private/ACES.ush" 1893
"../../../Engine/Shaders/Private/ColorDeficiency.ush" 1894
"../../../Engine/Shaders/Private/SlateMaskingShader.usf" 1895
"../../../Engine/Shaders/Private/SlatePostProcessColorDeficiencyPixelShader.usf" 1896
"../../../Engine/Shaders/Private/SlatePostProcessPixelShader.usf" 1897
"../../../Engine/Shaders/Private/SlateVertexShader.usf" 1898
"../../../Engine/Shaders/Private/TranslucentLightingShaders.usf" 1899
"../../../Engine/Shaders/Private/ShadowProjectionCommon.ush" 1900
"../../../Engine/Shaders/Private/CubemapCommon.ush" 1901
"../../../Engine/Shaders/Private/VectorFieldCompositeShaders.usf" 1902
"../../../Engine/Shaders/Private/UpdateTextureShaders.usf" 1903
"../../../Engine/Shaders/Private/StereoLayerShader.usf" 1904
"../../../Engine/Shaders/Private/MorphTargets.usf" 1905
"../../../Engine/Shaders/Private/SimpleElementColorChannelMaskPixelShader.usf" 1906
"../../../Engine/Shaders/Private/SimpleElementHitProxyPixelShader.usf" 1907
"../../../Engine/Shaders/Private/SimpleElementPixelShader.usf" 1908
"../../../Engine/Shaders/Private/IESLightProfilesCommon.ush" 1909
"../../../Engine/Shaders/Private/SimpleElementVertexShader.usf" 1910
"../../../Engine/Shaders/Private/ScreenPixelShaderOES.usf" 1911
"../../../Engine/Shaders/Private/ScreenVertexShader.usf" 1912
"../../../Engine/Shaders/Private/ScreenPixelShader.usf" 1913
"../../../Engine/Shaders/Private/SSProfilePreIntegratedMobile.usf" 1914
"../../../Engine/Shaders/Private/Nanite/NaniteClusterCulling.usf" 1915
"../../../Engine/Shaders/Private/Nanite/NaniteCulling.ush" 1916
"../../../Engine/Shaders/Private/Nanite/NaniteHierarchyTraversalCommon.ush" 1917
"../../../Engine/Shaders/Private/Nanite/NaniteHierarchyTraversal.ush" 1918
"../../../Engine/Shaders/Private/WaveOpUtil.ush" 1919
"../../../Engine/Shaders/Private/VirtualShadowMaps/VirtualShadowMapPageOverlap.ush" 1920
"../../../Engine/Shaders/Private/Nanite/NaniteHZBCull.ush" 1921
"../../../Engine/Shaders/Private/VirtualShadowMaps/VirtualShadowMapPageAccessCommon.ush" 1922
"../../../Engine/Shaders/Shared/VirtualShadowMapDefinitions.h" 1923
"../../../Engine/Shaders/Private/VirtualShadowMaps/VirtualShadowMapStaticCaching.ush" 1924
"../../../Engine/Shaders/Private/Nanite/NaniteCullingCommon.ush" 1925
"../../../Engine/Shaders/Private/GPUMessaging.ush" 1926
"../../../Engine/Shaders/Private/Nanite/NaniteTranscode.usf" 1927
"../../../Engine/Shaders/Private/VolumetricLightmapStreaming.usf" 1928
"../../../Engine/Shaders/Private/PhysicsFieldReset.usf" 1929
"../../../Engine/Shaders/Private/PhysicsFieldBuilder.usf" 1930
"../../../Engine/Shaders/Private/PhysicsFieldEval.ush" 1931
"../../../Engine/Shaders/Private/ParticleSortKeyGen.usf" 1932
"../../../Engine/Shaders/Private/ParticleBoundsShader.usf" 1933
"../../../Engine/Shaders/Private/ParticleSimVisualizeShader.usf" 1934
"../../../Engine/Shaders/Private/ParticleInjectionShader.usf" 1935
"../../../Engine/Shaders/Private/ParticleSimulationShader.usf" 1936
"../../../Engine/Shaders/Private/ParticleCurveInjectionShader.usf" 1937
"../../../Engine/Shaders/Private/CopyUIntBuffer.usf" 1938
"../../../Engine/Shaders/Private/RadixSortShaders.usf" 1939
"../../../Engine/Shaders/Private/RecomputeTangentsPerVertexPass.usf" 1940
"../../../Engine/Shaders/Private/RecomputeTangentsCommon.ush" 1941
"../../../Engine/Shaders/Private/RecomputeTangentsPerTrianglePass.usf" 1942
"../../../Engine/Shaders/Private/GpuSkinCacheComputeShader.usf" 1943
"../../../Engine/Shaders/Private/HeightFieldAtlasManagement.usf" 1944
"../../../Engine/Shaders/Private/LandscapePhysicalMaterial.usf" 1945
"../../../Engine/Shaders/Private/LandscapeGrassWeight.usf" 1946
"../../../Engine/Shaders/Private/Landscape/LandscapeLayersWeightmapsPS.usf" 1947
"../../../Engine/Shaders/Private/Landscape/LandscapeLayersHeightmapsPS.usf" 1948
"../../../Engine/Shaders/Private/Landscape/LandscapeCommon.ush" 1949
"../../../Engine/Shaders/Private/LandscapeLayersCS.usf" 1950
"../../../Engine/Shaders/Private/LandscapeLayersPS.usf" 1951
"../../../Engine/Shaders/Private/LandscapeLayersVS.usf" 1952
"../../../Engine/Shaders/Private/Landscape/LandscapeMergeHeightmapsPS.usf" 1953
"../../../Engine/Shaders/Private/WideCustomResolveShaders.usf" 1954
"../../../Engine/Shaders/Private/WideCustomResolve_Wide.ush" 1955
"../../../Engine/Shaders/Private/WideCustomResolve_Wider.ush" 1956
"../../../Engine/Shaders/Private/WideCustomResolve_Widest.ush" 1957
"../../../Engine/Shaders/Private/PageTableUpdate.usf" 1958
"../../../Engine/Shaders/Private/VirtualTextureCompress.usf" 1959
"../../../Engine/Shaders/Private/BlockCompressionCommon.ush" 1960
"../../../Engine/Shaders/Private/BCCompressionCommon.ush" 1961
"../../../Engine/Shaders/Private/ETCCompressionCommon.ush" 1962
"../../../Engine/Shaders/Private/VirtualTextureMaterial.usf" 1963
"../../../Engine/Shaders/Private/PixelShaderOutputCommon.ush" 1964
"../../../Engine/Shaders/Private/ShaderOutputCommon.ush" 1965
"../../../Engine/Shaders/Private/VolumetricRenderTarget.usf" 1966
"../../../Engine/Shaders/Private/VolumetricFogVoxelization.usf" 1967
"../../../Engine/Shaders/Private/VolumetricCloudMaterialPixelCommon.ush" 1968
"../../../Engine/Shaders/Private/VolumetricFogLightFunction.usf" 1969
"../../../Engine/Shaders/Private/LightFunctionCommon.ush" 1970
"../../../Engine/Shaders/Private/VolumetricFog.usf" 1971
"../../../Engine/Shaders/Private/DeferredLightingCommon.ush" 1972
"../../../Engine/Shaders/Private/DynamicLightingCommon.ush" 1973
"../../../Engine/Shaders/Private/CapsuleLightIntegrate.ush" 1974
"../../../Engine/Shaders/Private/CapsuleLightSampling.ush" 1975
"../../../Engine/Shaders/Private/RectLightIntegrate.ush" 1976
"../../../Engine/Shaders/Private/LightGridCommon.ush" 1977
"../../../Engine/Shaders/Private/HeightFogCommon.ush" 1978
"../../../Engine/Shaders/Private/DistanceFieldAOShared.ush" 1979
"../../../Engine/Shaders/Private/VolumeLightingCommon.ush" 1980
"../../../Engine/Shaders/Private/ShadowFilteringCommon.ush" 1981
"../../../Engine/Shaders/Private/PixelQuadMessagePassing.ush" 1982
"../../../Engine/Shaders/Private/VolumeLightingCommonSampling.ush" 1983
"../../../Engine/Shaders/Private/VolumetricLightmapShared.ush" 1984
"../../../Engine/Shaders/Private/ForwardShadowingCommon.ush" 1985
"../../../Engine/Shaders/Private/LightDataUniforms.ush" 1986
"../../../Engine/Shaders/Private/Lumen/LumenTranslucencyVolumeShared.ush" 1987
"../../../Engine/Shaders/Private/Lumen/LumenRadianceCacheInterpolation.ush" 1988
"../../../Engine/Shaders/Private/VirtualShadowMaps/VirtualShadowMapProjectionCommon.ush" 1989
"../../../Engine/Shaders/Private/VirtualShadowMaps/VirtualShadowMapProjectionStructs.ush" 1990
"../../../Engine/Shaders/Private/VolumetricCloudCommon.ush" 1991
"../../../Engine/Shaders/Private/VolumetricCloud.usf" 1992
"../../../Engine/Shaders/Private/ColorMap.ush" 1993
"../../../Engine/Shaders/Private/ShaderPrint.ush" 1994
"../../../Engine/Shaders/Private/ShaderPrintCommon.ush" 1995
"../../../Engine/Shaders/Private/MiniFontCommon.ush" 1996
"../../../Engine/Shaders/Private/ReflectionEnvironmentShared.ush" 1997
"../../../Engine/Shaders/Private/BlueNoise.ush" 1998
"../../../Engine/Shaders/Private/VisualizeVolumetricLightmap.usf" 1999
"../../../Engine/Shaders/Private/VirtualShadowMaps/VirtualShadowMapProjectionComposite.usf" 2000
"../../../Engine/Shaders/Private/LightShaderParameters.ush" 2001
"../../../Engine/Shaders/Private/VirtualShadowMaps/VirtualShadowMapMaskBitsCommon.ush" 2002
"../../../Engine/Shaders/Private/VirtualShadowMaps/VirtualShadowMapProjection.usf" 2003
"../../../Engine/Shaders/Private/HairStrands/HairStrandsVisibilityCommon.ush" 2004
"../../../Engine/Shaders/Private/Visualization.ush" 2005
"../../../Engine/Shaders/Private/VirtualShadowMaps/VirtualShadowMapProjectionFilter.ush" 2006
"../../../Engine/Shaders/Private/VirtualShadowMaps/VirtualShadowMapProjectionDirectional.ush" 2007
"../../../Engine/Shaders/Private/PathTracing/Utilities/PathTracingRandomSequence.ush" 2008
"../../../Engine/Shaders/Private/VirtualShadowMaps/VirtualShadowMapSMRTCommon.ush" 2009
"../../../Engine/Shaders/Private/VirtualShadowMaps/VirtualShadowMapSMRTTemplate.ush" 2010
"../../../Engine/Shaders/Private/VirtualShadowMaps/VirtualShadowMapProjectionSpot.ush" 2011
"../../../Engine/Shaders/Private/VirtualShadowMaps/VirtualShadowMapTransmissionCommon.ush" 2012
"../../../Engine/Shaders/Private/HairStrands/HairStrandsVoxelPageCommon.ush" 2013
"../../../Engine/Shaders/Private/HairStrands/HairStrandsVoxelPageTraversal.ush" 2014
"../../../Engine/Shaders/Private/VirtualShadowMaps/VirtualShadowMapCacheManagement.usf" 2015
"../../../Engine/Shaders/Private/VirtualShadowMaps/VirtualShadowMapPageCacheCommon.ush" 2016
"../../../Engine/Shaders/Private/ScreenSpaceDenoise/SSDDefinitions.ush" 2017
"../../../Engine/Shaders/Private/InstanceCulling/InstanceCullingLoadBalancer.ush" 2018
"../../../Engine/Shaders/Private/VirtualShadowMaps/VirtualShadowMapCopyStats.usf" 2019
"../../../Engine/Shaders/Private/VirtualShadowMaps/VirtualShadowMapPageManagement.usf" 2020
"../../../Engine/Shaders/Shared/SingleLayerWaterDefinitions.h" 2021
"../../../Engine/Shaders/Private/HairStrands/HairStrandsTileCommon.ush" 2022
"../../../Engine/Shaders/Private/ReductionCommon.ush" 2023
"../../../Engine/Shaders/Private/VirtualShadowMaps/VirtualShadowMapStats.ush" 2024
"../../../Engine/Shaders/Private/VirtualShadowMaps/VirtualShadowMapBuildPerPageDrawCommands.usf" 2025
"../../../Engine/Shaders/Private/InstanceCulling/InstanceCullingCommon.ush" 2026
"../../../Engine/Shaders/Private/VirtualShadowMaps/VirtualShadowMapPrintStats.usf" 2027
"../../../Engine/Shaders/Private/VirtualShadowMaps/VirtualShadowMapDebug.usf" 2028
"../../../Engine/Shaders/Private/VelocityShader.usf" 2029
"../../../Engine/Shaders/Private/VelocityCommon.ush" 2030
"../../../Engine/Shaders/Private/VariableRateShading/VRSShadingRatePreview.usf" 2031
"../../../Engine/Shaders/Private/VariableRateShading/VRSShadingRateCommon.ush" 2032
"../../../Engine/Shaders/Private/VariableRateShading/VRSShadingRateCombine.usf" 2033
"../../../Engine/Shaders/Private/VariableRateShading/FixedFoveationVariableRateShading.usf" 2034
"../../../Engine/Shaders/Private/VariableRateShading/VRSShadingRateReproject.usf" 2035
"../../../Engine/Shaders/Private/VariableRateShading/VRSShadingRateCalculate.usf" 2036
"../../../Engine/Shaders/Private/TranslucencyUpsampling.usf" 2037
"../../../Engine/Shaders/Private/ScreenPass.ush" 2038
"../../../Engine/Shaders/Private/ComposeSeparateTranslucency.usf" 2039
"../../../Engine/Shaders/Private/SeparateTranslucency.ush" 2040
"../../../Engine/Shaders/Private/TranslucentLightInjectionShaders.usf" 2041
"../../../Engine/Shaders/Private/TranslucentShadowDepthShaders.usf" 2042
"../../../Engine/Shaders/Private/ShadowDepthCommon.ush" 2043
"../../../Engine/Shaders/Private/RayTracing/RayTracingTest.usf" 2044
"../../../Engine/Shaders/Private/PostProcessSubsurfaceTile.usf" 2045
"../../../Engine/Shaders/Private/Strata/StrataVisualize.usf" 2046
"../../../Engine/Shaders/Private/Strata/StrataTile.ush" 2047
"../../../Engine/Shaders/Private/SkyLightingDiffuseShared.ush" 2048
"../../../Engine/Shaders/Private/SkyLightingShared.ush" 2049
"../../../Engine/Shaders/Private/ClearCoatCommon.ush" 2050
"../../../Engine/Shaders/Private/ReflectionEnvironmentComposite.ush" 2051
"../../../Engine/Shaders/Private/Strata/StrataLightingCommon.ush" 2052
"../../../Engine/Shaders/Private/Strata/StrataRoughRefraction.usf" 2053
"../../../Engine/Shaders/Private/PathTracing/Material/PathTracingFresnel.ush" 2054
"../../../Engine/Shaders/Private/PathTracing/Material/PathTracingGlossy.ush" 2055
"../../../Engine/Shaders/Private/Strata/StrataTile.usf" 2056
"../../../Engine/Shaders/Private/Strata/StrataMaterialClassification.usf" 2057
"../../../Engine/Shaders/Private/Strata/StrataDBuffer.usf" 2058
"../../../Engine/Shaders/Private/SparseVolumeTexture/VisualizeSparseVolumeTexture.usf" 2059
"../../../Engine/Shaders/Private/SkyAtmosphere.usf" 2060
"../../../Engine/Shaders/Private/CopyDepthTexture.usf" 2061
"../../../Engine/Shaders/Private/SingleLayerWaterComposite.usf" 2062
"../../../Engine/Shaders/Private/ShadowProjectionVertexShader.usf" 2063
"../../../Engine/Shaders/Private/ShadowProjectionPixelShader.usf" 2064
"../../../Engine/Shaders/Private/ShadowPercentageCloserFiltering.ush" 2065
"../../../Engine/Shaders/Private/TransmissionThickness.ush" 2066
"../../../Engine/Shaders/Private/CopyShadowMaps.usf" 2067
"../../../Engine/Shaders/Private/ShadowDepthPixelShader.usf" 2068
"../../../Engine/Shaders/Private/ShadowDepthVertexShader.usf" 2069
"../../../Engine/Shaders/Private/ShadingEnergyConservationTable.usf" 2070
"../../../Engine/Shaders/Shared/PathTracingDefinitions.h" 2071
"../../../Engine/Shaders/Private/ShadingFurnaceTest.usf" 2072
"../../../Engine/Shaders/Private/Strata/StrataDeferredLighting.ush" 2073
"../../../Engine/Shaders/Private/ShaderPrintDraw.usf" 2074
"../../../Engine/Shaders/Private/ShaderPrintDrawPrimitive.usf" 2075
"../../../Engine/Shaders/Private/SSRT/SSRTDiffuseIndirect.usf" 2076
"../../../Engine/Shaders/Private/SSRT/SSRTRayCast.ush" 2077
"../../../Engine/Shaders/Private/SSRT/SSRTTileClassificationBuffer.ush" 2078
"../../../Engine/Shaders/Private/SSRT/SSRTReflections.usf" 2079
"../../../Engine/Shaders/Private/ScreenSpaceDenoise/SSDPublic.ush" 2080
"../../../Engine/Shaders/Private/SSRT/SSRTTileClassification.usf" 2081
"../../../Engine/Shaders/Private/SSRT/SSRTPrevFrameReduction.usf" 2082
"../../../Engine/Shaders/Private/ScreenSpaceDenoise/SSDComposeHarmonics.usf" 2083
"../../../Engine/Shaders/Private/ScreenSpaceDenoise/SSDPublicHarmonics.ush" 2084
"../../../Engine/Shaders/Private/ScreenSpaceDenoise/SSDSignalFramework.ush" 2085
"../../../Engine/Shaders/Private/ScreenSpaceDenoise/SSDCommon.ush" 2086
"../../../Engine/Shaders/Private/SphericalGaussian.ush" 2087
"../../../Engine/Shaders/Public/WaveBroadcastIntrinsics.ush" 2088
"../../../Engine/Shaders/Private/ScreenSpaceDenoise/SSDMetadata.ush" 2089
"../../../Engine/Shaders/Private/ScreenSpaceDenoise/SSDSignalCore.ush" 2090
"../../../Engine/Shaders/Private/ScreenSpaceDenoise/DenoisingCommon.ush" 2091
"../../../Engine/Shaders/Private/ScreenSpaceDenoise/SSDSignalArray.ush" 2092
"../../../Engine/Shaders/Private/ScreenSpaceDenoise/SSDSignalBufferEncoding.ush" 2093
"../../../Engine/Shaders/Private/ScreenSpaceDenoise/SSDPublicBufferEncoding.ush" 2094
"../../../Engine/Shaders/Private/Lumen/LumenBufferEncoding.ush" 2095
"../../../Engine/Shaders/Private/ScreenSpaceDenoise/SSDTemporalAccumulation.usf" 2096
"../../../Engine/Shaders/Private/ScreenSpaceDenoise/SSDSpatialKernel.ush" 2097
"../../../Engine/Shaders/Private/ScreenSpaceDenoise/SSDSignalAccumulatorArray.ush" 2098
"../../../Engine/Shaders/Private/ScreenSpaceDenoise/SSDSignalAccumulator.ush" 2099
"../../../Engine/Shaders/Private/ScreenSpaceDenoise/SSDSignalCompression.ush" 2100
"../../../Engine/Shaders/Private/ScreenSpaceDenoise/SSDSpatialAccumulation.usf" 2101
"../../../Engine/Shaders/Private/ScreenSpaceDenoise/SSDInjest.usf" 2102
"../../../Engine/Shaders/Private/ScreenSpaceDenoise/SSDCompressMetadata.usf" 2103
"../../../Engine/Shaders/Private/DownsampleDepthPixelShader.usf" 2104
"../../../Engine/Shaders/Private/ScreenPass.usf" 2105
"../../../Engine/Shaders/Private/HZB.usf" 2106
"../../../Engine/Shaders/Private/OcclusionFeedbackShaders.usf" 2107
"../../../Engine/Shaders/Private/HZBOcclusion.usf" 2108
"../../../Engine/Shaders/Private/OcclusionQueryPixelShader.usf" 2109
"../../../Engine/Shaders/Private/OcclusionQueryVertexShader.usf" 2110
"../../../Engine/Shaders/Private/HitProxyPixelShader.usf" 2111
"../../../Engine/Shaders/Private/HitProxyVertexShader.usf" 2112
"../../../Engine/Shaders/Private/SceneCapturePixelShader.usf" 2113
"../../../Engine/Shaders/Private/RTWriteMaskDecode.usf" 2114
"../../../Engine/Shaders/Private/ReflectionEnvironmentShaders.usf" 2115
"../../../Engine/Shaders/Private/RectLightAtlas.usf" 2116
"../../../Engine/Shaders/Private/RayTracing/TraceRayInlineStatistics.usf" 2117
"../../../Engine/Shaders/Private/RayTracing/TraceRayInlineCommon.ush" 2118
"../../../Engine/Shaders/Private/RayTracing/VisualizeSkyLightMipTreePS.usf" 2119
"../../../Engine/Shaders/Private/RayTracing/MipTreeCommon.ush" 2120
"../../../Engine/Shaders/Private/RayTracing/CompositeSkyLightPS.usf" 2121
"../../../Engine/Shaders/Private/RayTracing/GenerateSkyLightVisibilityRaysCS.usf" 2122
"../../../Engine/Shaders/Private/RayTracing/RayTracingSkyLightCommon.ush" 2123
"../../../Engine/Shaders/Private/RayTracing/SkyLightVisibilityRaysData.ush" 2124
"../../../Engine/Shaders/Private/Raytracing/RaytracingSkylightRGS.usf" 2125
"../../../Engine/Shaders/Private/HairStrands/HairStrandsRaytracing.ush" 2126
"../../../Engine/Shaders/Private/Raytracing/RayTracingSkyLightEvaluation.ush" 2127
"../../../Engine/Shaders/Private/Raytracing/RayTracingDeferredShadingCommon.ush" 2128
"../../../Engine/Shaders/Private/RayTracing/RayTracingOcclusionRGS.usf" 2129
"../../../Engine/Shaders/Private/RayTracing/RayTracingDirectionalLight.ush" 2130
"../../../Engine/Shaders/Private/RayTracing/RayTracingRectLight.ush" 2131
"../../../Engine/Shaders/Private/RayTracing/RayTracingSphereLight.ush" 2132
"../../../Engine/Shaders/Private/RayTracing/RayTracingCapsuleLight.ush" 2133
"../../../Engine/Shaders/Private/RayTracing/SplitImaginaryReflectionGBufferCS.usf" 2134
"../../../Engine/Shaders/Private/RayTracing/RayTracingReflectionsCommon.ush" 2135
"../../../Engine/Shaders/Private/RayTracing/RayTracingReflections.usf" 2136
"../../../Engine/Shaders/Private/RayTracing/RayTracingLightingCommon.ush" 2137
"../../../Engine/Shaders/Private/RayTracing/RayTracingLightCullingCommon.ush" 2138
"../../../Engine/Shaders/Private/RayTracing/RayTracingReflectionEnvironment.ush" 2139
"../../../Engine/Shaders/Private/RayTracing/RayTracingPrimaryRays.usf" 2140
"../../../Engine/Shaders/Private/RayTracing/RayTracingMaterialDefaultHitShaders.usf" 2141
"../../../Engine/Shaders/Private/RayTracing/RayTracingMaterialHitShaders.usf" 2142
"../../../Engine/Shaders/Private/RayTracing/RayTracingCalcInterpolants.ush" 2143
"../../../Engine/Shaders/Private/LightmapCommon.ush" 2144
"../../../Engine/Shaders/Private/Lumen/LumenHardwareRayTracingPayloadCommon.ush" 2145
"../../../Engine/Shaders/Private/Strata/StrataExport.ush" 2146
"../../../Engine/Shaders/Private/RayTracing/RayTracingLightingMS.usf" 2147
"../../../Engine/Shaders/Private/RayTracing/RayTracingLightFunctionCommon.ush" 2148
"../../../Engine/Shaders/Private/RayTracing/GenerateCulledLightListCS.usf" 2149
"../../../Engine/Shaders/Private/Raytracing/RayTracingInstanceBufferUtil.usf" 2150
"../../../Engine/Shaders/Private/RayTracing/RayTracingFinalGatherRGS.usf" 2151
"../../../Engine/Shaders/Private/RayTracing/RayTracingGatherPoints.ush" 2152
"../../../Engine/Shaders/Private/PathTracing/Light/PathTracingLightSampling.ush" 2153
"../../../Engine/Shaders/Private/PathTracing/Light/PathTracingLightCommon.ush" 2154
"../../../Engine/Shaders/Shared/RayTracingTypes.h" 2155
"../../../Engine/Shaders/Private/PathTracing/Light/PathTracingDirectionalLight.ush" 2156
"../../../Engine/Shaders/Private/PathTracing/Light/PathTracingPointLight.ush" 2157
"../../../Engine/Shaders/Private/PathTracing/Light/PathTracingCapsuleLight.ush" 2158
"../../../Engine/Shaders/Private/PathTracing/Light/PathTracingRectLight.ush" 2159
"../../../Engine/Shaders/Private/PathTracing/Light/PathTracingSkyLight.ush" 2160
"../../../Engine/Shaders/Private/PathTracing/Light/PathTracingSpotLight.ush" 2161
"../../../Engine/Shaders/Private/RayTracing/RayTracingCreateGatherPointsRGS.usf" 2162
"../../../Engine/Shaders/Private/RayTracing/RayTracingGlobalIlluminationRGS.usf" 2163
"../../../Engine/Shaders/Private/RayTracing/RayTracingDynamicMesh.usf" 2164
"../../../Engine/Shaders/Private/RayTracing/RayTracingDeferredReflections.usf" 2165
"../../../Engine/Shaders/Private/RayTracing/RayTracingDeferredMaterials.ush" 2166
"../../../Engine/Shaders/Shared/ThirdParty/AMD/ags_shader_intrinsics_dx12.h" 2167
"../../../Engine/Shaders/Private/RayTracing/RayTracingDeferredReflections.ush" 2168
"../../../Engine/Shaders/Private/RayTracing/RayTracingReflectionResolve.usf" 2169
"../../../Engine/Shaders/Private/RayTracing/RayTracingReflectionsGenerateRaysCS.usf" 2170
"../../../Engine/Shaders/Private/RayTracing/MaterialSort.usf" 2171
"../../../Engine/Shaders/Private/RayTracing/RayTracingDeferredMaterials.usf" 2172
"../../../Engine/Shaders/Private/RayTracing/RayTracingDefaultDecalHitShader.usf" 2173
"../../../Engine/Shaders/Private/RayTracing/RayTracingDecalMaterialShader.usf" 2174
"../../../Engine/Shaders/Private/RayTracing/RayTracingBuildDecalGrid.usf" 2175
"../../../Engine/Shaders/Private/RayTracing/RayTracingDebugInstanceOverlap.usf" 2176
"../../../Engine/Shaders/Private/RayTracing/RayTracingDebugPicking.usf" 2177
"../../../Engine/Shaders/Private/RayTracing/RayTracingDebugUtils.ush" 2178
"../../../Engine/Shaders/Shared/RayTracingDebugTypes.h" 2179
"../../../Engine/Shaders/Private/RayTracing/RayTracingDebugTraversal.usf" 2180
"../../../Engine/Shaders/Private/Nanite/NaniteRayTrace.ush" 2181
"../../../Engine/Shaders/Shared/ThirdParty/RayTriangleIntersection.h" 2182
"../../../Engine/Shaders/Shared/RayTracingDebugDefinitions.h" 2183
"../../../Engine/Shaders/Private/RayTracing/TraceRayInline.ush" 2184
"../../../Engine/Shaders/Private/RayTracing/TraceRayInlineVulkan.ush" 2185
"../../../Engine/Shaders/Private/RayTracing/TraceRayInlineMetal.ush" 2186
"../../../Engine/Shaders/Private/RayTracing/RayTracingDebugMS.usf" 2187
"../../../Engine/Shaders/Private/RayTracing/RayTracingDebugCHS.usf" 2188
"../../../Engine/Shaders/Private/RayTracing/RayTracingDebug.usf" 2189
"../../../Engine/Shaders/Private/RayTracing/RayTracingBuiltInShaders.usf" 2190
"../../../Engine/Shaders/Private/RayTracing/RayTracingBarycentrics.usf" 2191
"../../../Engine/Shaders/Private/RayTracing/RayTracingAmbientOcclusionRGS.usf" 2192
"../../../Engine/Shaders/Private/VisualizeShadingModels.usf" 2193
"../../../Engine/Shaders/Private/PostProcessCommon.ush" 2194
"../../../Engine/Shaders/Private/MotionBlur/VisualizeMotionVectors.usf" 2195
"../../../Engine/Shaders/Private/TemporalSuperResolution/TSRDebugHistory.usf" 2196
"../../../Engine/Shaders/Private/TemporalSuperResolution/TSRCommon.ush" 2197
"../../../Engine/Shaders/Public/DualPixelVectorization.ush" 2198
"../../../Engine/Shaders/Private/TemporalSuperResolution/TSRResolveHistory.usf" 2199
"../../../Engine/Shaders/Private/TemporalSuperResolution/TSRUpdateHistory.usf" 2200
"../../../Engine/Shaders/Private/TemporalSuperResolution/TSRFilterAntiAliasing.usf" 2201
"../../../Engine/Shaders/Private/TemporalSuperResolution/TSRSpatialAntiAliasing.usf" 2202
"../../../Engine/Shaders/Private/TemporalSuperResolution/TSRRejectShading.usf" 2203
"../../../Engine/Shaders/Public/LaneVectorization.ush" 2204
"../../../Engine/Shaders/Private/TemporalSuperResolution/TSRCompareTranslucency.usf" 2205
"../../../Engine/Shaders/Private/TemporalSuperResolution/TSRDecimateHistory.usf" 2206
"../../../Engine/Shaders/Private/TemporalSuperResolution/TSRDilateVelocity.usf" 2207
"../../../Engine/Shaders/Private/MotionBlur/MotionBlurVelocityFlatten.ush" 2208
"../../../Engine/Shaders/Private/MotionBlur/MotionBlurCommon.ush" 2209
"../../../Engine/Shaders/Private/TemporalSuperResolution/TSRForwardScatterDepth.usf" 2210
"../../../Engine/Shaders/Private/TemporalSuperResolution/TSRClearPrevTextures.usf" 2211
"../../../Engine/Shaders/Private/TemporalSuperResolution/TSRComputeMoireLuma.usf" 2212
"../../../Engine/Shaders/Private/TemporalAA.usf" 2213
"../../../Engine/Shaders/Private/FilterPixelShader.usf" 2214
"../../../Engine/Shaders/Private/FilterVertexShader.usf" 2215
"../../../Engine/Shaders/Private/PostProcessVisualizeBuffer.usf" 2216
"../../../Engine/Shaders/Private/PostProcessVisualizeLocalExposure.usf" 2217
"../../../Engine/Shaders/Private/PostProcessHistogramCommon.ush" 2218
"../../../Engine/Shaders/Private/PostProcessVisualizeLevelInstance.usf" 2219
"../../../Engine/Shaders/Private/PostProcessVisualizeHDR.usf" 2220
"../../../Engine/Shaders/Private/ShaderComplexityApplyPixelShader.usf" 2221
"../../../Engine/Shaders/Private/QuadOverdraw.ush" 2222
"../../../Engine/Shaders/Private/PostProcessUpscale.usf" 2223
"../../../Engine/Shaders/Private/PostProcessTonemap.usf" 2224
"../../../Engine/Shaders/Private/PostProcessing/FilmGrainPackConstants.usf" 2225
"../../../Engine/Shaders/Private/PostProcessing/FilmGrainReduce.usf" 2226
"../../../Engine/Shaders/Private/PostProcessTestImage.usf" 2227
"../../../Engine/Shaders/Private/PostProcessSubsurface.usf" 2228
"../../../Engine/Shaders/Private/SeparableSSS.ush" 2229
"../../../Engine/Shaders/Private/SubsurfaceBurleyNormalized.ush" 2230
"../../../Engine/Shaders/Private/PostProcessSelectionOutline.usf" 2231
"../../../Engine/Shaders/Private/PostProcessPixelProjectedReflectionMobile.usf" 2232
"../../../Engine/Shaders/Private/MotionBlur/MotionBlurVisualize.usf" 2233
"../../../Engine/Shaders/Private/MotionBlur/MotionBlurApply.usf" 2234
"../../../Engine/Shaders/Private/MotionBlur/MotionBlurFilterTileClassify.usf" 2235
"../../../Engine/Shaders/Private/MotionBlur/MotionBlurTileScatter.usf" 2236
"../../../Engine/Shaders/Private/MotionBlur/MotionBlurTileGather.usf" 2237
"../../../Engine/Shaders/Private/MotionBlur/MotionBlurVelocityFlatten.usf" 2238
"../../../Engine/Shaders/Private/PostProcessMobile.usf" 2239
"../../../Engine/Shaders/Private/PostProcessMitchellNetravali.usf" 2240
"../../../Engine/Shaders/Private/PostProcessMaterialShaders.usf" 2241
"../../../Engine/Shaders/Private/PostProcessLocalExposure.usf" 2242
"../../../Engine/Shaders/Private/PostProcessLensFlares.usf" 2243
"../../../Engine/Shaders/Private/PostProcessHMD.usf" 2244
"../../../Engine/Shaders/Private/Histogram.usf" 2245
"../../../Engine/Shaders/Private/PostProcessHistogramReduce.usf" 2246
"../../../Engine/Shaders/Private/PostProcessHistogram.usf" 2247
"../../../Engine/Shaders/Private/PostProcessGBufferHints.usf" 2248
"../../../Engine/Shaders/Private/Bloom/BloomFinalizeApplyConstants.usf" 2249
"../../../Engine/Shaders/Private/Bloom/BloomCommon.ush" 2250
"../../../Engine/Shaders/Private/Bloom/BloomResizeKernel.usf" 2251
"../../../Engine/Shaders/Private/Bloom/BloomClampKernel.usf" 2252
"../../../Engine/Shaders/Private/Bloom/BloomPackKernelConstants.usf" 2253
"../../../Engine/Shaders/Private/Bloom/BloomSumScatterDispersionEnergy.usf" 2254
"../../../Engine/Shaders/Private/Bloom/BloomReduceKernelSurvey.usf" 2255
"../../../Engine/Shaders/Private/Bloom/BloomSurveyKernelCenterEnergy.usf" 2256
"../../../Engine/Shaders/Private/Bloom/BloomSurveyMaxScatterDispersion.usf" 2257
"../../../Engine/Shaders/Private/Bloom/BloomFindKernelCenter.usf" 2258
"../../../Engine/Shaders/Private/PostProcessEyeAdaptation.usf" 2259
"../../../Engine/Shaders/Private/PostProcessDownsample.usf" 2260
"../../../Engine/Shaders/Private/PostProcessDOF.usf" 2261
"../../../Engine/Shaders/Private/PostProcessDeviceEncodingOnly.usf" 2262
"../../../Engine/Shaders/Private/PostProcessCompositeEditorPrimitives.usf" 2263
"../../../Engine/Shaders/Private/PostProcessCombineLUTs.usf" 2264
"../../../Engine/Shaders/Private/PostProcessVisualizeDOF.usf" 2265
"../../../Engine/Shaders/Private/PostProcessBloom.usf" 2266
"../../../Engine/Shaders/Private/PostProcessAmbientOcclusionMobile.usf" 2267
"../../../Engine/Shaders/Private/PostProcessAmbientOcclusionCommon.ush" 2268
"../../../Engine/Shaders/Private/FXAAShader.usf" 2269
"../../../Engine/Shaders/Private/Fxaa3_11.ush" 2270
"../../../Engine/Shaders/Private/DiaphragmDOF/DOFRecombine.usf" 2271
"../../../Engine/Shaders/Private/DiaphragmDOF/DOFCommon.ush" 2272
"../../../Engine/Shaders/Private/DiaphragmDOF/DOFHybridScatterPixelShader.usf" 2273
"../../../Engine/Shaders/Private/DiaphragmDOF/DOFHybridScatterCommon.ush" 2274
"../../../Engine/Shaders/Private/DiaphragmDOF/DOFHybridScatterVertexShader.usf" 2275
"../../../Engine/Shaders/Private/DiaphragmDOF/DOFPostfiltering.usf" 2276
"../../../Engine/Shaders/Private/DiaphragmDOF/DOFGatherTileSuggest.ush" 2277
"../../../Engine/Shaders/Private/DiaphragmDOF/DOFCocTileCommon.ush" 2278
"../../../Engine/Shaders/Private/DiaphragmDOF/DOFGatherPass.usf" 2279
"../../../Engine/Shaders/Private/DiaphragmDOF/DOFGatherCommon.ush" 2280
"../../../Engine/Shaders/Private/DiaphragmDOF/DOFGatherAccumulator.ush" 2281
"../../../Engine/Shaders/Private/DiaphragmDOF/DOFGatherKernel.ush" 2282
"../../../Engine/Shaders/Private/DiaphragmDOF/DOFBokehLUT.usf" 2283
"../../../Engine/Shaders/Private/DiaphragmDOF/DOFHybridScatterCompilation.usf" 2284
"../../../Engine/Shaders/Private/DiaphragmDOF/DOFReduce.usf" 2285
"../../../Engine/Shaders/Private/DiaphragmDOF/DOFDownsample.ush" 2286
"../../../Engine/Shaders/Private/DiaphragmDOF/DOFHybridScatterCompilation.ush" 2287
"../../../Engine/Shaders/Private/DiaphragmDOF/DOFDownsample.usf" 2288
"../../../Engine/Shaders/Private/DiaphragmDOF/DOFCocTileDilate.usf" 2289
"../../../Engine/Shaders/Private/DiaphragmDOF/DOFCocTileFlatten.usf" 2290
"../../../Engine/Shaders/Private/DiaphragmDOF/DOFSetup.usf" 2291
"../../../Engine/Shaders/Private/PlanarReflectionShaders.usf" 2292
"../../../Engine/Shaders/Private/PlanarReflectionShared.ush" 2293
"../../../Engine/Shaders/Private/PhysicsFieldVisualizer.usf" 2294
"../../../Engine/Shaders/Private/PathTracing/PathTracingSpatialTemporalDenoising.usf" 2295
"../../../Engine/Shaders/Private/ColorDifference.ush" 2296
"../../../Engine/Shaders/Private/PathTracing/PathTracingCompositingPixelShader.usf" 2297
"../../../Engine/Shaders/Private/PathTracing/PathTracingDefaultHitShader.usf" 2298
"../../../Engine/Shaders/Private/PathTracing/PathTracingCommon.ush" 2299
"../../../Engine/Shaders/Private/PathTracing/Material/PathTracingMaterialCommon.ush" 2300
"../../../Engine/Shaders/Private/PathTracing/PathTracingMaterialHitShader.usf" 2301
"../../../Engine/Shaders/Private/PathTracing/PathTracingShaderUtils.ush" 2302
"../../../Engine/Shaders/Private/PathTracing/Material/PathTracingThinGlass.ush" 2303
"../../../Engine/Shaders/Private/PathTracing/Material/PathTracingEnergyConservation.ush" 2304
"../../../Engine/Shaders/Private/PathTracing/PathTracingLightingMissShader.usf" 2305
"../../../Engine/Shaders/Private/PathTracing/PathTracingMissShader.usf" 2306
"../../../Engine/Shaders/Private/PathTracing/PathTracingBuildAtmosphereLUT.usf" 2307
"../../../Engine/Shaders/Private/PathTracing/Volume/PathTracingAtmosphereCommon.ush" 2308
"../../../Engine/Shaders/Private/PathTracing/PathTracingSwizzleScanlines.usf" 2309
"../../../Engine/Shaders/Private/PathTracing/PathTracingInitExtinctionCoefficient.usf" 2310
"../../../Engine/Shaders/Private/PathTracing/PathTracing.usf" 2311
"../../../Engine/Shaders/Private/PathTracing/PathTracingCore.ush" 2312
"../../../Engine/Shaders/Private/RayTracing/RayTracingDecalGrid.ush" 2313
"../../../Engine/Shaders/Private/PathTracing/Utilities/PathTracingRIS.ush" 2314
"../../../Engine/Shaders/Private/PathTracing/Light/PathTracingLightGrid.ush" 2315
"../../../Engine/Shaders/Private/PathTracing/Material/PathTracingMaterialSampling.ush" 2316
"../../../Engine/Shaders/Private/PathTracing/Material/PathTracingLambert.ush" 2317
"../../../Engine/Shaders/Private/PathTracing/Material/PathTracingSolidGlass.ush" 2318
"../../../Engine/Shaders/Private/PathTracing/Material/PathTracingDefaultLit.ush" 2319
"../../../Engine/Shaders/Private/PathTracing/Material/PathTracingClearCoat.ush" 2320
"../../../Engine/Shaders/Private/PathTracing/Material/PathTracingTwoSidedFoliage.ush" 2321
"../../../Engine/Shaders/Private/PathTracing/Material/PathTracingCloth.ush" 2322
"../../../Engine/Shaders/Private/PathTracing/Material/PathTracingSubsurfaceProfile.ush" 2323
"../../../Engine/Shaders/Private/PathTracing/Material/PathTracingEye.ush" 2324
"../../../Engine/Shaders/Private/PathTracing/Material/PathTracingHair.ush" 2325
"../../../Engine/Shaders/Private/PathTracing/Material/PathTracingMedium.ush" 2326
"../../../Engine/Shaders/Private/PathTracing/Volume/PathTracingVolume.ush" 2327
"../../../Engine/Shaders/Private/PathTracing/Volume/PathTracingVolumeCommon.ush" 2328
"../../../Engine/Shaders/Private/PathTracing/Volume/PathTracingAtmosphere.ush" 2329
"../../../Engine/Shaders/Private/DoubleWordMath.ush" 2330
"../../../Engine/Shaders/Private/PathTracing/Volume/PathTracingFog.ush" 2331
"../../../Engine/Shaders/Private/PathTracing/Volume/PathTracingVolumeSampling.ush" 2332
"../../../Engine/Shaders/Private/PathTracing/PathTracingBuildLightGrid.usf" 2333
"../../../Engine/Shaders/Private/PathTracing/PathTracingSkylightMISCompensation.usf" 2334
"../../../Engine/Shaders/Private/PathTracing/PathTracingSkylightPrepare.usf" 2335
"../../../Engine/Shaders/Private/OIT/OITSorting.usf" 2336
"../../../Engine/Shaders/Private/OITCombine.usf" 2337
"../../../Engine/Shaders/Private/OITCommon.ush" 2338
"../../../Engine/Shaders/Private/Nanite/NaniteDebugViews.usf" 2339
"../../../Engine/Shaders/Private/Nanite/NaniteDepthDecode.usf" 2340
"../../../Engine/Shaders/Private/HTileEncoding.ush" 2341
"../../../Engine/Shaders/Private/Nanite/NaniteMaterialComplexity.usf" 2342
"../../../Engine/Shaders/Private/Nanite/NaniteVisualize.usf" 2343
"../../../Engine/Shaders/Private/Nanite/NaniteStreamOut.usf" 2344
"../../../Engine/Shaders/Private/Nanite/NaniteMaterialCulling.usf" 2345
"../../../Engine/Shaders/Private/Nanite/NaniteDepthExport.usf" 2346
"../../../Engine/Shaders/Private/Nanite/NaniteExportGBuffer.usf" 2347
"../../../Engine/Shaders/Private/Nanite/NaniteRasterizer.usf" 2348
"../../../Engine/Shaders/Private/Nanite/NaniteRasterizationCommon.ush" 2349
"../../../Engine/Shaders/Private/Nanite/NaniteRasterizer.ush" 2350
"../../../Engine/Shaders/Private/Nanite/NaniteWritePixel.ush" 2351
"../../../Engine/Shaders/Private/Nanite/NaniteTessellation.ush" 2352
"../../../Engine/Shaders/Private/WorkDistribution.ush" 2353
"../../../Engine/Shaders/Private/Nanite/NaniteRasterBinning.usf" 2354
"../../../Engine/Shaders/Private/Nanite/NaniteInstanceCulling.usf" 2355
"../../../Engine/Shaders/Private/Nanite/NaniteImposter.ush" 2356
"../../../Engine/Shaders/Private/Nanite/NanitePrimitiveFilter.usf" 2357
"../../../Engine/Shaders/Private/Nanite/NaniteRasterClear.usf" 2358
"../../../Engine/Shaders/Private/Nanite/NanitePrintStats.usf" 2359
"../../../Engine/Shaders/Private/Nanite/NaniteEmitShadow.usf" 2360
"../../../Engine/Shaders/Private/MobileDeferredUtils.usf" 2361
"../../../Engine/Shaders/Private/MobileFog.usf" 2362
"../../../Engine/Shaders/Private/DistortApplyScreenPS.usf" 2363
"../../../Engine/Shaders/Private/MobileDeferredShading.usf" 2364
"../../../Engine/Shaders/Private/MobileLightingCommon.ush" 2365
"../../../Engine/Shaders/Private/MobileBasePassPixelShader.usf" 2366
"../../../Engine/Shaders/Private/MobileBasePassCommon.ush" 2367
"../../../Engine/Shaders/Private/BasePassCommon.ush" 2368
"../../../Engine/Shaders/Private/ShadingModelsMaterial.ush" 2369
"../../../Engine/Shaders/Private/ThinTranslucentCommon.ush" 2370
"../../../Engine/Shaders/Private/SingleLayerWaterShading.ush" 2371
"../../../Engine/Shaders/Private/DistortionCommon.ush" 2372
"../../../Engine/Shaders/Private/Strata/StrataMobileForwardLighting.ush" 2373
"../../../Engine/Shaders/Private/MobileBasePassVertexShader.usf" 2374
"../../../Engine/Shaders/Private/Lumen/LumenVisualizeRadianceCache.usf" 2375
"../../../Engine/Shaders/Private/Lumen/LumenRadianceCacheCommon.ush" 2376
"../../../Engine/Shaders/Private/Lumen/LumenVisualizeHardwareRayTracing.usf" 2377
"../../../Engine/Shaders/Private/Lumen/LumenCardCommon.ush" 2378
"../../../Engine/Shaders/Private/Lumen/LumenTracingCommon.ush" 2379
"../../../Engine/Shaders/Private/DistanceField/GlobalDistanceFieldUtils.ush" 2380
"../../../Engine/Shaders/Private/DistanceField/GlobalDistanceFieldObjectGrid.ush" 2381
"../../../Engine/Shaders/Private/DistanceFieldLightingShared.ush" 2382
"../../../Engine/Shaders/Private/Lumen/SurfaceCache/LumenSurfaceCacheSampling.ush" 2383
"../../../Engine/Shaders/Private/Lumen/SurfaceCache/LumenSurfaceCache.ush" 2384
"../../../Engine/Shaders/Private/Lumen/LumenVisualize.ush" 2385
"../../../Engine/Shaders/Private/Lumen/LumenHardwareRayTracingCommon.ush" 2386
"../../../Engine/Shaders/Private/Lumen/LumenHardwareRayTracingPipelineCommon.ush" 2387
"../../../Engine/Shaders/Private/Lumen/LumenHardwareRayTracingPlatformCommon.ush" 2388
"../../../Engine/Shaders/Private/Lumen/LumenHairTracing.ush" 2389
"../../../Engine/Shaders/Private/Lumen/LumenFog.ush" 2390
"../../../Engine/Shaders/Private/Lumen/LumenVisualize.usf" 2391
"../../../Engine/Shaders/Private/Lumen/LumenVisualizeTraces.ush" 2392
"../../../Engine/Shaders/Private/Lumen/LumenTranslucencyVolumeLighting.usf" 2393
"../../../Engine/Shaders/Private/Lumen/LumenRadianceCacheMarkCommon.ush" 2394
"../../../Engine/Shaders/Private/Lumen/LumenTranslucencyVolumeLightingShared.ush" 2395
"../../../Engine/Shaders/Private/Lumen/LumenScreenProbeCommon.ush" 2396
"../../../Engine/Shaders/Private/Lumen/LumenTranslucencyVolumeHardwareRayTracing.usf" 2397
"../../../Engine/Shaders/Private/Lumen/LumenTranslucencyRadianceCacheMarkShaders.usf" 2398
"../../../Engine/Shaders/Private/Lumen/SurfaceCache/LumenSurfaceCacheFeedback.usf" 2399
"../../../Engine/Shaders/Private/Lumen/SurfaceCache/LumenSurfaceCache.usf" 2400
"../../../Engine/Shaders/Private/Lumen/LumenShortRangeAOHardwareRayTracing.usf" 2401
"../../../Engine/Shaders/Private/Lumen/LumenMaterial.ush" 2402
"../../../Engine/Shaders/Private/Lumen/LumenScreenSpaceBentNormal.usf" 2403
"../../../Engine/Shaders/Private/Lumen/LumenScreenTracing.ush" 2404
"../../../Engine/Shaders/Private/Lumen/LumenScreenProbeTracing.usf" 2405
"../../../Engine/Shaders/Private/Lumen/LumenScreenProbeTracingCommon.ush" 2406
"../../../Engine/Shaders/Private/Lumen/LumenScreenProbeImportanceSampling.usf" 2407
"../../../Engine/Shaders/Private/Lumen/LumenScreenProbeImportanceSamplingShared.ush" 2408
"../../../Engine/Shaders/Private/Lumen/LumenScreenProbeHardwareRayTracing.usf" 2409
"../../../Engine/Shaders/Private/Lumen/LumenScreenProbeGather.usf" 2410
"../../../Engine/Shaders/Private/Lumen/LumenScreenSpaceBentNormal.ush" 2411
"../../../Engine/Shaders/Private/Lumen/LumenReflectionsCombine.ush" 2412
"../../../Engine/Shaders/Private/Lumen/LumenScreenProbeLightSampling.usf" 2413
"../../../Engine/Shaders/Private/Lumen/LumenScreenProbeFiltering.usf" 2414
"../../../Engine/Shaders/Private/Lumen/LumenSceneLighting.usf" 2415
"../../../Engine/Shaders/Private/Lumen/LumenCardTile.ush" 2416
"../../../Engine/Shaders/Private/Lumen/LumenSceneLighting.ush" 2417
"../../../Engine/Shaders/Private/Lumen/Radiosity/LumenRadiosity.ush" 2418
"../../../Engine/Shaders/Private/Lumen/LumenCardPixelShader.usf" 2419
"../../../Engine/Shaders/Private/Lumen/LumenCardVertexShader.usf" 2420
"../../../Engine/Shaders/Private/Lumen/LumenSceneLightingDebug.usf" 2421
"../../../Engine/Shaders/Private/Lumen/LumenSceneDirectLightingHardwareRayTracing.usf" 2422
"../../../Engine/Shaders/Private/Lumen/LumenReflectionCommon.ush" 2423
"../../../Engine/Shaders/Private/Lumen/LumenSceneDirectLighting.ush" 2424
"../../../Engine/Shaders/Private/Lumen/LumenSceneDirectLightingSoftwareRayTracing.usf" 2425
"../../../Engine/Shaders/Private/DistanceFieldShadowingShared.ush" 2426
"../../../Engine/Shaders/Private/Lumen/LumenSceneDirectLightingPerLightShadowCommon.ush" 2427
"../../../Engine/Shaders/Private/Lumen/LumenSceneDirectLightingShadowMask.usf" 2428
"../../../Engine/Shaders/Private/Lumen/LumenSceneDirectLighting.usf" 2429
"../../../Engine/Shaders/Private/Lumen/LumenSceneDirectLightingCulling.usf" 2430
"../../../Engine/Shaders/Private/Lumen/LumenReflectionTracing.usf" 2431
"../../../Engine/Shaders/Private/Lumen/LumenReflections.usf" 2432
"../../../Engine/Shaders/Private/Lumen/LumenReflectionHardwareRayTracing.usf" 2433
"../../../Engine/Shaders/Private/Lumen/Radiosity/LumenVisualizeRadiosityProbes.usf" 2434
"../../../Engine/Shaders/Private/Lumen/Radiosity/LumenRadiosity.usf" 2435
"../../../Engine/Shaders/Private/RayTracing/RayGenUtils.ush" 2436
"../../../Engine/Shaders/Private/Lumen/Radiosity/LumenRadiosityHardwareRayTracing.usf" 2437
"../../../Engine/Shaders/Private/Lumen/Radiosity/LumenRadiosityCulling.usf" 2438
"../../../Engine/Shaders/Private/Lumen/LumenRadianceCacheHardwareRayTracing.usf" 2439
"../../../Engine/Shaders/Private/Lumen/LumenRadianceCacheTracingCommon.ush" 2440
"../../../Engine/Shaders/Private/Lumen/LumenRadianceCache.usf" 2441
"../../../Engine/Shaders/Private/Lumen/LumenRadianceCacheUpdate.ush" 2442
"../../../Engine/Shaders/Private/Lumen/LumenRadianceCacheDebug.usf" 2443
"../../../Engine/Shaders/Private/Lumen/LumenRadianceCacheUpdate.usf" 2444
"../../../Engine/Shaders/Private/Lumen/LumenMeshSDFCulling.usf" 2445
"../../../Engine/Shaders/Private/HybridIndirectLighting.ush" 2446
"../../../Engine/Shaders/Private/MeshDistanceFieldCommon.ush" 2447
"../../../Engine/Shaders/Private/Lumen/LumenIrradianceFieldGather.usf" 2448
"../../../Engine/Shaders/Private/Lumen/LumenHardwareRayTracingMaterials.usf" 2449
"../../../Engine/Shaders/Private/Lumen/LumenHardwareRayTracingPipeline.usf" 2450
"../../../Engine/Shaders/Private/Lumen/LumenFrontLayerTranslucency.usf" 2451
"../../../Engine/Shaders/Private/LightShaftShader.usf" 2452
"../../../Engine/Shaders/Private/StationaryLightOverlapShaders.usf" 2453
"../../../Engine/Shaders/Private/DeferredLightPixelShaders.usf" 2454
"../../../Engine/Shaders/Private/HairStrands/HairStrandsVisibilityUtils.ush" 2455
"../../../Engine/Shaders/Private/DeferredLightVertexShaders.usf" 2456
"../../../Engine/Shaders/Private/LightMapDensityShader.usf" 2457
"../../../Engine/Shaders/Private/LightGridInjection.usf" 2458
"../../../Engine/Shaders/Private/LightFunctionPixelShader.usf" 2459
"../../../Engine/Shaders/Private/LightFunctionVertexShader.usf" 2460
"../../../Engine/Shaders/Private/InstanceCulling/BuildInstanceDrawCommands.usf" 2461
"../../../Engine/Shaders/Private/InstanceCulling/InstanceCompactionCommon.ush" 2462
"../../../Engine/Shaders/Private/InstanceCulling/CompactVisibleInstances.usf" 2463
"../../../Engine/Shaders/Private/ThreadGroupPrefixSum.ush" 2464
"../../../Engine/Shaders/Private/ReflectionEnvironmentPixelShader.usf" 2465
"../../../Engine/Shaders/Private/Strata/StrataEnvironmentLighting.ush" 2466
"../../../Engine/Shaders/Private/AmbientCubemapComposite.usf" 2467
"../../../Engine/Shaders/Private/DiffuseIndirectComposite.usf" 2468
"../../../Engine/Shaders/Private/IESAtlas.usf" 2469
"../../../Engine/Shaders/Private/HeterogeneousVolumes/HeterogeneousVolumesSparseVoxelPipeline.usf" 2470
"../../../Engine/Shaders/Private/HeterogeneousVolumes/HeterogeneousVolumesSparseVoxelUtils.ush" 2471
"../../../Engine/Shaders/Private/HeterogeneousVolumes/HeterogeneousVolumesSparseVoxelUniformBufferUtils.ush" 2472
"../../../Engine/Shaders/Private/HeterogeneousVolumes/HeterogeneousVolumesPreshadingPipeline.usf" 2473
"../../../Engine/Shaders/Private/HeterogeneousVolumes/HeterogeneousVolumesTracingUtils.ush" 2474
"../../../Engine/Shaders/Private/HeterogeneousVolumes/HeterogeneousVolumesLightingUtils.ush" 2475
"../../../Engine/Shaders/Private/HeterogeneousVolumes/HeterogeneousVolumesRayMarchingUtils.ush" 2476
"../../../Engine/Shaders/Private/HeterogeneousVolumes/HeterogeneousVolumesTransmittanceVolumeUtils.ush" 2477
"../../../Engine/Shaders/Private/HeterogeneousVolumes/HeterogeneousVolumesMaterialBakingPipeline.usf" 2478
"../../../Engine/Shaders/Private/HeterogeneousVolumes/HeterogeneousVolumesLiveShadingUtils.ush" 2479
"../../../Engine/Shaders/Private/HeterogeneousVolumes/HeterogeneousVolumesLiveShadingPipeline.usf" 2480
"../../../Engine/Shaders/Private/HeterogeneousVolumes/HeterogeneousVolumesHardwareRayTracing.usf" 2481
"../../../Engine/Shaders/Private/HeterogeneousVolumes/HeterogeneousVolumesComposite.usf" 2482
"../../../Engine/Shaders/Private/HdrCustomResolveShaders.usf" 2483
"../../../Engine/Shaders/Private/HairStrands/HairStrandsVoxelMip.usf" 2484
"../../../Engine/Shaders/Private/HairStrands/HairStrandsVoxelRasterCompute.usf" 2485
"../../../Engine/Shaders/Private/HairStrands/HairStrandsClusterCommon.ush" 2486
"../../../Engine/Shaders/Private/HairStrands/HairStrandsVoxelPageAllocation.usf" 2487
"../../../Engine/Shaders/Private/Matrices.ush" 2488
"../../../Engine/Shaders/Private/HairStrands/HairStrandsAABBCommon.ush" 2489
"../../../Engine/Shaders/Private/HairStrands/HairStrandsVoxelOpaque.usf" 2490
"../../../Engine/Shaders/Private/HairStrands/HairStrandsRaytracingGeometry.usf" 2491
"../../../Engine/Shaders/Private/HairStrands/HairStrandsHitProxy.usf" 2492
"../../../Engine/Shaders/Private/HairStrands/HairStrandsVisibilityRasterComputeNaive.usf" 2493
"../../../Engine/Shaders/Private/HairStrands/HairStrandsVisibilityRasterHW.usf" 2494
"../../../Engine/Shaders/Private/HairStrands/HairStrandsVisibilityRasterCompute.usf" 2495
"../../../Engine/Shaders/Private/HairStrands/HairStrandsVisibilityRasterClassification.usf" 2496
"../../../Engine/Shaders/Private/HairStrands/HairStrandsCoverage.usf" 2497
"../../../Engine/Shaders/Private/HairStrands/HairStrandsVisibilityDepthPS.usf" 2498
"../../../Engine/Shaders/Private/HairStrands/HairStrandsVisibilityTransmittanceDepthPS.usf" 2499
"../../../Engine/Shaders/Private/HairStrands/HairStrandsVisibilityFillOpaqueDepthPS.usf" 2500
"../../../Engine/Shaders/Private/HairStrands/HairStrandsVisibilityCompactionComputeRaster.usf" 2501
"../../../Engine/Shaders/Private/HairStrands/HairStrandsVisibilityCompaction.usf" 2502
"../../../Engine/Shaders/Private/HairStrands/HairStrandsVisibilityCopyIndirectArg.usf" 2503
"../../../Engine/Shaders/Private/HairStrands/HairStrandsVisibilityClearPS.usf" 2504
"../../../Engine/Shaders/Private/HairStrands/HairStrandsVisibilityPS.usf" 2505
"../../../Engine/Shaders/Private/HairStrands/HairStrandsVisibilityVS.usf" 2506
"../../../Engine/Shaders/Private/HairStrands/HairStrandsVelocity.usf" 2507
"../../../Engine/Shaders/Private/HairStrands/HairStrandsVisibilityComputeSampleCoverage.usf" 2508
"../../../Engine/Shaders/Private/HairStrands/HairStrandsMaterialPS.usf" 2509
"../../../Engine/Shaders/Private/HairStrands/HairStrandsMaterialCommon.ush" 2510
"../../../Engine/Shaders/Private/HairStrands/HairStrandsMaterialVS.usf" 2511
"../../../Engine/Shaders/Private/HairStrands/HairStrandsLightSample.usf" 2512
"../../../Engine/Shaders/Private/HairStrands/HairStrandsDeepShadowMask.usf" 2513
"../../../Engine/Shaders/Private/HairStrands/HairStrandsDeepShadowCommon.ush" 2514
"../../../Engine/Shaders/Private/HairStrands/HairStrandsDeepTransmittanceMask.usf" 2515
"../../../Engine/Shaders/Private/HairStrands/HairStrandsVisibilityTile.usf" 2516
"../../../Engine/Shaders/Private/HairStrands/HairStrandsDeepShadowPS.usf" 2517
"../../../Engine/Shaders/Private/HairStrands/HairStrandsDeepShadowVS.usf" 2518
"../../../Engine/Shaders/Private/HairStrands/HairStrandsLUT.usf" 2519
"../../../Engine/Shaders/Private/HairStrands/HairStrandsForwardRaster.usf" 2520
"../../../Engine/Shaders/Private/HairStrands/HairStrandsForwardCulling.usf" 2521
"../../../Engine/Shaders/Private/HairStrands/HairStrandsEnvironmentLighting.usf" 2522
"../../../Engine/Shaders/Private/HairStrands/HairStrandsDebugCommonStruct.ush" 2523
"../../../Engine/Shaders/Private/HairStrands/HairStrandsEnvironmentAO.usf" 2524
"../../../Engine/Shaders/Private/HairStrands/HairStrandsDeepShadowAllocation.usf" 2525
"../../../Engine/Shaders/Private/HairStrands/HairStrandsVoxelDepthInjection.usf" 2526
"../../../Engine/Shaders/Private/HairStrands/HairStrandsClusterCulling.usf" 2527
"../../../Engine/Shaders/Private/HairStrands/HairStrandsDebug.usf" 2528
"../../../Engine/Shaders/Private/HairStrands/HairStrandsMeshProjectionCommon.ush" 2529
"../../../Engine/Shaders/Private/HairStrands/HairStrandsVoxelPageRayMarching.usf" 2530
"../../../Engine/Shaders/Private/HairStrands/HairStrandsGBufferWrite.usf" 2531
"../../../Engine/Shaders/Private/HairStrands/HairStrandsGBufferCommon.ush" 2532
"../../../Engine/Shaders/Private/HairStrands/HairStrandsVisibilityComposeSubPixelPS.usf" 2533
"../../../Engine/Shaders/Private/HairStrands/HairStrandsAABB.usf" 2534
"../../../Engine/Shaders/Private/GPUScene/GPUSceneDataManagement.usf" 2535
"../../../Engine/Shaders/Private/GPUSceneDebugRender.usf" 2536
"../../../Engine/Shaders/Private/GPUFastFourierTransform.usf" 2537
"../../../Engine/Shaders/Private/GPUFastFourierTransform2DCore.ush" 2538
"../../../Engine/Shaders/Private/GPUFastFourierTransformCore.ush" 2539
"../../../Engine/Shaders/Private/GPUBenchmark.usf" 2540
"../../../Engine/Shaders/Private/DistanceField/GlobalDistanceFieldDebug.usf" 2541
"../../../Engine/Shaders/Private/DistanceField/GlobalDistanceFieldMip.usf" 2542
"../../../Engine/Shaders/Private/DistanceField/GlobalDistanceField.usf" 2543
"../../../Engine/Shaders/Private/DistanceField/GlobalDistanceFieldUpdate.ush" 2544
"../../../Engine/Shaders/Private/DistanceField/GlobalDistanceFieldCompositeObjects.usf" 2545
"../../../Engine/Shaders/Private/DistanceField/GlobalDistanceFieldHeightfields.usf" 2546
"../../../Engine/Shaders/Private/HeightfieldLightingShared.ush" 2547
"../../../Engine/Shaders/Private/GenerateConservativeDepth.usf" 2548
"../../../Engine/Shaders/Private/HeightFogPixelShader.usf" 2549
"../../../Engine/Shaders/Private/HeightFogVertexShader.usf" 2550
"../../../Engine/Shaders/Private/DistortFiltering.usf" 2551
"../../../Engine/Shaders/Private/DistortAccumulatePS.usf" 2552
"../../../Engine/Shaders/Private/DistortAccumulateVS.usf" 2553
"../../../Engine/Shaders/Private/DistanceFieldVisualization.usf" 2554
"../../../Engine/Shaders/Private/DistanceFieldStreaming.usf" 2555
"../../../Engine/Shaders/Private/DistanceFieldShadowing.usf" 2556
"../../../Engine/Shaders/Private/DistanceFieldScreenGridLighting.usf" 2557
"../../../Engine/Shaders/Private/DistanceFieldObjectCulling.usf" 2558
"../../../Engine/Shaders/Private/DistanceFieldLightingPost.usf" 2559
"../../../Engine/Shaders/Private/DitheredTransitionStencil.usf" 2560
"../../../Engine/Shaders/Private/DepthOnlyPixelShader.usf" 2561
"../../../Engine/Shaders/Private/DepthOnlyVertexShader.usf" 2562
"../../../Engine/Shaders/Private/PositionOnlyDepthVertexShader.usf" 2563
"../../../Engine/Shaders/Private/DeferredDecal.usf" 2564
"../../../Engine/Shaders/Private/DecalCommon.ush" 2565
"../../../Engine/Shaders/Private/DebugViewModeVertexShader.usf" 2566
"../../../Engine/Shaders/Private/DebugViewModeCommon.ush" 2567
"../../../Engine/Shaders/Private/DebugViewModePixelShader.usf" 2568
"../../../Engine/Shaders/Private/DebugProbes.usf" 2569
"../../../Engine/Shaders/Private/MeshDecals.usf" 2570
"../../../Engine/Shaders/Private/PostProcessAmbientOcclusion.usf" 2571
"../../../Engine/Shaders/Private/ClusteredDeferredShadingPixelShader.usf" 2572
"../../../Engine/Shaders/Private/ClusteredDeferredShadingVertexShader.usf" 2573
"../../../Engine/Shaders/Private/CapsuleShadowShaders.usf" 2574
"../../../Engine/Shaders/Private/BasePassPixelShader.usf" 2575
"../../../Engine/Shaders/Private/ForwardLightingCommon.ush" 2576
"../../../Engine/Shaders/Private/Strata/StrataForwardLighting.ush" 2577
"../../../Engine/Shaders/Private/ComputeShaderOutputCommon.ush" 2578
"../../../Engine/Shaders/Private/BasePassVertexShader.usf" 2579
"../../../Engine/Shaders/Private/BasePassVertexCommon.ush" 2580
"../../../Engine/Shaders/Private/AnisotropyPassShader.usf" 2581
"../../../Engine/Shaders/Private/SimpleElementVolumeTexturePreviewPixelShader.usf" 2582
"../../../Engine/Shaders/Private/SimpleElementTexture2DPreviewPixelShader.usf" 2583
"../../../Engine/Shaders/Private/meshpaintdilatepixelshader.usf" 2584
"../../../Engine/Shaders/Private/meshpaintdilatevertexshader.usf" 2585
"../../../Engine/Shaders/Private/MeshPaintPixelShader.usf" 2586
"../../../Engine/Shaders/Private/MeshPaintVertexShader.usf" 2587
"../../../Engine/Shaders/Private/Tools/VisualizeTexture.usf" 2588
"../../../Engine/Shaders/Private/ByteBuffer.usf" 2589
"../../../Engine/Shaders/Private/ResolveVertexShader.usf" 2590
"../../../Engine/Shaders/Private/ResolvePixelShader.usf" 2591
"../../../Engine/Shaders/Private/Tools/SetupIndirectArgs.usf" 2592
"../../../Engine/Shaders/Private/Tools/ClearUAV.usf" 2593
"../../../Engine/Shaders/Private/ClearReplacementShaders.usf" 2594
"../../../Engine/Shaders/Private/Tools/DrawTexture.usf" 2595
"../../../Engine/Shaders/Private/RayTracing/RayTracingValidation.usf" 2596
"../../../Engine/Shaders/Private/RenderGraphUtilities.usf" 2597
"../../../Engine/Shaders/Private/OneColorShader.usf" 2598
"../../../Engine/Shaders/Private/OculusShaders.usf" 2599
"../../../Engine/Shaders/Private/MediaShaders.usf" 2600
"../../../Engine/Shaders/Private/GPUMessaging.usf" 2601
"../../../Engine/Shaders/Private/NullPixelShader.usf" 2602
"../../../Engine/Shaders/Private/ComputeGenerateMips.usf" 2603
"../../../Engine/Shaders/Private/Tools/DumpTexture.usf" 2604
"../../../Engine/Shaders/Private/CopyTextureShaders.usf" 2605
"../../../Engine/Shaders/Private/Tools/FullscreenVertexShader.usf" 2606
"../../../Engine/Shaders/Private/RayTracing/RayTracingDispatchDesc.usf" 2607
"../../../Engine/Shaders/Private/Bink.usf" 2608
"../../../../../gry/EndedWorld - git/Intermediate/ShaderAutogen/PCD3D_SM5/AutogenShaderHeaders.ush" 2609
"E:/gry/EndedWorld - git/Content/Levels/TestMap.umap" 2610
"../../../Engine/Content/EditorResources/S_Actor.uasset" 2611
"C:/Users/jakub/AppData/Local/UnrealEngine/Common/DerivedDataCache/Buckets/BulkDataList/b4/93/320931a07b01d6279271d897eb7ae2dc937d.udd" 2612
"../../../../../gry/EndedWorld - git/Intermediate/ShaderAutogen/PCD3D_SM6/AutogenShaderHeaders.ush" 2613
"../../../../../gry/EndedWorld - git/Intermediate/ShaderAutogen/PCD3D_ES3_1/AutogenShaderHeaders.ush" 2614
"../../../Engine/Content/EditorResources/S_BoxReflectionCapture.uasset" 2615
"C:/Users/jakub/AppData/Local/UnrealEngine/Common/DerivedDataCache/Buckets/BulkDataList/8e/55/bf3602b31fd14fb5ad7ec254a3ce9878ce22.udd" 2616
"../../../Engine/Content/EngineResources/DefaultTexture.uasset" 2617
"C:/Users/jakub/AppData/Local/UnrealEngine/Common/DerivedDataCache/Buckets/BulkDataList/be/27/1451e1e23ddee140007b1e15e562e664a3c3.udd" 2618
"../../../Engine/Content/EngineResources/DefaultTextureCube.uasset" 2619
"C:/Users/jakub/AppData/Local/UnrealEngine/Common/DerivedDataCache/Buckets/BulkDataList/15/f7/1ece150aefc9195f5acf4400cc36d297d6d2.udd" 2620
"../../../Engine/Content/EngineResources/DefaultVolumeTexture.uasset" 2621
"../../../Engine/Content/EngineResources/DefaultVolumeTexture2D.uasset" 2622
"C:/Users/jakub/AppData/Local/UnrealEngine/Common/DerivedDataCache/Buckets/BulkDataList/c7/7a/f8e83a4df039e2418f3a27739de003e16274.udd" 2623
"C:/Users/jakub/AppData/Local/UnrealEngine/Common/DerivedDataCache/Buckets/BulkDataList/c8/c7/d849493538dce0c6f20214b08ca058d6eb45.udd" 2624
"../../../Engine/Content/EngineFonts/RobotoDistanceField.uasset" 2625
"C:/Users/jakub/AppData/Local/UnrealEngine/Common/DerivedDataCache/Buckets/BulkDataList/5c/fb/49670d734ddef0c5e9463ff38c7d9e5d8acd.udd" 2626
"../../../Engine/Content/EngineMaterials/DefaultTextMaterialOpaque.uasset" 2627
"../../../Engine/Content/Functions/Engine_MaterialFunctions01/Shading/PowerToRoughness.uasset" 2628
"../../../Engine/Content/Functions/Engine_MaterialFunctions01/Shading/ConvertFromDiffSpec.uasset" 2629
"../../../Engine/Content/EngineMaterials/WorldGridMaterial.uasset" 2630
"../../../Engine/Content/Functions/Engine_MaterialFunctions01/Opacity/CameraDepthFade.uasset" 2631
"../../../Engine/Content/EngineMaterials/T_Default_Material_Grid_M.uasset" 2632
"../../../Engine/Content/EngineMaterials/T_Default_Material_Grid_N.uasset" 2633
"../../../Engine/Content/EngineMaterials/DefaultDeferredDecalMaterial.uasset" 2634
"../../../Engine/Content/EngineMaterials/DefaultDiffuse.uasset" 2635
"../../../Engine/Content/EngineMaterials/DefaultLightFunctionMaterial.uasset" 2636
"../../../Engine/Content/EngineMaterials/DefaultPostProcessMaterial.uasset" 2637
"../../../Engine/Content/Functions/Engine_MaterialFunctions02/Utility/BreakOutFloat2Components.uasset" 2638
"C:/Users/jakub/AppData/Local/UnrealEngine/Common/DerivedDataCache/Buckets/BulkDataList/47/58/a4d1b21b0368c75b205653e097aab9c764da.udd" 2639
"C:/Users/jakub/AppData/Local/UnrealEngine/Common/DerivedDataCache/Buckets/BulkDataList/9a/e7/cb7b820efa0caa80956c69a0eaa9cdb70861.udd" 2640
"C:/Users/jakub/AppData/Local/UnrealEngine/Common/DerivedDataCache/Buckets/BulkDataList/66/a1/5f277ce6e949a7a918da33700be8c8132542.udd" 2641
"../../../Engine/Content/EditorResources/S_Trigger.uasset" 2642
"C:/Users/jakub/AppData/Local/UnrealEngine/Common/DerivedDataCache/Buckets/BulkDataList/c2/8b/139e5b637a32084a54f410562114752c376d.udd" 2643
"../../../Engine/Content/EditorResources/S_TriggerBox.uasset" 2644
"C:/Users/jakub/AppData/Local/UnrealEngine/Common/DerivedDataCache/Buckets/BulkDataList/48/f9/c94b0e2650cb8a38d3c8a1093ba7c308cc91.udd" 2645
"../../../Engine/Content/EditorResources/S_TriggerCapsule.uasset" 2646
"C:/Users/jakub/AppData/Local/UnrealEngine/Common/DerivedDataCache/Buckets/BulkDataList/83/f4/4c60852237f652e39ae72509b0c72326d62a.udd" 2647
"../../../Engine/Content/EditorResources/S_TriggerSphere.uasset" 2648
"C:/Users/jakub/AppData/Local/UnrealEngine/Common/DerivedDataCache/Buckets/BulkDataList/fe/2e/81c0ee04baebc076f7a47b397a24123e162e.udd" 2649
"../../../Engine/Content/EngineDamageTypes/DmgTypeBP_Environmental.uasset" 2650
"../../../Engine/Content/EngineSky/VolumetricClouds/m_SimpleVolumetricCloud_Inst.uasset" 2651
"../../../Engine/Content/EngineSky/VolumetricClouds/m_SimpleVolumetricCloud.uasset" 2652
"../../../Engine/Content/Functions/Engine_MaterialFunctions02/Utility/MakeFloat2.uasset" 2653
"../../../Engine/Content/EngineSky/VolumetricClouds/CloudGradientTexture.uasset" 2654
"../../../Engine/Content/EngineSky/VolumetricClouds/CloudWeatherTexture.uasset" 2655
"E:/gry/EndedWorld - git/Content/Blueprints/Core/Grid/BP_GridVisual.uasset" 2656
"../../../Engine/Content/EngineSky/VolumetricClouds/T_VolumeNoiseErosion32.uasset" 2657
"../../../Engine/Content/EngineSky/VolumetricClouds/T_NoiseErosion.uasset" 2658
"../../../Engine/Content/EngineSky/VolumetricClouds/T_VolumeNoiseShape64.uasset" 2659
"../../../Engine/Content/EngineSky/VolumetricClouds/T_NoiseShape64.uasset" 2660
"C:/Users/jakub/AppData/Local/UnrealEngine/Common/DerivedDataCache/Buckets/BulkDataList/39/a3/cac50fb0723df29811849e2eeae807997d45.udd" 2661
"C:/Users/jakub/AppData/Local/UnrealEngine/Common/DerivedDataCache/Buckets/BulkDataList/fe/ef/470a7d3ba57e86e090642a3973caf4580d71.udd" 2662
"C:/Users/jakub/AppData/Local/UnrealEngine/Common/DerivedDataCache/Buckets/BulkDataList/d5/99/ce8be01ff9e02c45ca754421c70de9e3f6dc.udd" 2663
"C:/Users/jakub/AppData/Local/UnrealEngine/Common/DerivedDataCache/Buckets/BulkDataList/5f/a4/7179f1d93a49221b161d29bb69681b32c9b4.udd" 2664
"C:/Users/jakub/AppData/Local/UnrealEngine/Common/DerivedDataCache/Buckets/BulkDataList/12/16/89f0b8c890405e8fb8937b1573325eb9b78f.udd" 2665
"C:/Users/jakub/AppData/Local/UnrealEngine/Common/DerivedDataCache/Buckets/BulkDataList/5a/4c/844cb7fd60adefba4de7590a1a95c0c33fea.udd" 2666
"../../../Engine/Content/EngineMeshes/Sphere.uasset" 2667
"C:/Users/jakub/AppData/Local/UnrealEngine/Common/DerivedDataCache/Buckets/LegacyNavCollision/1a/ea/6b0e8fab9d1212ee8db58df061bb0b14406b.udd" 2668
"../../../Engine/Content/EngineResources/WhiteSquareTexture.uasset" 2669
"C:/Users/jakub/AppData/Local/UnrealEngine/Common/DerivedDataCache/Buckets/BulkDataList/5f/48/7797c367c322010a65ccd280b69a8c0b7470.udd" 2670
"../../../Engine/Content/EngineResources/GradientTexture0.uasset" 2671
"C:/Users/jakub/AppData/Local/UnrealEngine/Common/DerivedDataCache/Buckets/BulkDataList/13/e4/5f7e712f4ac5e1346c3a532fc065beb10d23.udd" 2672
"../../../Engine/Content/EngineResources/Black.uasset" 2673
"C:/Users/jakub/AppData/Local/UnrealEngine/Common/DerivedDataCache/Buckets/BulkDataList/d7/bd/adcaf84b94190f04d5782da643063d80f466.udd" 2674
"../../../Engine/Content/EngineMaterials/Widget3DPassThrough_Translucent.uasset" 2675
"../../../Engine/Content/EngineMaterials/Widget3DPassThrough.uasset" 2676
"../../../Engine/Content/EngineMaterials/Widget3DPassThrough_Translucent_OneSided.uasset" 2677
"../../../Engine/Content/EngineMaterials/Widget3DPassThrough_Opaque.uasset" 2678
"../../../Engine/Content/EngineMaterials/Widget3DPassThrough_Opaque_OneSided.uasset" 2679
"../../../Engine/Content/EngineMaterials/Widget3DPassThrough_Masked.uasset" 2680
"../../../Engine/Content/EngineMaterials/Widget3DPassThrough_Masked_OneSided.uasset" 2681
"../../../Engine/Content/VREditor/TransformGizmo/PlaneTranslationHandle.uasset" 2682
"../../../Engine/Content/VREditor/TransformGizmo/TransformGizmoMaterial.uasset" 2683
"../../../Engine/Content/VREditor/LaserPointer/VR_LaserPower_01.uasset" 2684
"../../../Engine/Content/VREditor/TransformGizmo/TranslucentTransformGizmoMaterial.uasset" 2685
"C:/Users/jakub/AppData/Local/UnrealEngine/Common/DerivedDataCache/Buckets/BulkDataList/71/92/332fca564163c622e98b002a442825cdf938.udd" 2686
"../../../Engine/Content/VREditor/TransformGizmo/BoundingBoxCorner.uasset" 2687
"../../../Engine/Content/VREditor/TransformGizmo/BoundingBoxEdge.uasset" 2688
"../../../Engine/Content/VREditor/TransformGizmo/SM_Sequencer_Node.uasset" 2689
"../../../Engine/Content/VREditor/TransformGizmo/Main.uasset" 2690
"../../../Engine/Content/VREditor/TransformGizmo/Xray.uasset" 2691
"../../../Engine/Content/EditorMeshes/Camera/SM_CraneRig_Base.uasset" 2692
"../../../Engine/Content/EditorMaterials/Camera/MI_CineMat_Rig.uasset" 2693
"../../../Engine/Content/EditorMaterials/Camera/CineMat.uasset" 2694
"../../../Engine/Content/EditorMeshes/Camera/SM_CraneRig_Arm.uasset" 2695
"../../../Engine/Content/EditorMeshes/Camera/SM_CraneRig_Mount.uasset" 2696
"../../../Engine/Content/EditorMeshes/Camera/SM_CraneRig_Body.uasset" 2697
"../../../Engine/Content/EditorMeshes/Camera/SM_RailRig_Track.uasset" 2698
"../../../Engine/Content/EditorMeshes/Camera/SM_RailRig_Mount.uasset" 2699
"../../../Engine/Content/ArtTools/RenderToTexture/Meshes/S_1_Unit_Plane.uasset" 2700
"../../../Engine/Content/EngineDebugMaterials/M_SimpleUnlitTranslucent.uasset" 2701
"../../../Engine/Content/EngineFonts/Roboto.uasset" 2702
"../../../Engine/Content/EngineFonts/Faces/DroidSansFallback.uasset" 2703
"../../../Engine/Content/EngineFonts/Faces/RobotoBold.uasset" 2704
"../../../Engine/Content/EngineFonts/Faces/RobotoBoldItalic.uasset" 2705
"../../../Engine/Content/EngineFonts/Faces/RobotoItalic.uasset" 2706
"../../../Engine/Content/EngineFonts/Faces/RobotoLight.uasset" 2707
"../../../Engine/Content/EngineFonts/Faces/RobotoRegular.uasset" 2708
"../../../Engine/Content/EditorMaterials/ParticleSystems/PSysThumbnail_NoImage.uasset" 2709
"C:/Users/jakub/AppData/Local/UnrealEngine/Common/DerivedDataCache/Buckets/BulkDataList/11/29/090b3c4f5c065e575f08860916d8aaa5d8d0.udd" 2710
"../../../Engine/Content/EditorMaterials/ParticleSystems/PSysThumbnail_OOD.uasset" 2711
"C:/Users/jakub/AppData/Local/UnrealEngine/Common/DerivedDataCache/Buckets/BulkDataList/ff/c5/2982314dc8694113fb3eea4f2df7d14bccaf.udd" 2712
"../../../Engine/Content/EditorLandscapeResources/SplineEditorMesh.uasset" 2713
"../../../Engine/Content/EditorLandscapeResources/SplineEditorMeshMat.uasset" 2714
"../../../Engine/Content/EditorLandscapeResources/DataLayer.uasset" 2715
"../../../Engine/Content/EditorResources/S_Solver.uasset" 2716
"C:/Users/jakub/AppData/Local/UnrealEngine/Common/DerivedDataCache/Buckets/BulkDataList/15/20/08a1c9e33712322d3345f171bacd8cf88fe6.udd" 2717
"../../../Engine/Content/EngineDebugMaterials/VolumeToRender.uasset" 2718
"C:/Users/jakub/AppData/Local/UnrealEngine/Common/DerivedDataCache/Buckets/BulkDataList/72/e7/2fd9f77992ebc6548e447b5a212afb1b2289.udd" 2719
"../../../Engine/Content/EngineDebugMaterials/M_VolumeRenderSphereTracePP.uasset" 2720
"../../../Engine/Content/Functions/Engine_MaterialFunctions02/Utility/CameraDirectionVector.uasset" 2721
"../../../Engine/Content/Internationalization/icudt64l/coll/ucadata.icu" 2722
"../../../Engine/Content/Internationalization/icudt64l/coll/pl.res" 2723
"../../../Engine/Content/Internationalization/icudt64l/coll/root.res" 2724
"../../../Engine/Content/Animation/DefaultAnimBoneCompressionSettings.uasset" 2725
"../../../Engine/Content/Animation/DefaultRecorderBoneCompression.uasset" 2726
"../../../Engine/Content/Animation/DefaultAnimCurveCompressionSettings.uasset" 2727
"../../Plugins/Animation/ControlRig/Content/Controls/ControlRigXRayMaterial.uasset" 2728
"../../Plugins/Animation/ControlRig/Content/Controls/DefaultGizmoLibraryNormalized.uasset" 2729
"../../Plugins/Animation/ControlRig/Content/M_Manip.uasset" 2730
"../../../Engine/Content/Functions/Engine_MaterialFunctions02/WorldPositionOffset/CameraOffset.uasset" 2731
"../../Plugins/2D/Paper2D/Content/MaskedUnlitSpriteMaterial.uasset" 2732
"../../Plugins/2D/Paper2D/Content/DefaultSpriteMaterial.uasset" 2733
"../../Plugins/2D/Paper2D/Content/PlaceholderTextures/DummySpriteTexture.uasset" 2734
"C:/Users/jakub/AppData/Local/UnrealEngine/Common/DerivedDataCache/Buckets/BulkDataList/70/dd/83ca458db31b21df720612cc48ee0f5934bb.udd" 2735
"../../Plugins/2D/Paper2D/Content/OpaqueUnlitSpriteMaterial.uasset" 2736
"../../Plugins/2D/Paper2D/Content/DefaultPaperTerrainMaterial.uasset" 2737
"../../Plugins/2D/Paper2D/Content/DummySprite.uasset" 2738
"../../Plugins/Media/MediaPlate/Content/SM_MediaPlateScreen.uasset" 2739
"../../Plugins/Editor/SpeedTreeImporter/Content/SpeedTree9/SpeedTreeMaster.uasset" 2740
"../../../Engine/Content/Functions/Engine_MaterialFunctions02/ObjectLocalBounds.uasset" 2741
"../../../Engine/Content/Functions/Engine_MaterialFunctions02/SafeNormalize.uasset" 2742
"../../../Engine/Content/Functions/Engine_MaterialFunctions02/Utility/BreakOutFloat3Components.uasset" 2743
"../../../Engine/Content/Functions/Engine_MaterialFunctions02/Utility/VectorLength.uasset" 2744
"../../../Engine/Content/Functions/Engine_MaterialFunctions02/UVs/BoundingBoxBased_0-1_UVW.uasset" 2745
"../../../Engine/Content/Functions/Engine_MaterialFunctions02/WorldPositionOffset/ObjectScale.uasset" 2746
"../../Plugins/Editor/SpeedTreeImporter/Content/SpeedTree9/SpeedTreeBranchMotion.uasset" 2747
"../../Plugins/Editor/SpeedTreeImporter/Content/SpeedTree9/SpeedTreeWindMotion.uasset" 2748
"../../Plugins/Editor/SpeedTreeImporter/Content/SpeedTree9/game_wind_noise.uasset" 2749
"../../Plugins/Editor/SpeedTreeImporter/Content/SpeedTree9/UnpackDirection.uasset" 2750
"../../Plugins/Editor/SpeedTreeImporter/Content/SpeedTree9/UnpackInteger3.uasset" 2751
"../../Plugins/Editor/SpeedTreeImporter/Content/SpeedTree9/SpeedTreeCameraFacing.uasset" 2752
"../../Plugins/Editor/SpeedTreeImporter/Content/SpeedTree9/SpeedTreeWind.uasset" 2753
"../../Plugins/Editor/SpeedTreeImporter/Content/SpeedTree9/Empty.uasset" 2754
"../../Plugins/Editor/SpeedTreeImporter/Content/SpeedTree9/EmptyNormal.uasset" 2755
"C:/Users/jakub/AppData/Local/UnrealEngine/Common/DerivedDataCache/Buckets/BulkDataList/8c/34/88a6e11ab677d575814483aa7a0a93df24f3.udd" 2756
"C:/Users/jakub/AppData/Local/UnrealEngine/Common/DerivedDataCache/Buckets/BulkDataList/16/63/c5c6e49aa697623ef88d754d3c615c748beb.udd" 2757
"C:/Users/jakub/AppData/Local/UnrealEngine/Common/DerivedDataCache/Buckets/BulkDataList/3f/ef/03f6970cb178d0150e719bbd9865b138ce78.udd" 2758
"C:/Users/jakub/AppData/Local/UnrealEngine/Common/DerivedDataCache/Buckets/BulkDataPayloadId/93/1e/fa687e128aa134c7085da39d1269fafb1746.udd" 2759
"C:/Users/jakub/AppData/Local/UnrealEngine/Common/DerivedDataCache/Buckets/BulkDataPayloadId/ac/cc/a6aa9daa7cbf76c8953f7e3d2c201a8a54cb.udd" 2760
"../../Plugins/Editor/SpeedTreeImporter/Content/SpeedTree9/SpeedTreeBillboardMaster.uasset" 2761
"../../Plugins/Editor/SpeedTreeImporter/Content/SpeedTree9/SpeedTreeBillboard.uasset" 2762
"E:/gry/EndedWorld - git/Saved/Config/WindowsEditor/ObjectMixerSerializedData.ini" 2763
"../../../Engine/Content/EngineMaterials/NaniteHiddenSectionMaterial.uasset" 2764
"../../../Engine/Content/EngineMaterials/RemoveSurfaceMaterial.uasset" 2765
"../../../Engine/Content/EngineDebugMaterials/DebugMeshMaterial.uasset" 2766
"../../../Engine/Content/EngineMaterials/EmissiveMeshMaterial.uasset" 2767
"../../../Engine/Content/EngineMaterials/DefaultWhiteGrid_Low.uasset" 2768
"C:/Users/jakub/AppData/Local/UnrealEngine/Common/DerivedDataCache/Buckets/BulkDataList/60/5f/9217446987bede39425502f523f5ee2a61ea.udd" 2769
"../../../Engine/Content/EngineMaterials/M_InvalidLightmapSettings.uasset" 2770
"../../../Engine/Content/EngineMaterials/InvalidLightmapSettings.uasset" 2771
"C:/Users/jakub/AppData/Local/UnrealEngine/Common/DerivedDataCache/Buckets/BulkDataList/4f/df/c6599f3b3005f3ad3042747120cf2db29992.udd" 2772
"../../../Engine/Content/EngineMaterials/GizmoMaterial.uasset" 2773
"../../../Engine/Content/EngineMaterials/PhAT_JointLimitMaterial.uasset" 2774
"../../../Engine/Content/EngineMaterials/FlattenMaterial.uasset" 2775
"../../../Engine/Content/EngineMaterials/BaseFlattenDiffuseMap.uasset" 2776
"../../../Engine/Content/EngineMaterials/BaseFlattenEmissiveMap.uasset" 2777
"../../../Engine/Content/EngineMaterials/BaseFlattenGrayscaleMap.uasset" 2778
"../../../Engine/Content/EngineMaterials/BaseFlattenLinearColor.uasset" 2779
"../../../Engine/Content/EngineMaterials/BaseFlattenNormalMap.uasset" 2780
"../../../Engine/Content/Functions/Engine_MaterialFunctions02/PivotPainter2/Black_1x1_EXR_Texture.uasset" 2781
"C:/Users/jakub/AppData/Local/UnrealEngine/Common/DerivedDataCache/Buckets/BulkDataList/cc/3f/378817de5f54c867eccc206e0dd8fa0c77e6.udd" 2782
"C:/Users/jakub/AppData/Local/UnrealEngine/Common/DerivedDataCache/Buckets/BulkDataList/ea/66/0601d05e9104cc2f871f0fbdf4c1644c486a.udd" 2783
"C:/Users/jakub/AppData/Local/UnrealEngine/Common/DerivedDataCache/Buckets/BulkDataList/8d/e7/31d9f2634169bc71684da35cfa25da1e7166.udd" 2784
"C:/Users/jakub/AppData/Local/UnrealEngine/Common/DerivedDataCache/Buckets/BulkDataList/45/62/99944804ba1c11cdc9892b7aa68453ec57b1.udd" 2785
"C:/Users/jakub/AppData/Local/UnrealEngine/Common/DerivedDataCache/Buckets/BulkDataList/ca/13/2e3de1d395782c8cee0fb0970bb2ee362b3a.udd" 2786
"C:/Users/jakub/AppData/Local/UnrealEngine/Common/DerivedDataCache/Buckets/BulkDataList/10/9b/97d707350d08228c1c6a23154bed7b7283ba.udd" 2787
"../../../Engine/Content/EngineMaterials/FlattenMaterial_VT.uasset" 2788
"../../../Engine/Content/EngineMaterials/BaseFlattenDiffuseMap_VT.uasset" 2789
"../../../Engine/Content/EngineMaterials/BaseFlattenEmissiveMap_VT.uasset" 2790
"../../../Engine/Content/EngineMaterials/BaseFlattenGrayscaleMap_VT.uasset" 2791
"../../../Engine/Content/EngineMaterials/BaseFlattenLinearColor_VT.uasset" 2792
"../../../Engine/Content/EngineMaterials/BaseFlattenNormalMap_VT.uasset" 2793
"../../../Engine/Content/EngineMaterials/Black_1x1_EXR_Texture_VT.uasset" 2794
"C:/Users/jakub/AppData/Local/UnrealEngine/Common/DerivedDataCache/Buckets/BulkDataList/f4/c8/24b4e83151f73a90f972e7834ca36dbd3363.udd" 2795
"C:/Users/jakub/AppData/Local/UnrealEngine/Common/DerivedDataCache/Buckets/BulkDataList/91/71/b39bc8dfd8918646603adf82ea00abfd443a.udd" 2796
"C:/Users/jakub/AppData/Local/UnrealEngine/Common/DerivedDataCache/Buckets/BulkDataList/81/60/ad8c5ba1dcb774bd5bdf96cb3cae866058ee.udd" 2797
"C:/Users/jakub/AppData/Local/UnrealEngine/Common/DerivedDataCache/Buckets/BulkDataList/05/60/4e941c87472e2cf959c2ac075f463aade6be.udd" 2798
"C:/Users/jakub/AppData/Local/UnrealEngine/Common/DerivedDataCache/Buckets/BulkDataList/49/71/3a4fa1649697c8102ce79f0c973de63227aa.udd" 2799
"C:/Users/jakub/AppData/Local/UnrealEngine/Common/DerivedDataCache/Buckets/BulkDataList/bb/da/b29817e38a72a9ca87604a9c9ae146895bf3.udd" 2800
"../../../Engine/Content/EngineMaterials/FlattenMaterial_WS_Normal_VT.uasset" 2801
"../../../Engine/Content/EngineMaterials/Good64x64TilingNoiseHighFreq.uasset" 2802
"C:/Users/jakub/AppData/Local/UnrealEngine/Common/DerivedDataCache/Buckets/BulkDataList/c4/40/00b403ca66643888063089de4e69f47529dd.udd" 2803
"../../../Engine/Content/EngineMaterials/DefaultBokeh.uasset" 2804
"C:/Users/jakub/AppData/Local/UnrealEngine/Common/DerivedDataCache/Buckets/BulkDataList/62/97/1b54c8580f5f7d49f47303bbd6e38205e88b.udd" 2805
"../../../Engine/Content/EngineMaterials/PreintegratedSkinBRDF.uasset" 2806
"C:/Users/jakub/AppData/Local/UnrealEngine/Common/DerivedDataCache/Buckets/BulkDataList/18/b3/c1028112da42421c33be1127bdac44650cda.udd" 2807
"../../../Engine/Content/EngineMaterials/MiniFont.uasset" 2808
"C:/Users/jakub/AppData/Local/UnrealEngine/Common/DerivedDataCache/Buckets/BulkDataList/aa/bc/972653920b9febad17154b4baa92535eccef.udd" 2809
"../../../Engine/Content/EngineMaterials/WeightMapPlaceholderTexture.uasset" 2810
"C:/Users/jakub/AppData/Local/UnrealEngine/Common/DerivedDataCache/Buckets/BulkDataList/65/ff/0a58aaba605858a1bedb9645eecb9ee68164.udd" 2811
"../../../Engine/Content/EngineMaterials/DefaultWhiteGrid.uasset" 2812
"C:/Users/jakub/AppData/Local/UnrealEngine/Common/DerivedDataCache/Buckets/BulkDataList/93/2d/f37f73127e90f0a20e56e6a5565330cc023a.udd" 2813
"../../../Engine/Content/EngineMaterials/DefaultPhysicalMaterial.uasset" 2814
"../../../Engine/Content/EngineMaterials/DefaultDestructiblePhysicalMaterial.uasset" 2815
"../../../Engine/Content/EditorLandscapeResources/DefaultAlphaTexture.uasset" 2816
"C:/Users/jakub/AppData/Local/UnrealEngine/Common/DerivedDataCache/Buckets/BulkDataList/5c/e2/326859631497db57ad943bc2c4424e6a4743.udd" 2817
"../../../Engine/Content/EditorResources/S_Terrain.uasset" 2818
"C:/Users/jakub/AppData/Local/UnrealEngine/Common/DerivedDataCache/Buckets/BulkDataList/99/8e/3b36acb89c68dce7a33e8d8e68fa6eaf6572.udd" 2819
"../../../Engine/Content/BasicShapes/Cube.uasset" 2820
"../../../Engine/Content/BasicShapes/Sphere.uasset" 2821
"../../../Engine/Content/EngineMaterials/DefaultMaterial.uasset" 2822
"../../../Engine/Content/BasicShapes/Cylinder.uasset" 2823
"../../../Engine/Content/BasicShapes/Cone.uasset" 2824
"../../../Engine/Content/BasicShapes/Plane.uasset" 2825
"../../Plugins/Runtime/MeshModelingToolset/Content/Materials/M_DynamicMeshComponentVtxColor.uasset" 2826
"../../Plugins/FX/Niagara/Content/ParameterDefinitions/SpriteRenderer.uasset" 2827
"../../Plugins/FX/Niagara/Content/ParameterDefinitions/RibbonRenderer.uasset" 2828
"../../Plugins/FX/Niagara/Content/ParameterDefinitions/MeshRenderer.uasset" 2829
"../../Plugins/FX/Niagara/Content/ParameterDefinitions/LightRenderer.uasset" 2830
"../../Plugins/FX/Niagara/Content/ParameterDefinitions/DecalRenderer.uasset" 2831
"../../Plugins/FX/Niagara/Content/ParameterDefinitions/CoreParameters.uasset" 2832
"../../../Engine/Content/EditorResources/SequenceRecorder/Countdown.uasset" 2833
"C:/Users/jakub/AppData/Local/UnrealEngine/Common/DerivedDataCache/Buckets/BulkDataList/90/5d/55f207163fc14774dc12662bd7c84d83ae16.udd" 2834
"../../../Engine/Content/EditorResources/SequenceRecorder/RecordingIndicator.uasset" 2835
"C:/Users/jakub/AppData/Local/UnrealEngine/Common/DerivedDataCache/Buckets/BulkDataList/9e/a2/09004d5df2904e785eec9b6f788121390d35.udd" 2836
"../../../Engine/Content/EditorMaterials/PhAT_UnselectedMaterial.uasset" 2837
"../../../Engine/Content/EditorMaterials/PhAT_NoCollisionMaterial.uasset" 2838
"E:/gry/EndedWorld - git/Intermediate/ShaderAutogen/PCD3D_SM6/AutogenShaderHeaders.ush" 2839
"C:/Users/jakub/AppData/Local/Temp/UnrealShaderWorkingDir/48E2444544A25F4D7C15039F1634C222/2/WorkerOutputOnly.out" 2840
"C:/Users/jakub/AppData/Local/Temp/UnrealShaderWorkingDir/48E2444544A25F4D7C15039F1634C222/4/WorkerOutputOnly.out" 2841
"C:/Users/jakub/AppData/Local/Temp/UnrealShaderWorkingDir/48E2444544A25F4D7C15039F1634C222/6/WorkerOutputOnly.out" 2842
"C:/Users/jakub/AppData/Local/Temp/UnrealShaderWorkingDir/48E2444544A25F4D7C15039F1634C222/1/WorkerOutputOnly.out" 2843
"C:/Users/jakub/AppData/Local/Temp/UnrealShaderWorkingDir/48E2444544A25F4D7C15039F1634C222/8/WorkerOutputOnly.out" 2844
"C:/Users/jakub/AppData/Local/Temp/UnrealShaderWorkingDir/48E2444544A25F4D7C15039F1634C222/0/WorkerOutputOnly.out" 2845
"C:/Users/jakub/AppData/Local/Temp/UnrealShaderWorkingDir/48E2444544A25F4D7C15039F1634C222/7/WorkerOutputOnly.out" 2846
"C:/Users/jakub/AppData/Local/Temp/UnrealShaderWorkingDir/48E2444544A25F4D7C15039F1634C222/3/WorkerOutputOnly.out" 2847
"C:/Users/jakub/AppData/Local/Temp/UnrealShaderWorkingDir/48E2444544A25F4D7C15039F1634C222/5/WorkerOutputOnly.out" 2848
"../../../Engine/Content/EngineSounds/Master.uasset" 2849
"../../../Engine/Content/EngineMaterials/STBlueNoise_vec2_128x128x64.uasset" 2850
"../../../Engine/Content/EngineMaterials/STBlueNoise_scalar_128x128x64.uasset" 2851
"../../../Engine/Content/EngineDebugMaterials/DebugEditorMaterial.uasset" 2852
"../../../Engine/Plugins/Animation/ControlRig/Content/Controls/ControlRigGizmoMaterial.uasset" 2853
"../../../Engine/Content/EngineMaterials/DefaultBloomKernel.uasset" 2854
"../../../Engine/Content/EditorResources/BSPVertex.uasset" 2855
"E:/gry/EndedWorld - git/Content/StarterContent/Textures/T_Wood_Walnut_N.uasset" 2856
"../../../Engine/Content/EngineResources/FilmGrains/Marcie_Grain_v3_128_M2_000.uasset" 2857
"E:/gry/EndedWorld - git/Content/StarterContent/Textures/T_Wood_Oak_N.uasset" 2858
"../../../Engine/Plugins/Interchange/Runtime/Content/Pipelines/DefaultSceneLevelPipeline.uasset" 2859
"../../../Engine/Plugins/Interchange/Runtime/Content/Pipelines/DefaultMaterialPipeline.uasset" 2860
"E:/gry/EndedWorld - git/Content/StarterContent/Textures/T_Wood_Oak_D.uasset" 2861
"../../../Engine/Plugins/Interchange/Runtime/Content/Pipelines/DefaultTexturePipeline.uasset" 2862
"../../../Engine/Plugins/Interchange/Runtime/Content/Pipelines/DefaultSceneAssetsPipeline.uasset" 2863
"E:/gry/EndedWorld - git/Content/StarterContent/Textures/T_Wood_Walnut_D.uasset" 2864
"E:/gry/EndedWorld - git/Content/StarterContent/Textures/T_Wood_Pine_N.uasset" 2865
"E:/gry/EndedWorld - git/Content/StarterContent/Textures/T_Wood_Pine_D.uasset" 2866
"../../../Engine/Plugins/Interchange/Runtime/Content/Pipelines/DefaultAssetsPipeline.uasset" 2867
"E:/gry/EndedWorld - git/Content/StarterContent/Textures/T_Water_N.uasset" 2868
"E:/gry/EndedWorld - git/Content/StarterContent/Textures/T_Wood_Floor_Walnut_N.uasset" 2869
"E:/gry/EndedWorld - git/Content/StarterContent/Textures/T_Tech_Hex_Tile_M.uasset" 2870
"E:/gry/EndedWorld - git/Content/StarterContent/Textures/T_Tech_Panel_N.uasset" 2871
"E:/gry/EndedWorld - git/Content/StarterContent/Textures/T_Water_M.uasset" 2872
"E:/gry/EndedWorld - git/Content/StarterContent/Textures/T_Tech_Dot_N.uasset" 2873
"E:/gry/EndedWorld - git/Content/StarterContent/Textures/T_Tech_Panel_M.uasset" 2874
"E:/gry/EndedWorld - git/Content/StarterContent/Textures/T_Wood_Floor_Walnut_M.uasset" 2875
"E:/gry/EndedWorld - git/Content/StarterContent/Textures/T_Wood_Floor_Walnut_D.uasset" 2876
"E:/gry/EndedWorld - git/Content/StarterContent/Textures/T_Statue_M.uasset" 2877
"E:/gry/EndedWorld - git/Content/StarterContent/Textures/T_Statue_N.uasset" 2878
"E:/gry/EndedWorld - git/Content/StarterContent/Textures/T_Tech_Hex_Tile_N.uasset" 2879
"E:/gry/EndedWorld - git/Content/StarterContent/Textures/T_Tech_Dot_M.uasset" 2880
"E:/gry/EndedWorld - git/Content/StarterContent/Textures/T_TableRound_M.uasset" 2881
"E:/gry/EndedWorld - git/Content/StarterContent/Textures/T_TableRound_N.uasset" 2882
"E:/gry/EndedWorld - git/Content/StarterContent/Textures/T_Smoke_Tiled_D.uasset" 2883
"E:/gry/EndedWorld - git/Content/StarterContent/Textures/T_Spark_Core.uasset" 2884
"E:/gry/EndedWorld - git/Content/StarterContent/Textures/T_Smoke_SubUV.uasset" 2885
"E:/gry/EndedWorld - git/Content/StarterContent/Textures/T_Single_Tile_N.uasset" 2886
"C:/Users/jakub/AppData/Local/UnrealEngine/Common/DerivedDataCache/Buckets/BulkDataList/c9/d2/912da2685858211caa95d2bd79a11d525fa4.udd" 2887
"C:/Users/jakub/AppData/Local/UnrealEngine/Common/DerivedDataCache/Buckets/BulkDataList/d7/98/ef5e5c40f80206193fdc3433d93ca4e8cbe6.udd" 2888
"C:/Users/jakub/AppData/Local/UnrealEngine/Common/DerivedDataCache/Buckets/BulkDataList/be/4d/7f9899972937a8e8239d1f0c919faa02167b.udd" 2889
"C:/Users/jakub/AppData/Local/UnrealEngine/Common/DerivedDataCache/Buckets/BulkDataList/b5/a9/23d205c29522841ca9d4d0cf5294040649ba.udd" 2890
"E:/gry/EndedWorld - git/Content/StarterContent/Textures/T_Shelf_M.uasset" 2891
"E:/gry/EndedWorld - git/Content/StarterContent/Textures/T_Rock_Slate_N.uasset" 2892
"E:/gry/EndedWorld - git/Content/StarterContent/Textures/T_Rock_Smooth_Granite_D.uasset" 2893
"E:/gry/EndedWorld - git/Content/StarterContent/Textures/T_Rock_Sandstone_N.uasset" 2894
"E:/gry/EndedWorld - git/Content/StarterContent/Textures/T_Rock_Slate_D.uasset" 2895
"E:/gry/EndedWorld - git/Content/StarterContent/Textures/T_Shelf_N.uasset" 2896
"E:/gry/EndedWorld - git/Content/StarterContent/Textures/T_Rock_Sandstone_D.uasset" 2897
"E:/gry/EndedWorld - git/Content/StarterContent/Textures/T_Rock_Basalt_N.uasset" 2898
"E:/gry/EndedWorld - git/Content/StarterContent/Textures/T_Rock_Marble_Polished_D.uasset" 2899
"E:/gry/EndedWorld - git/Content/StarterContent/Textures/T_RockMesh_M.uasset" 2900
"E:/gry/EndedWorld - git/Content/StarterContent/Textures/T_Metal_Steel_N.uasset" 2901
"E:/gry/EndedWorld - git/Content/StarterContent/Textures/T_Metal_Steel_D.uasset" 2902
"E:/gry/EndedWorld - git/Content/StarterContent/Textures/T_Perlin_Noise_M.uasset" 2903
"E:/gry/EndedWorld - git/Content/StarterContent/Textures/T_RockMesh_N.uasset" 2904
"E:/gry/EndedWorld - git/Content/StarterContent/Textures/T_Metal_Rust_N.uasset" 2905
"E:/gry/EndedWorld - git/Content/StarterContent/Textures/T_Metal_Gold_N.uasset" 2906
"E:/gry/EndedWorld - git/Content/StarterContent/Textures/T_Metal_Copper_D.uasset" 2907
"E:/gry/EndedWorld - git/Content/StarterContent/Textures/T_Metal_Gold_D.uasset" 2908
"E:/gry/EndedWorld - git/Content/StarterContent/Textures/T_Metal_Rust_D.uasset" 2909
"E:/gry/EndedWorld - git/Content/StarterContent/Textures/T_MacroVariation.uasset" 2910
"E:/gry/EndedWorld - git/Content/StarterContent/Textures/T_Rock_Basalt_D.uasset" 2911
"E:/gry/EndedWorld - git/Content/StarterContent/Textures/T_Metal_Aluminum_D.uasset" 2912
"E:/gry/EndedWorld - git/Content/StarterContent/Textures/T_Lamp_N.uasset" 2913
"E:/gry/EndedWorld - git/Content/StarterContent/Textures/T_ground_Moss_D.uasset" 2914
"E:/gry/EndedWorld - git/Content/StarterContent/Textures/T_Lamp_M.uasset" 2915
"E:/gry/EndedWorld - git/Content/StarterContent/Textures/T_Ground_Grass_N.uasset" 2916
"E:/gry/EndedWorld - git/Content/StarterContent/Textures/T_Ground_Gravel_D.uasset" 2917
"E:/gry/EndedWorld - git/Content/StarterContent/Textures/T_Frame_N.uasset" 2918
"E:/gry/EndedWorld - git/Content/StarterContent/Textures/T_Gradinet_01.uasset" 2919
"E:/gry/EndedWorld - git/Content/StarterContent/Textures/T_Frame_M.uasset" 2920
"E:/gry/EndedWorld - git/Content/StarterContent/Textures/T_Ground_Moss_N.uasset" 2921
"E:/gry/EndedWorld - git/Content/StarterContent/Textures/T_Ground_Gravel_N.uasset" 2922
"E:/gry/EndedWorld - git/Content/StarterContent/Textures/T_Explosion_SubUV.uasset" 2923
"E:/gry/EndedWorld - git/Content/StarterContent/Textures/T_Fire_Tiled_D.uasset" 2924
"E:/gry/EndedWorld - git/Content/StarterContent/Textures/T_Fire_SubUV.uasset" 2925
"E:/gry/EndedWorld - git/Content/StarterContent/Textures/T_Door_N.uasset" 2926
"E:/gry/EndedWorld - git/Content/StarterContent/Textures/T_Dust_Particle_D.uasset" 2927
"E:/gry/EndedWorld - git/Content/StarterContent/Textures/T_Ground_Grass_D.uasset" 2928
"E:/gry/EndedWorld - git/Content/StarterContent/Textures/T_Concrete_Tiles_N.uasset" 2929
"E:/gry/EndedWorld - git/Content/StarterContent/Textures/T_Detail_Rocky_N.uasset" 2930
"E:/gry/EndedWorld - git/Content/StarterContent/Textures/T_Concrete_Tiles_M.uasset" 2931
"E:/gry/EndedWorld - git/Content/StarterContent/Textures/T_Concrete_Tiles_D.uasset" 2932
"E:/gry/EndedWorld - git/Content/StarterContent/Textures/T_Concrete_Poured_N.uasset" 2933
"E:/gry/EndedWorld - git/Content/StarterContent/Textures/T_Concrete_Tiles_Variation_M.uasset" 2934
"E:/gry/EndedWorld - git/Content/StarterContent/Textures/T_Concrete_Panels_N.uasset" 2935
"E:/gry/EndedWorld - git/Content/StarterContent/Textures/T_Door_M.uasset" 2936
"E:/gry/EndedWorld - git/Content/StarterContent/Textures/T_Concrete_Panels_D.uasset" 2937
"E:/gry/EndedWorld - git/Content/StarterContent/Textures/T_CobbleStone_Smooth_N.uasset" 2938
"E:/gry/EndedWorld - git/Content/StarterContent/Textures/T_Concrete_Grime_D.uasset" 2939
"E:/gry/EndedWorld - git/Content/StarterContent/Textures/T_Concrete_Poured_D.uasset" 2940
"E:/gry/EndedWorld - git/Content/StarterContent/Textures/T_CobbleStone_Smooth_M.uasset" 2941
"E:/gry/EndedWorld - git/Content/StarterContent/Textures/T_CobbleStone_Smooth_D.uasset" 2942
"E:/gry/EndedWorld - git/Content/StarterContent/Textures/T_CobbleStone_Rough_N.uasset" 2943
"E:/gry/EndedWorld - git/Content/StarterContent/Textures/T_CobbleStone_Pebble_N.uasset" 2944
"E:/gry/EndedWorld - git/Content/StarterContent/Textures/T_CobbleStone_Rough_D.uasset" 2945
"E:/gry/EndedWorld - git/Content/StarterContent/Textures/T_Chair_N.uasset" 2946
"E:/gry/EndedWorld - git/Content/StarterContent/Textures/T_Chair_M.uasset" 2947
"E:/gry/EndedWorld - git/Content/StarterContent/Textures/T_CobbleStone_Pebble_M.uasset" 2948
"E:/gry/EndedWorld - git/Content/StarterContent/Textures/T_Bush_N.uasset" 2949
"E:/gry/EndedWorld - git/Content/StarterContent/Textures/T_Checker_Noise_M.uasset" 2950
"E:/gry/EndedWorld - git/Content/StarterContent/Textures/T_Bush_D.uasset" 2951
"E:/gry/EndedWorld - git/Content/StarterContent/Textures/T_CobbleStone_Pebble_D.uasset" 2952
"E:/gry/EndedWorld - git/Content/StarterContent/Textures/T_Burst_M.uasset" 2953
"E:/gry/EndedWorld - git/Content/StarterContent/Textures/T_Brick_Hewn_Stone_N.uasset" 2954
"E:/gry/EndedWorld - git/Content/StarterContent/Textures/T_Brick_Cut_Stone_N.uasset" 2955
"E:/gry/EndedWorld - git/Content/StarterContent/Textures/T_Brick_Hewn_Stone_D.uasset" 2956
"E:/gry/EndedWorld - git/Content/StarterContent/Textures/T_Brick_Cut_Stone_D.uasset" 2957
"E:/gry/EndedWorld - git/Content/StarterContent/Textures/T_Ceramic_Tile_N.uasset" 2958
"E:/gry/EndedWorld - git/Content/StarterContent/Textures/T_Ceramic_Tile_M.uasset" 2959
"E:/gry/EndedWorld - git/Content/StarterContent/Textures/T_Brick_Clay_Old_N.uasset" 2960
"E:/gry/EndedWorld - git/Content/StarterContent/Textures/T_Brick_Clay_New_M.uasset" 2961
"E:/gry/EndedWorld - git/Content/StarterContent/Textures/T_Brick_Clay_Old_D.uasset" 2962
"E:/gry/EndedWorld - git/Content/StarterContent/Textures/T_Brick_Hewn_Stone_M.uasset" 2963
"E:/gry/EndedWorld - git/Content/StarterContent/Textures/T_Brick_Clay_New_D.uasset" 2964
"E:/gry/EndedWorld - git/Content/StarterContent/Textures/T_Brick_Clay_Beveled_N.uasset" 2965
"E:/gry/EndedWorld - git/Content/StarterContent/Materials/M_Glass.uasset" 2966
"E:/gry/EndedWorld - git/Content/StarterContent/Textures/T_Brick_Clay_New_N.uasset" 2967
"E:/gry/EndedWorld - git/Content/StarterContent/Materials/M_Basic_Wall.uasset" 2968
"E:/gry/EndedWorld - git/Content/StarterContent/Materials/M_Basic_Floor.uasset" 2969
"E:/gry/EndedWorld - git/Content/StarterContent/Maps/StarterMap_BuiltData.uasset" 2970
"E:/gry/EndedWorld - git/Content/StarterContent/Textures/T_Brick_Clay_Beveled_M.uasset" 2971
"E:/gry/EndedWorld - git/Content/StarterContent/Maps/Minimal_Default_BuiltData.uasset" 2972
"E:/gry/EndedWorld - git/Content/StarterContent/Particles/Materials/m_flare_01.uasset" 2973
"E:/gry/EndedWorld - git/Content/StarterContent/Materials/M_AssetPlatform.uasset" 2974
"E:/gry/EndedWorld - git/Content/StarterContent/Blueprints/Assets/SunlightColorLUT.uasset" 2975
"E:/gry/EndedWorld - git/Content/StarterContent/Blueprints/Assets/M_LightStage_Arrows.uasset" 2976
"E:/gry/EndedWorld - git/Content/StarterContent/Blueprints/Assets/FogBrightnessLUT.uasset" 2977
"E:/gry/EndedWorld - git/Content/StarterContent/Audio/Steam01_Cue.uasset" 2978
"E:/gry/EndedWorld - git/Content/StarterContent/Maps/Advanced_Lighting_BuiltData.uasset" 2979
"E:/gry/EndedWorld - git/Content/StarterContent/Audio/Steam01.uasset" 2980
"E:/gry/EndedWorld - git/Content/StarterContent/Audio/Starter_Music_Cue.uasset" 2981
"E:/gry/EndedWorld - git/Content/StarterContent/HDRI/HDRI_Epic_Courtyard_Daylight.uasset" 2982
"E:/gry/EndedWorld - git/Content/StarterContent/Audio/Starter_Music01.uasset" 2983
"E:/gry/EndedWorld - git/Content/StarterContent/Audio/Starter_Birds01.uasset" 2984
"E:/gry/EndedWorld - git/Content/StarterContent/Audio/Starter_Wind05.uasset" 2985
"E:/gry/EndedWorld - git/Content/StarterContent/Audio/Smoke01_Cue.uasset" 2986
"E:/gry/EndedWorld - git/Content/StarterContent/Audio/Smoke01.uasset" 2987
"E:/gry/EndedWorld - git/Content/StarterContent/Audio/Light01_Cue.uasset" 2988
"E:/gry/EndedWorld - git/Content/StarterContent/Audio/Light02_Cue.uasset" 2989
"E:/gry/EndedWorld - git/Content/StarterContent/Audio/Starter_Wind06.uasset" 2990
"E:/gry/EndedWorld - git/Content/StarterContent/Audio/Fire_Sparks01_Cue.uasset" 2991
"E:/gry/EndedWorld - git/Content/StarterContent/Audio/Light02.uasset" 2992
"E:/gry/EndedWorld - git/Content/StarterContent/Audio/Fire_Sparks01.uasset" 2993
"E:/gry/EndedWorld - git/Content/StarterContent/Audio/Fire01_Cue.uasset" 2994
"E:/gry/EndedWorld - git/Content/StarterContent/Audio/Explosion_Cue.uasset" 2995
"E:/gry/EndedWorld - git/Content/StarterContent/Audio/Fire01.uasset" 2996
"E:/gry/EndedWorld - git/Content/StarterContent/Audio/Light01.uasset" 2997
"E:/gry/EndedWorld - git/Content/StarterContent/Textures/T_Brick_Clay_Beveled_D.uasset" 2998
"E:/gry/EndedWorld - git/Content/StarterContent/Audio/Starter_Background_Cue.uasset" 2999
"E:/gry/EndedWorld - git/Content/StarterContent/Audio/Collapse_Cue.uasset" 3000
"E:/gry/EndedWorld - git/Content/Blueprints/DebugMenu/Widgets/Button_ConsoleComand.uasset" 3001
"E:/gry/EndedWorld - git/Content/StarterContent/Audio/Explosion01.uasset" 3002
"E:/gry/EndedWorld - git/Content/StarterContent/Audio/Collapse02.uasset" 3003
"E:/gry/EndedWorld - git/Content/StarterContent/Audio/Collapse01.uasset" 3004
"E:/gry/EndedWorld - git/Content/StarterContent/Audio/Explosion02.uasset" 3005
"E:/gry/EndedWorld - git/Content/Blueprints/DebugMenu/Tabs/Tab_Network.uasset" 3006
"E:/gry/EndedWorld - git/Content/Blueprints/Core/Utilities/BFL_Utilities.uasset" 3007
"E:/gry/EndedWorld - git/Content/Blueprints/Core/Units/Utilities/S_UnitDataAssets.uasset" 3008
"E:/gry/EndedWorld - git/Content/Blueprints/Core/Player/InputActions/IA_Zoom.uasset" 3009
"E:/gry/EndedWorld - git/Content/Blueprints/Core/Player/InputActions/IA_Rotating.uasset" 3010
"E:/gry/EndedWorld - git/Content/Blueprints/Core/Player/InputActions/IA_Move.uasset" 3011
"E:/gry/EndedWorld - git/Content/Blueprints/Core/Player/MyMyCharacterTEST.uasset" 3012
"E:/gry/EndedWorld - git/Content/Blueprints/Core/Grid/Utilities/S_PathfindingData.uasset" 3013
"E:/gry/EndedWorld - git/Content/Blueprints/Core/Player/EW_PC.uasset" 3014
"E:/gry/EndedWorld - git/Content/Blueprints/Core/Grid/Utilities/S_IntPointArray.uasset" 3015
"E:/gry/EndedWorld - git/Content/Blueprints/Core/Grid/Utilities/E_TileType.uasset" 3016
"E:/gry/EndedWorld - git/Content/Blueprints/Core/Grid/Utilities/E_TileState.uasset" 3017
"E:/gry/EndedWorld - git/Content/Blueprints/Core/Grid/GridShapes/Triangle/TX_Grid_Triangle.uasset" 3018
"E:/gry/EndedWorld - git/Content/Blueprints/Core/Grid/GridShapes/Square/TX_Grid_Square.uasset" 3019
"E:/gry/EndedWorld - git/Content/Blueprints/Core/Grid/GridShapes/Hexagon/TX_Grid_Hexagon.uasset" 3020
"E:/gry/EndedWorld - git/Content/Blueprints/Core/Grid/GridShapes/S_GridShapeData.uasset" 3021
"E:/gry/EndedWorld - git/Content/Blueprints/Core/Grid/GridShapes/E_GridShapes.uasset" 3022
"E:/gry/EndedWorld - git/Content/Blueprints/Core/Combat/Spells/Utilities/S_SpellData_LineOfSight.uasset" 3023
"E:/gry/EndedWorld - git/Content/Blueprints/Core/Combat/Spells/Utilities/E_SpellRangePattern.uasset" 3024
"E:/gry/EndedWorld - git/Content/Blueprints/Core/Combat/Spells/Utilities/E_Spell.uasset" 3025
"E:/gry/EndedWorld - git/Content/Blueprints/Core/Combat/Components/BP_AnimatedShape.uasset" 3026
"E:/gry/EndedWorld - git/Content/Art/Units/Warrior/TX_Icon_Warrior.uasset" 3027
"E:/gry/EndedWorld - git/Content/Art/Units/Warrior/SK_Warrior_Skeleton.uasset" 3028
"E:/gry/EndedWorld - git/Content/Art/Units/Warrior/SK_Warrior_PhysicsAsset.uasset" 3029
"E:/gry/EndedWorld - git/Content/Art/Units/Slime/TX_Icon_Slime.uasset" 3030
"E:/gry/EndedWorld - git/Content/Art/Units/Slime/SK_Slime_Skeleton.uasset" 3031
"E:/gry/EndedWorld - git/Content/Art/Units/Slime/SK_Slime_PhysicsAsset.uasset" 3032
"E:/gry/EndedWorld - git/Content/Art/Units/Ranger/TX_Icon_Ranger.uasset" 3033
"E:/gry/EndedWorld - git/Content/Art/Units/Ranger/SK_Ranger_Skeleton.uasset" 3034
"E:/gry/EndedWorld - git/Content/Art/Units/Ranger/SK_Ranger_PhysicsAsset.uasset" 3035
"E:/gry/EndedWorld - git/Content/Art/Units/E_UnitType.uasset" 3036
"E:/gry/EndedWorld - git/Content/Art/Units/E_UnitAnimationState.uasset" 3037
"E:/gry/EndedWorld - git/Content/Art/Textures/UI/TX_ButtonBackground.uasset" 3038
"E:/gry/EndedWorld - git/Content/Art/Textures/Grids/TX_Triangle_Checker.uasset" 3039
"E:/gry/EndedWorld - git/Content/Art/Textures/Grids/TX_Triangle_Line.uasset" 3040
"E:/gry/EndedWorld - git/Content/Art/Textures/Grids/TX_Square_Line.uasset" 3041
"E:/gry/EndedWorld - git/Content/Art/Textures/Grids/TX_Square_Checker.uasset" 3042
"E:/gry/EndedWorld - git/Content/Art/Textures/Grids/TX_Hexagon_Line.uasset" 3043
"E:/gry/EndedWorld - git/Content/Art/Textures/Grids/TX_Hexagon_Checker.uasset" 3044
"../../../../../gry/EndedWorld - git/Content/StarterContent/Audio/Steam01.uasset" 3045
"../../../../../gry/EndedWorld - git/Content/StarterContent/Audio/Starter_Wind06.uasset" 3046
"../../../../../gry/EndedWorld - git/Content/StarterContent/Audio/Starter_Wind05.uasset" 3047
"E:/gry/EndedWorld - git/Content/Art/Materials/M_Color.uasset" 3048
"../../../../../gry/EndedWorld - git/Content/StarterContent/Audio/Starter_Music01.uasset" 3049
"../../../Engine/Content/EngineMaterials/DefaultCalibrationGrayscale.uasset" 3050
"../../../../../gry/EndedWorld - git/Content/StarterContent/Audio/Starter_Birds01.uasset" 3051
"../../../Engine/Content/EngineMaterials/DefaultCalibrationColor.uasset" 3052
"../../../Engine/Content/EngineSounds/Submixes/MasterEQEffectPreset.uasset" 3053
"../../../Engine/Content/EngineSounds/Submixes/MasterReverbEffectPreset.uasset" 3054
"../../../../../gry/EndedWorld - git/Content/StarterContent/Audio/Smoke01.uasset" 3055
"../../../Engine/Content/EditorMaterials/PreviewShadowIndicator.uasset" 3056
"../../../Engine/Content/EngineSky/M_SimpleSkyDome.uasset" 3057
"../../../Engine/Content/BasicShapes/BasicShapeMaterial.uasset" 3058
"../../../Engine/Content/MobileResources/HUD/VirtualJoystick_Thumb.uasset" 3059
"../../../Engine/Content/MobileResources/HUD/VirtualJoystick_Background.uasset" 3060
"../../../Engine/Content/Functions/Engine_MaterialFunctions02/Utility/BlendAngleCorrectedNormals.uasset" 3061
"../../../Engine/Content/MapTemplates/Sky/DaylightAmbientCubemap.uasset" 3062
"../../../Engine/Content/EditorMeshes/ColorCalibrator/T_ColorGrid.uasset" 3063
"../../../Engine/Content/EditorBlueprintResources/StandardMacros.uasset" 3064
"../../../Engine/Content/Maps/Entry_BuiltData.uasset" 3065
"../../../Engine/Content/Functions/Engine_MaterialFunctions02/Utility/MakeFloat3.uasset" 3066
"../../../Engine/Content/Functions/Engine_MaterialFunctions01/Gradient/RadialGradient.uasset" 3067
"../../../Engine/Content/Functions/Engine_MaterialFunctions03/Procedurals/ComputeFilterWidth.uasset" 3068
"../../../Engine/Content/EditorMeshes/ColorCalibrator/M_ChromeBall.uasset" 3069
"../../../Engine/Content/Functions/Engine_MaterialFunctions01/Opacity/AlphaOffset.uasset" 3070
"../../../Engine/Content/EngineSky/T_Sky_Blue.uasset" 3071
"../../../Engine/Content/EditorMeshes/ColorCalibrator/M_ClearCoatBlack.uasset" 3072
"../../../Engine/Content/EditorMeshes/ColorCalibrator/M_ClearCoat.uasset" 3073
"../../../Engine/Content/EditorMeshes/ColorCalibrator/M_GreyBall.uasset" 3074
"../../../Engine/Content/EngineSky/T_Sky_Stars.uasset" 3075
"../../../Engine/Content/EngineSky/T_Sky_Clouds_M.uasset" 3076
"../../../Engine/Content/Functions/Engine_MaterialFunctions02/ScreenResolution.uasset" 3077
"../../../Engine/Content/Functions/Engine_MaterialFunctions01/Gradient/LinearGradient.uasset" 3078
"../../../Engine/Content/ArtTools/RenderToTexture/MaterialFunctions/CheckerPattern.uasset" 3079
"../../../Engine/Content/EditorMeshes/ColorCalibrator/Color_checker.uasset" 3080
"../../../Engine/Content/Functions/Engine_MaterialFunctions01/Texturing/ScaleUVsByCenter.uasset" 3081
"E:/gry/EndedWorld - git/Content/StarterContent/Props/Materials/M_StatueGlass.uasset" 3082
"E:/gry/EndedWorld - git/Content/StarterContent/Props/Materials/M_TableRound.uasset" 3083
"E:/gry/EndedWorld - git/Content/StarterContent/Props/Materials/M_Statue.uasset" 3084
"E:/gry/EndedWorld - git/Content/StarterContent/Particles/Materials/M_Heat_Distortion.uasset" 3085
"E:/gry/EndedWorld - git/Content/StarterContent/Particles/Materials/M_smoke_subUV.uasset" 3086
"E:/gry/EndedWorld - git/Content/StarterContent/Particles/Materials/M_Spark.uasset" 3087
"E:/gry/EndedWorld - git/Content/StarterContent/Materials/M_Rock_Marble_Polished.uasset" 3088
"E:/gry/EndedWorld - git/Content/StarterContent/Materials/M_Wood_Oak.uasset" 3089
"E:/gry/EndedWorld - git/Content/StarterContent/Materials/M_Wood_Floor_Walnut_Polished.uasset" 3090
"E:/gry/EndedWorld - git/Content/StarterContent/Materials/M_Tech_Panel.uasset" 3091
"E:/gry/EndedWorld - git/Content/StarterContent/Props/Materials/M_Shelf.uasset" 3092
"E:/gry/EndedWorld - git/Content/StarterContent/Materials/M_Wood_Pine.uasset" 3093
"E:/gry/EndedWorld - git/Content/StarterContent/Materials/M_Rock_Slate.uasset" 3094
"E:/gry/EndedWorld - git/Content/StarterContent/Materials/M_Water_Lake.uasset" 3095
"E:/gry/EndedWorld - git/Content/StarterContent/Materials/M_Metal_Steel.uasset" 3096
"E:/gry/EndedWorld - git/Content/StarterContent/Materials/M_Rock_Basalt.uasset" 3097
"E:/gry/EndedWorld - git/Content/StarterContent/Materials/M_Rock_Sandstone.uasset" 3098
"E:/gry/EndedWorld - git/Content/StarterContent/Materials/M_Metal_Copper.uasset" 3099
"E:/gry/EndedWorld - git/Content/StarterContent/Materials/M_Tech_Hex_Tile_Pulse.uasset" 3100
"E:/gry/EndedWorld - git/Content/StarterContent/Materials/M_Metal_Chrome.uasset" 3101
"E:/gry/EndedWorld - git/Content/StarterContent/Materials/M_Wood_Walnut.uasset" 3102
"E:/gry/EndedWorld - git/Content/StarterContent/Materials/M_Metal_Burnished_Steel.uasset" 3103
"E:/gry/EndedWorld - git/Content/StarterContent/Materials/M_Metal_Brushed_Nickel.uasset" 3104
"E:/gry/EndedWorld - git/Content/StarterContent/Props/Materials/M_Frame.uasset" 3105
"E:/gry/EndedWorld - git/Content/StarterContent/Materials/M_Ground_Grass.uasset" 3106
"E:/gry/EndedWorld - git/Content/StarterContent/Materials/M_Ground_Moss.uasset" 3107
"E:/gry/EndedWorld - git/Content/StarterContent/Materials/M_Ground_Gravel.uasset" 3108
"E:/gry/EndedWorld - git/Content/StarterContent/Materials/M_Metal_Gold.uasset" 3109
"E:/gry/EndedWorld - git/Content/StarterContent/Props/Materials/M_Lamp.uasset" 3110
"E:/gry/EndedWorld - git/Content/StarterContent/Particles/Materials/M_Fire_SubUV.uasset" 3111
"../../../../../gry/EndedWorld - git/Content/StarterContent/Audio/Light02.uasset" 3112
"E:/gry/EndedWorld - git/Content/StarterContent/Particles/Materials/M_Dust_Particle.uasset" 3113
"E:/gry/EndedWorld - git/Content/StarterContent/Props/Materials/M_Door.uasset" 3114
"E:/gry/EndedWorld - git/Content/StarterContent/Particles/Materials/M_explosion_subUV.uasset" 3115
"../../../../../gry/EndedWorld - git/Content/StarterContent/Audio/Light01.uasset" 3116
"E:/gry/EndedWorld - git/Content/StarterContent/Materials/M_Concrete_Tiles.uasset" 3117
"E:/gry/EndedWorld - git/Content/StarterContent/Materials/M_Concrete_Poured.uasset" 3118
"E:/gry/EndedWorld - git/Content/StarterContent/Materials/M_Concrete_Panels.uasset" 3119
"../../../../../gry/EndedWorld - git/Content/StarterContent/Audio/Explosion02.uasset" 3120
"../../../../../gry/EndedWorld - git/Content/StarterContent/Audio/Fire01.uasset" 3121
"E:/gry/EndedWorld - git/Content/StarterContent/Props/Materials/M_Chair.uasset" 3122
"E:/gry/EndedWorld - git/Content/StarterContent/Materials/M_Concrete_Grime.uasset" 3123
"E:/gry/EndedWorld - git/Content/StarterContent/Props/Materials/M_Bush.uasset" 3124
"E:/gry/EndedWorld - git/Content/StarterContent/Materials/M_CobbleStone_Smooth.uasset" 3125
"E:/gry/EndedWorld - git/Content/StarterContent/Particles/Materials/M_Burst.uasset" 3126
"E:/gry/EndedWorld - git/Content/StarterContent/Materials/M_CobbleStone_Rough.uasset" 3127
"E:/gry/EndedWorld - git/Content/StarterContent/Materials/M_Tech_Checker_Dot.uasset" 3128
"E:/gry/EndedWorld - git/Content/StarterContent/Materials/M_Ceramic_Tile_Checker.uasset" 3129
"E:/gry/EndedWorld - git/Content/StarterContent/Materials/M_CobbleStone_Pebble.uasset" 3130
"E:/gry/EndedWorld - git/Content/StarterContent/Materials/M_Brick_Clay_Old.uasset" 3131
"E:/gry/EndedWorld - git/Content/StarterContent/Materials/M_Brick_Clay_New.uasset" 3132
"E:/gry/EndedWorld - git/Content/StarterContent/Materials/M_Brick_Cut_Stone.uasset" 3133
"E:/gry/EndedWorld - git/Content/StarterContent/Materials/M_Brick_Hewn_Stone.uasset" 3134
"E:/gry/EndedWorld - git/Content/StarterContent/Props/SM_GlassWindow.uasset" 3135
"../../../../../gry/EndedWorld - git/Content/StarterContent/Audio/Explosion01.uasset" 3136
"../../../../../gry/EndedWorld - git/Content/StarterContent/Audio/Collapse02.uasset" 3137
"E:/gry/EndedWorld - git/Content/StarterContent/Materials/M_Brick_Clay_Beveled.uasset" 3138
"E:/gry/EndedWorld - git/Content/StarterContent/Shapes/Shape_WideCapsule.uasset" 3139
"E:/gry/EndedWorld - git/Content/StarterContent/Shapes/Shape_Wedge_B.uasset" 3140
"E:/gry/EndedWorld - git/Content/StarterContent/Shapes/Shape_Wedge_A.uasset" 3141
"E:/gry/EndedWorld - git/Content/StarterContent/Shapes/Shape_Tube.uasset" 3142
"E:/gry/EndedWorld - git/Content/StarterContent/Shapes/Shape_TriPyramid.uasset" 3143
"E:/gry/EndedWorld - git/Content/StarterContent/Shapes/Shape_Trim_90_Out.uasset" 3144
"../../../../../gry/EndedWorld - git/Content/StarterContent/Audio/Fire_Sparks01.uasset" 3145
"E:/gry/EndedWorld - git/Content/StarterContent/Shapes/Shape_Trim.uasset" 3146
"E:/gry/EndedWorld - git/Content/StarterContent/Shapes/Shape_Plane.uasset" 3147
"E:/gry/EndedWorld - git/Content/StarterContent/Shapes/Shape_Pipe.uasset" 3148
"E:/gry/EndedWorld - git/Content/StarterContent/Shapes/Shape_Pipe_180.uasset" 3149
"E:/gry/EndedWorld - git/Content/StarterContent/Shapes/Shape_Torus.uasset" 3150
"E:/gry/EndedWorld - git/Content/StarterContent/Shapes/Shape_Trim_90_In.uasset" 3151
"E:/gry/EndedWorld - git/Content/StarterContent/Shapes/Shape_Cylinder.uasset" 3152
"E:/gry/EndedWorld - git/Content/StarterContent/Shapes/Shape_Pipe_90.uasset" 3153
"E:/gry/EndedWorld - git/Content/StarterContent/Shapes/Shape_NarrowCapsule.uasset" 3154
"E:/gry/EndedWorld - git/Content/StarterContent/Shapes/Shape_QuadPyramid.uasset" 3155
"E:/gry/EndedWorld - git/Content/StarterContent/Shapes/Shape_Sphere.uasset" 3156
"E:/gry/EndedWorld - git/Content/StarterContent/Architecture/Wall_Window_400x300.uasset" 3157
"E:/gry/EndedWorld - git/Content/StarterContent/Architecture/Wall_Window_400x400.uasset" 3158
"E:/gry/EndedWorld - git/Content/StarterContent/Shapes/Shape_Cube.uasset" 3159
"E:/gry/EndedWorld - git/Content/StarterContent/Architecture/Wall_Door_400x400.uasset" 3160
"E:/gry/EndedWorld - git/Content/StarterContent/Architecture/Wall_Door_400x300.uasset" 3161
"E:/gry/EndedWorld - git/Content/Blueprints/DebugMenu/Tabs/Tab_ConsoleCommands.uasset" 3162
"E:/gry/EndedWorld - git/Content/StarterContent/Architecture/Wall_500x500.uasset" 3163
"E:/gry/EndedWorld - git/Content/Blueprints/Core/Player/EW_MappingContext.uasset" 3164
"E:/gry/EndedWorld - git/Content/Blueprints/Core/Units/Utilities/S_UnitData_Stats.uasset" 3165
"E:/gry/EndedWorld - git/Content/StarterContent/Architecture/Pillar_50x500.uasset" 3166
"E:/gry/EndedWorld - git/Content/Blueprints/Core/Grid/Utilities/BFL_TileData.uasset" 3167
"E:/gry/EndedWorld - git/Content/Blueprints/Core/Combat/Spells/Utilities/S_SpellData_Cast.uasset" 3168
"E:/gry/EndedWorld - git/Content/Art/Units/Warrior/AN_Warrior_Walk.uasset" 3169
"E:/gry/EndedWorld - git/Content/StarterContent/Shapes/Shape_Cone.uasset" 3170
"E:/gry/EndedWorld - git/Content/Art/Units/Warrior/AN_Warrior_Idle.uasset" 3171
"E:/gry/EndedWorld - git/Content/StarterContent/Props/SM_Stairs.uasset" 3172
"E:/gry/EndedWorld - git/Content/Art/Units/Warrior/AN_Warrior_Hit.uasset" 3173
"E:/gry/EndedWorld - git/Content/StarterContent/Architecture/Wall_400x300.uasset" 3174
"E:/gry/EndedWorld - git/Content/Art/Units/Warrior/AN_Warrior_Death.uasset" 3175
"E:/gry/EndedWorld - git/Content/Art/Units/Warrior/AN_Warrior_Attack.uasset" 3176
"E:/gry/EndedWorld - git/Content/Art/Units/Slime/AN_Slime_Walk.uasset" 3177
"E:/gry/EndedWorld - git/Content/Art/Units/Slime/AN_Slime_Idle.uasset" 3178
"E:/gry/EndedWorld - git/Content/Art/Units/Slime/AN_Slime_Hit.uasset" 3179
"E:/gry/EndedWorld - git/Content/StarterContent/Architecture/Wall_400x400.uasset" 3180
"E:/gry/EndedWorld - git/Content/Art/Units/Slime/AN_Slime_Death.uasset" 3181
"E:/gry/EndedWorld - git/Content/StarterContent/Architecture/Wall_400x200.uasset" 3182
"E:/gry/EndedWorld - git/Content/Art/Units/Slime/AN_Slime_Attack.uasset" 3183
"E:/gry/EndedWorld - git/Content/StarterContent/Architecture/Floor_400x400.uasset" 3184
"E:/gry/EndedWorld - git/Content/Art/Units/Ranger/AN_Ranger_Walk.uasset" 3185
"E:/gry/EndedWorld - git/Content/StarterContent/Architecture/SM_AssetPlatform.uasset" 3186
"E:/gry/EndedWorld - git/Content/Art/Units/Ranger/AN_Ranger_Idle.uasset" 3187
"E:/gry/EndedWorld - git/Content/Art/Units/Ranger/AN_Ranger_Hit.uasset" 3188
"E:/gry/EndedWorld - git/Content/Art/Units/Ranger/AN_Ranger_Death.uasset" 3189
"E:/gry/EndedWorld - git/Content/Art/Units/Ranger/AN_Ranger_Attack.uasset" 3190
"E:/gry/EndedWorld - git/Content/Art/Units/BPI_UnitAnimation.uasset" 3191
"E:/gry/EndedWorld - git/Content/Art/Materials/Colors/MI_White_01.uasset" 3192
"E:/gry/EndedWorld - git/Content/Art/Materials/Colors/MI_Red_01.uasset" 3193
"E:/gry/EndedWorld - git/Content/Art/Materials/Colors/MI_Orange_01.uasset" 3194
"E:/gry/EndedWorld - git/Content/Art/Materials/Colors/MI_Green_04.uasset" 3195
"E:/gry/EndedWorld - git/Content/Art/Materials/Colors/MI_Green_03.uasset" 3196
"E:/gry/EndedWorld - git/Content/Art/Materials/Colors/MI_Green_02.uasset" 3197
"E:/gry/EndedWorld - git/Content/Art/Materials/Colors/MI_Green_01.uasset" 3198
"E:/gry/EndedWorld - git/Content/Art/Materials/Colors/MI_Brown_01.uasset" 3199
"E:/gry/EndedWorld - git/Content/Art/Materials/Colors/MI_Blue_02.uasset" 3200
"E:/gry/EndedWorld - git/Content/Art/Materials/Colors/MI_Blue_01.uasset" 3201
"../../../Engine/Content/EditorMaterials/PreviewShadowIndicatorMaterial.uasset" 3202
"E:/gry/EndedWorld - git/Content/Art/Textures/Grids/TX_Hexagon_Checker_Mat.uasset" 3203
"E:/gry/EndedWorld - git/Content/StarterContent/Materials/M_Metal_Rust.uasset" 3204
"E:/gry/EndedWorld - git/Content/StarterContent/Particles/Materials/M_Radial_Gradient.uasset" 3205
"E:/gry/EndedWorld - git/Content/StarterContent/Particles/Materials/M_radial_ramp.uasset" 3206
"E:/gry/EndedWorld - git/Content/Blueprints/DebugMenu/Widgets/SpinBox_WithName_Vector3.uasset" 3207
"../../../Engine/Content/EngineMaterials/PPM_DefaultCalibrationColor.uasset" 3208
"../../../Engine/Content/EngineMaterials/PPM_DefaultCalibrationGrayscale.uasset" 3209
"E:/gry/EndedWorld - git/Content/StarterContent/Materials/M_Wood_Floor_Walnut_Worn.uasset" 3210
"E:/gry/EndedWorld - git/Content/Blueprints/DebugMenu/Widgets/SpinBox_WithName_Vector2.uasset" 3211
"E:/gry/EndedWorld - git/Content/Blueprints/DebugMenu/Widgets/SpinBox_WithName.uasset" 3212
"E:/gry/EndedWorld - git/Content/StarterContent/Blueprints/Assets/M_LightStage_Skybox_Master.uasset" 3213
"E:/gry/EndedWorld - git/Content/Blueprints/Core/LevelLoading/BP_LevelLoading.uasset" 3214
"E:/gry/EndedWorld - git/Content/StarterContent/Materials/M_Water_Ocean.uasset" 3215
"E:/gry/EndedWorld - git/Content/Blueprints/Core/Grid/Utilities/BP_GridMeshInst.uasset" 3216
"E:/gry/EndedWorld - git/Content/Blueprints/Core/Grid/GridShapes/M_Grid_Flat.uasset" 3217
"E:/gry/EndedWorld - git/Content/StarterContent/Materials/M_ColorGrid_LowSpec.uasset" 3218
"E:/gry/EndedWorld - git/Content/Blueprints/Core/Grid/GridShapes/M_Grid.uasset" 3219
"E:/gry/EndedWorld - git/Content/StarterContent/Materials/M_Tech_Hex_Tile.uasset" 3220
"../../../Engine/Content/EngineSky/M_Sky_Panning_Clouds2.uasset" 3221
"../../../Engine/Content/Functions/Engine_MaterialFunctions01/ImageAdjustment/CheapContrast.uasset" 3222
"../../../Engine/Content/EngineMaterials/AntiAliasedTextMaterialTranslucent.uasset" 3223
"../../../Engine/Content/Functions/Engine_MaterialFunctions02/Texturing/ScreenAlignedUVs.uasset" 3224
"../../../Engine/Plugins/Animation/ControlRig/Content/Controls/ControlRig_Wedge_solid.uasset" 3225
"../../../Engine/Plugins/Animation/ControlRig/Content/Controls/ControlRig_Wedge_3mm.uasset" 3226
"../../../Engine/Plugins/Animation/ControlRig/Content/Controls/ControlRig_Triangle_3mm.uasset" 3227
"../../../Engine/Content/Maps/Entry.umap" 3228
"E:/gry/EndedWorld - git/Content/StarterContent/Props/Materials/M_Rock.uasset" 3229
"../../../Engine/Plugins/Animation/ControlRig/Content/Controls/ControlRig_Wedge_1mm.uasset" 3230
"../../../Engine/Plugins/Animation/ControlRig/Content/Controls/ControlRig_Star4_solid.uasset" 3231
"../../../Engine/Plugins/Animation/ControlRig/Content/Controls/ControlRig_Star4_3mm.uasset" 3232
"../../../Engine/Plugins/Animation/ControlRig/Content/Controls/ControlRig_Triangle_1mm.uasset" 3233
"../../../Engine/Plugins/Animation/ControlRig/Content/Controls/ControlRig_Triangle_solid.uasset" 3234
"../../../Engine/Content/EditorMeshes/ColorCalibrator/M_ColorGrid.uasset" 3235
"../../../Engine/Content/MobileResources/HUD/DefaultVirtualJoysticks.uasset" 3236
"../../../Engine/Plugins/Animation/ControlRig/Content/Controls/ControlRig_Star4_1mm.uasset" 3237
"../../../Engine/Plugins/Animation/ControlRig/Content/Controls/ControlRig_Square_solid.uasset" 3238
"../../../Engine/Plugins/Animation/ControlRig/Content/Controls/ControlRig_Square_1mm.uasset" 3239
"../../../Engine/Plugins/Animation/ControlRig/Content/Controls/ControlRig_Square_3mm.uasset" 3240
"../../../Engine/Plugins/Animation/ControlRig/Content/Controls/ControlRig_RoundedTriangle_solid.uasset" 3241
"../../../Engine/Plugins/Animation/ControlRig/Content/Controls/ControlRig_Sphere_1mm.uasset" 3242
"../../../Engine/Plugins/Animation/ControlRig/Content/Controls/ControlRig_Sphere_3mm.uasset" 3243
"../../../Engine/Plugins/Animation/ControlRig/Content/Controls/ControlRig_RoundedSquare_solid.uasset" 3244
"../../../Engine/Plugins/Animation/ControlRig/Content/Controls/ControlRig_RoundedSquare_3mm.uasset" 3245
"../../../Engine/Plugins/Animation/ControlRig/Content/Controls/ControlRig_RoundedTriangle_1mm.uasset" 3246
"../../../Engine/Plugins/Animation/ControlRig/Content/Controls/ControlRig_QuarterCircle_3mm.uasset" 3247
"../../../Engine/Plugins/Animation/ControlRig/Content/Controls/ControlRig_QuarterCircle_1mm.uasset" 3248
"../../../Engine/Plugins/Animation/ControlRig/Content/Controls/ControlRig_QuarterCircle_solid.uasset" 3249
"../../../Engine/Plugins/Animation/ControlRig/Content/Controls/ControlRig_RoundedTriangle_3mm.uasset" 3250
"../../../Engine/Plugins/Animation/ControlRig/Content/Controls/ControlRig_RoundedSquare_1mm.uasset" 3251
"../../../Engine/Plugins/Animation/ControlRig/Content/Controls/ControlRig_Pyramid_3mm.uasset" 3252
"../../../Engine/Plugins/Animation/ControlRig/Content/Controls/ControlRig_Pyramid_solid.uasset" 3253
"../../../Engine/Plugins/Animation/ControlRig/Content/Controls/ControlRig_Octagon_solid.uasset" 3254
"../../../Engine/Plugins/Animation/ControlRig/Content/Controls/ControlRig_Pyramid_1mm.uasset" 3255
"../../../Engine/Plugins/Animation/ControlRig/Content/Controls/ControlRig_Octagon_3mm.uasset" 3256
"../../../Engine/Plugins/Animation/ControlRig/Content/Controls/ControlRig_Octagon_1mm.uasset" 3257
"../../../Engine/Plugins/Animation/ControlRig/Content/Controls/ControlRig_Hexagon_solid.uasset" 3258
"../../../Engine/Plugins/Animation/ControlRig/Content/Controls/ControlRig_Hexagon_3mm.uasset" 3259
"../../../Engine/Plugins/Animation/ControlRig/Content/Controls/ControlRig_Hexagon_1mm.uasset" 3260
"../../../Engine/Plugins/Animation/ControlRig/Content/Controls/ControlRig_HalfCircle_solid.uasset" 3261
"C:/Users/jakub/AppData/Local/UnrealEngine/Common/DerivedDataCache/Buckets/LegacyAudio/34/7f/6de11b3e26439ad4505239b6c3a7ae4d6801.udd" 3262
"../../../Engine/Plugins/Animation/ControlRig/Content/Controls/ControlRig_HalfCircle_3mm.uasset" 3263
"C:/Users/jakub/AppData/Local/UnrealEngine/Common/DerivedDataCache/Buckets/AnimationSequence/49/a0/bcf504f38917f041dda50a099544dc2d1165.udd" 3264
"C:/Users/jakub/AppData/Local/UnrealEngine/Common/DerivedDataCache/Buckets/AnimationSequence/6a/e1/a6ef542f54577f6b6f3af07cdb2d2c98756b.udd" 3265
"C:/Users/jakub/AppData/Local/UnrealEngine/Common/DerivedDataCache/Buckets/AnimationSequence/e7/50/5026263baeb20cc7efad0c632a7a60a70d26.udd" 3266
"C:/Users/jakub/AppData/Local/UnrealEngine/Common/DerivedDataCache/Buckets/AnimationSequence/d5/56/e882e3a4693f778c6e860d87cc462b97312b.udd" 3267
"C:/Users/jakub/AppData/Local/UnrealEngine/Common/DerivedDataCache/Buckets/AnimationSequence/78/30/8469ab05c0cec1c735eb23e6b4195daf6639.udd" 3268
"C:/Users/jakub/AppData/Local/UnrealEngine/Common/DerivedDataCache/Buckets/AnimationSequence/34/5a/fa04cb6d605356b6cb547eb4cfb91e3046b5.udd" 3269
"C:/Users/jakub/AppData/Local/UnrealEngine/Common/DerivedDataCache/Buckets/AnimationSequence/3d/f8/39e9b5106802b172f92b1689484529c4549a.udd" 3270
"C:/Users/jakub/AppData/Local/UnrealEngine/Common/DerivedDataCache/Buckets/AnimationSequence/60/05/286b08f86a65b54aab7fe8e8e26c542d4b9b.udd" 3271
"C:/Users/jakub/AppData/Local/UnrealEngine/Common/DerivedDataCache/Buckets/AnimationSequence/f0/31/790e2c30b814a752f4de2758526dd4d73ebc.udd" 3272
"C:/Users/jakub/AppData/Local/UnrealEngine/Common/DerivedDataCache/Buckets/AnimationSequence/58/58/a4031fa089ed3d8cf3615e1cb571c0fea75f.udd" 3273
"C:/Users/jakub/AppData/Local/UnrealEngine/Common/DerivedDataCache/Buckets/AnimationSequence/14/c4/48836f11ebcbe1a28050b01c17704bba1e61.udd" 3274
"C:/Users/jakub/AppData/Local/UnrealEngine/Common/DerivedDataCache/Buckets/AnimationSequence/1e/ca/20297e258e13a69eb7c7a761545ee6a6356c.udd" 3275
"C:/Users/jakub/AppData/Local/UnrealEngine/Common/DerivedDataCache/Buckets/AnimationSequence/a2/e7/3b1eb7cb5e481c49fb72b619039415e65b8e.udd" 3276
"../../../Engine/Plugins/Animation/ControlRig/Content/Controls/ControlRig_HalfCircle_1mm.uasset" 3277
"../../../Engine/Plugins/Animation/ControlRig/Content/Controls/ControlRig_Diamond_solid.uasset" 3278
"C:/Users/jakub/AppData/Local/UnrealEngine/Common/DerivedDataCache/Buckets/AnimationSequence/0d/85/b33e4b77ef4f3c767e744093f9c6d7cbfc72.udd" 3279
"../../../Engine/Plugins/Animation/ControlRig/Content/Controls/ControlRig_Diamond_1mm.uasset" 3280
"../../../Engine/Plugins/Animation/ControlRig/Content/Controls/ControlRig_Diamond_3mm.uasset" 3281
"../../../Engine/Plugins/Animation/ControlRig/Content/Controls/ControlRig_Box_solid.uasset" 3282
"../../../Engine/Plugins/Animation/ControlRig/Content/Controls/ControlRig_Circle_solid.uasset" 3283
"../../../Engine/Plugins/Animation/ControlRig/Content/Controls/ControlRig_Circle_1mm.uasset" 3284
"../../../Engine/Plugins/Animation/ControlRig/Content/Controls/ControlRig_Circle_3mm.uasset" 3285
"../../../Engine/Plugins/Animation/ControlRig/Content/Controls/ControlRig_Box_1mm.uasset" 3286
"../../../Engine/Plugins/Animation/ControlRig/Content/Controls/ControlRig_Box_3mm.uasset" 3287
"../../../Engine/Plugins/Animation/ControlRig/Content/Controls/ControlRig_Arrow_3mm.uasset" 3288
"../../../Engine/Plugins/Animation/ControlRig/Content/Controls/ControlRig_Arrow_1mm.uasset" 3289
"../../../Engine/Plugins/Animation/ControlRig/Content/Controls/ControlRig_Arrow2_3mm.uasset" 3290
"../../../Engine/Plugins/Animation/ControlRig/Content/Controls/ControlRig_Arrow4_solid.uasset" 3291
"E:/gry/EndedWorld - git/Content/Blueprints/Core/Grid/GridShapes/Triangle/SM_Grid_TriangleFlat.uasset" 3292
"../../../Engine/Plugins/Animation/ControlRig/Content/Controls/ControlRig_Arrow_solid.uasset" 3293
"E:/gry/EndedWorld - git/Content/Blueprints/Core/Grid/GridShapes/Triangle/SM_Grid_Triangle.uasset" 3294
"../../../Engine/Plugins/Animation/ControlRig/Content/Controls/ControlRig_Sphere_solid.uasset" 3295
"E:/gry/EndedWorld - git/Content/Blueprints/Core/Grid/GridShapes/Square/SM_Grid_SquareFlat.uasset" 3296
"E:/gry/EndedWorld - git/Content/Blueprints/Core/Grid/GridShapes/Square/SM_Grid_Square.uasset" 3297
"../../../Engine/Plugins/Animation/ControlRig/Content/Controls/ControlRig_Arrow4_3mm.uasset" 3298
"E:/gry/EndedWorld - git/Content/Blueprints/Core/Grid/GridShapes/Hexagon/SM_Grid_HexagonFlat.uasset" 3299
"../../../Engine/Plugins/Animation/ControlRig/Content/Controls/ControlRig_Arrow4_1mm.uasset" 3300
"E:/gry/EndedWorld - git/Content/Blueprints/Core/Grid/GridShapes/Hexagon/SM_Grid_Hexagon.uasset" 3301
"E:/gry/EndedWorld - git/Content/StarterContent/Props/MaterialSphere.uasset" 3302
"E:/gry/EndedWorld - git/Content/Art/Meshes/Grids/SM_Grid_Square.uasset" 3303
"E:/gry/EndedWorld - git/Content/Art/Meshes/Grids/SM_Grid_Hexagon.uasset" 3304
"E:/gry/EndedWorld - git/Content/Art/Meshes/Envarioments/SM_Triangle_Platform_01.uasset" 3305
"E:/gry/EndedWorld - git/Content/Art/Meshes/Grids/SM_Grid_Triangle.uasset" 3306
"../../../Engine/Plugins/Animation/ControlRig/Content/Controls/ControlRig_Arrow2_1mm.uasset" 3307
"E:/gry/EndedWorld - git/Content/Art/Meshes/Envarioments/SM_Hexagon_Platform_03.uasset" 3308
"E:/gry/EndedWorld - git/Content/Art/Meshes/Envarioments/SM_Hexagon_Chamfer.uasset" 3309
"E:/gry/EndedWorld - git/Content/Art/Meshes/Envarioments/SM_Cube_Platform_01.uasset" 3310
"E:/gry/EndedWorld - git/Content/StarterContent/Props/SM_Statue.uasset" 3311
"E:/gry/EndedWorld - git/Content/StarterContent/Blueprints/Assets/SM_Arrows.uasset" 3312
"E:/gry/EndedWorld - git/Content/StarterContent/Props/SM_TableRound.uasset" 3313
"E:/gry/EndedWorld - git/Content/StarterContent/Props/SM_Shelf.uasset" 3314
"E:/gry/EndedWorld - git/Content/StarterContent/Props/SM_Lamp_Wall.uasset" 3315
"../../../Engine/Plugins/Animation/ControlRig/Content/Controls/ControlRig_Arrow2_solid.uasset" 3316
"E:/gry/EndedWorld - git/Content/Art/Meshes/Envarioments/SM_Triangle_Chamfer.uasset" 3317
"E:/gry/EndedWorld - git/Content/Art/Meshes/Envarioments/SM_Cube_Chamfer.uasset" 3318
"E:/gry/EndedWorld - git/Content/StarterContent/Props/SM_CornerFrame.uasset" 3319
"E:/gry/EndedWorld - git/Content/StarterContent/Props/SM_WindowFrame.uasset" 3320
"E:/gry/EndedWorld - git/Content/StarterContent/Props/SM_DoorFrame.uasset" 3321
"E:/gry/EndedWorld - git/Content/StarterContent/Props/SM_PillarFrame.uasset" 3322
"E:/gry/EndedWorld - git/Content/StarterContent/Props/SM_Couch.uasset" 3323
"E:/gry/EndedWorld - git/Content/StarterContent/Particles/P_Steam_Lit.uasset" 3324
"E:/gry/EndedWorld - git/Content/StarterContent/Props/SM_Door.uasset" 3325
"E:/gry/EndedWorld - git/Content/StarterContent/Props/SM_Bush.uasset" 3326
"E:/gry/EndedWorld - git/Content/Blueprints/Core/Player/EW_Pawn.uasset" 3327
"E:/gry/EndedWorld - git/Content/Blueprints/Core/Units/Utilities/S_UnitData.uasset" 3328
"E:/gry/EndedWorld - git/Content/StarterContent/Props/SM_Lamp_Ceiling.uasset" 3329
"E:/gry/EndedWorld - git/Content/StarterContent/Props/SM_Chair.uasset" 3330
"E:/gry/EndedWorld - git/Content/StarterContent/Particles/P_Smoke.uasset" 3331
"E:/gry/EndedWorld - git/Content/StarterContent/Props/SM_PillarFrame300.uasset" 3332
"E:/gry/EndedWorld - git/Content/StarterContent/Particles/P_Ambient_Dust.uasset" 3333
"E:/gry/EndedWorld - git/Content/Art/Units/Warrior/ABP_Warrior.uasset" 3334
"E:/gry/EndedWorld - git/Content/Art/Units/Slime/ABP_Slime.uasset" 3335
"C:/Users/jakub/AppData/Local/UnrealEngine/Common/DerivedDataCache/Buckets/AnimationSequence/de/92/d69854654a786cd7705f075d7188b88d3e31.udd" 3336
"E:/gry/EndedWorld - git/Content/Art/Units/Ranger/ABP_Ranger.uasset" 3337
"E:/gry/EndedWorld - git/Content/Art/Units/Slime/SK_Slime.uasset" 3338
"E:/gry/EndedWorld - git/Content/Art/Units/Warrior/SK_Warrior.uasset" 3339
"E:/gry/EndedWorld - git/Content/Art/Units/Ranger/SK_Ranger.uasset" 3340
"E:/gry/EndedWorld - git/Content/StarterContent/Props/SM_Rock.uasset" 3341
"E:/gry/EndedWorld - git/Content/Blueprints/Core/Grid/GridShapes/Square/MI_Flat_Square.uasset" 3342
"E:/gry/EndedWorld - git/Content/Blueprints/Core/Grid/GridShapes/Triangle/MI_Grid_Flat_Triangle.uasset" 3343
"E:/gry/EndedWorld - git/Content/Blueprints/Core/Grid/GridShapes/Hexagon/MI_Flat_Hexagon.uasset" 3344
"E:/gry/EndedWorld - git/Content/StarterContent/Particles/P_Fire.uasset" 3345
"E:/gry/EndedWorld - git/Content/StarterContent/Particles/P_Explosion.uasset" 3346
"E:/gry/EndedWorld - git/Content/StarterContent/Particles/P_Sparks.uasset" 3347
"E:/gry/EndedWorld - git/Content/StarterContent/Blueprints/Assets/M_LightStage_Skybox_Black.uasset" 3348
"E:/gry/EndedWorld - git/Content/StarterContent/Blueprints/Assets/M_LightStage_Skybox_HDRI.uasset" 3349
"E:/gry/EndedWorld - git/Content/Blueprints/Core/Grid/GridShapes/Triangle/MI_Grid_Triangle.uasset" 3350
"E:/gry/EndedWorld - git/Content/Blueprints/Core/Grid/GridShapes/Square/MI_Grid_Square.uasset" 3351
"E:/gry/EndedWorld - git/Content/Blueprints/Core/Grid/GridShapes/Hexagon/MI_Grid_Hexagon.uasset" 3352
"../../../Engine/Content/EngineSky/SM_SkySphere.uasset" 3353
"../../../Engine/Content/Functions/Engine_MaterialFunctions01/Texturing/WorldAlignedTexture.uasset" 3354
"../../../Engine/Content/EditorMaterials/Thumbnails/SkySphereMaterial.uasset" 3355
"E:/gry/EndedWorld - git/Content/StarterContent/Blueprints/Blueprint_Effect_Steam.uasset" 3356
"E:/gry/EndedWorld - git/Content/Blueprints/Core/Player/EW_GM.uasset" 3357
"E:/gry/EndedWorld - git/Content/Blueprints/DebugMenu/Tabs/Tab_Camera.uasset" 3358
"E:/gry/EndedWorld - git/Content/Blueprints/Core/Units/Utilities/DT_DeafultUnitPerType.uasset" 3359
"E:/gry/EndedWorld - git/Content/StarterContent/Blueprints/Blueprint_WallSconce.uasset" 3360
"E:/gry/EndedWorld - git/Content/StarterContent/Blueprints/Blueprint_CeilingLight.uasset" 3361
"../../../Engine/Content/EditorMeshes/ColorCalibrator/SM_ColorCalibrator.uasset" 3362
"E:/gry/EndedWorld - git/Content/StarterContent/Blueprints/Blueprint_Effect_Smoke.uasset" 3363
"E:/gry/EndedWorld - git/Content/StarterContent/Blueprints/Blueprint_Effect_Explosion.uasset" 3364
"E:/gry/EndedWorld - git/Content/StarterContent/Blueprints/Blueprint_Effect_Sparks.uasset" 3365
"E:/gry/EndedWorld - git/Content/Blueprints/Core/Grid/GridShapes/DT_GridShapeData.uasset" 3366
"E:/gry/EndedWorld - git/Content/StarterContent/Blueprints/Blueprint_Effect_Fire.uasset" 3367
"E:/gry/EndedWorld - git/Content/StarterContent/Maps/Minimal_Default.umap" 3368
"E:/gry/EndedWorld - git/Content/Levels/Sublevels/L_Lightning.umap" 3369
"../../../../../gry/EndedWorld - git/Content/Art/Units/Slime/SK_Slime.uasset" 3370
"E:/gry/EndedWorld - git/Content/Art/Materials/M_ColorWithTexture.uasset" 3371
"../../../../../gry/EndedWorld - git/Content/Art/Units/Warrior/SK_Warrior.uasset" 3372
"../../../../../gry/EndedWorld - git/Content/Art/Units/Ranger/SK_Ranger.uasset" 3373
"E:/gry/EndedWorld - git/Content/Blueprints/Core/Units/Utilities/BFL_Units.uasset" 3374
"E:/gry/EndedWorld - git/Content/StarterContent/Blueprints/Assets/Skybox.uasset" 3375
"E:/gry/EndedWorld - git/Content/StarterContent/Maps/StarterMap.umap" 3376
"E:/gry/EndedWorld - git/Content/Blueprints/Core/Grid/GridShapes/BFL_GridShape.uasset" 3377
"E:/gry/EndedWorld - git/Content/Art/Materials/ColorsWithTextures/MI_Triangle_Checker_02.uasset" 3378
"E:/gry/EndedWorld - git/Content/Art/Materials/ColorsWithTextures/MI_Triangle_Checker_01.uasset" 3379
"E:/gry/EndedWorld - git/Content/Art/Materials/ColorsWithTextures/MI_Square_Checker_02.uasset" 3380
"E:/gry/EndedWorld - git/Content/Art/Materials/ColorsWithTextures/MI_Triangle_Line.uasset" 3381
"E:/gry/EndedWorld - git/Content/Art/Materials/ColorsWithTextures/MI_Square_Checker_01.uasset" 3382
"E:/gry/EndedWorld - git/Content/Art/Materials/ColorsWithTextures/MI_Square_Line.uasset" 3383
"E:/gry/EndedWorld - git/Content/Art/Materials/ColorsWithTextures/MI_Hexagon_Line.uasset" 3384
"C:/Users/jakub/AppData/Local/UnrealEngine/Common/DerivedDataCache/Buckets/LegacySKELETALMESH/60/46/54ec6ac5650763ff710cac7902e1d96a322e.udd" 3385
"C:/Users/jakub/AppData/Local/UnrealEngine/Common/DerivedDataCache/Buckets/LegacySKELETALMESH/f2/0a/671a34d7dd811958919fa18e6bdd5b44b228.udd" 3386
"C:/Users/jakub/AppData/Local/UnrealEngine/Common/DerivedDataCache/Buckets/LegacySKELETALMESH/fb/e7/838cd7c29ac001e9dcf1de35b9aaf638618e.udd" 3387
"E:/gry/EndedWorld - git/Content/Art/Materials/ColorsWithTextures/MI_Hexagon_Checker_02_River.uasset" 3388
"E:/gry/EndedWorld - git/Content/Art/Materials/ColorsWithTextures/MI_Hexagon_Checker_02_Bridge.uasset" 3389
"E:/gry/EndedWorld - git/Content/Art/Materials/ColorsWithTextures/MI_Hexagon_Checker_01.uasset" 3390
"E:/gry/EndedWorld - git/Content/Blueprints/Core/Units/Widgets/Button_Unit.uasset" 3391
"E:/gry/EndedWorld - git/Content/Blueprints/Core/Grid/BP_GridModifier.uasset" 3392
"E:/gry/EndedWorld - git/Content/Levels/Sublevels/L_Triangle.umap" 3393
"E:/gry/EndedWorld - git/Content/StarterContent/Blueprints/BP_LightStudio.uasset" 3394
"E:/gry/EndedWorld - git/Content/Blueprints/Core/Units/Widgets/ButtonList_Unit.uasset" 3395
"E:/gry/EndedWorld - git/Content/Levels/Sublevels/L_Square.umap" 3396
"E:/gry/EndedWorld - git/Content/Levels/Sublevels/L_Level_Testmap_Forest.umap" 3397
"E:/gry/EndedWorld - git/Content/StarterContent/Maps/Advanced_Lighting.umap" 3398
"E:/gry/EndedWorld - git/Content/Levels/Sublevels/L_Level_River.umap" 3399
"E:/gry/EndedWorld - git/Content/Levels/Sublevels/L_Hexagone.umap" 3400
"../../../Engine/Content/EngineSounds/Submixes/MasterEQSubmixDefault.uasset" 3401
"../../../Engine/Content/EngineSounds/Submixes/MasterSubmixDefault.uasset" 3402
"../../../Engine/Content/EngineSounds/Submixes/MasterReverbSubmixDefault.uasset" 3403
"E:/gry/EndedWorld - git/Content/Blueprints/Core/Units/BP_Unit.uasset" 3404
"E:/gry/EndedWorld - git/Content/Blueprints/Core/Grid/Utilities/S_TileData.uasset" 3405
"../../../../../gry/EndedWorld - git/Content/StarterContent/Maps/Minimal_Default.umap" 3406
"E:/gry/EndedWorld - git/Content/Blueprints/Core/Grid/BP_Grid.uasset" 3407
"../../../../../gry/EndedWorld - git/Content/Levels/Sublevels/L_Lightning.umap" 3408
"E:/gry/EndedWorld - git/Content/Blueprints/Core/Grid/BP_GridPathfinding.uasset" 3409
"E:/gry/EndedWorld - git/Content/Blueprints/Core/Combat/Spells/BP_SpellAnimation.uasset" 3410
"E:/gry/EndedWorld - git/Content/Blueprints/DebugMenu/Other/BP_DebugTextAndColorsOnTiles.uasset" 3411
"../../../../../gry/EndedWorld - git/Content/StarterContent/Maps/StarterMap.umap" 3412
"E:/gry/EndedWorld - git/Content/Blueprints/Core/Combat/Spells/Utilities/S_SpellData_Assets.uasset" 3413
"E:/gry/EndedWorld - git/Content/Blueprints/Core/Combat/Spells/Utilities/S_SpellData.uasset" 3414
"E:/gry/EndedWorld - git/Content/Blueprints/Core/Combat/Spells/Utilities/DT_SpellData.uasset" 3415
"E:/gry/EndedWorld - git/Content/Blueprints/Core/Combat/Spells/Utilities/BFL_Spells.uasset" 3416
"E:/gry/EndedWorld - git/Content/Blueprints/Core/Combat/BP_CombatSystem.uasset" 3417
"E:/gry/EndedWorld - git/Content/Blueprints/Core/Player/Actions/BP_Action.uasset" 3418
"E:/gry/EndedWorld - git/Content/Blueprints/Core/Player/BP_PlayerActions.uasset" 3419
"E:/gry/EndedWorld - git/Content/Blueprints/Core/Player/Actions/Grid/Action_SelectTileAndUnit.uasset" 3420
"E:/gry/EndedWorld - git/Content/Blueprints/DebugMenu/Actions/Button_Action.uasset" 3421
"E:/gry/EndedWorld - git/Content/Blueprints/Core/Player/Actions/Pathfinding/Action_ShowTileNeighbors.uasset" 3422
"E:/gry/EndedWorld - git/Content/Blueprints/Core/Player/Actions/Pathfinding/Action_SelectTile_CalculateMinCost.uasset" 3423
"E:/gry/EndedWorld - git/Content/Blueprints/Core/Player/Actions/Pathfinding/Action_MoveUnitOnGrid.uasset" 3424
"E:/gry/EndedWorld - git/Content/Blueprints/Core/Player/Actions/Pathfinding/Action_FindPathToTarget.uasset" 3425
"E:/gry/EndedWorld - git/Content/Blueprints/Core/Player/Actions/Grid/Action_SetTileType.uasset" 3426
"../../../../../gry/EndedWorld - git/Content/Levels/Sublevels/L_Triangle.umap" 3427
"E:/gry/EndedWorld - git/Content/Blueprints/Core/Player/Actions/Grid/Action_RemoveTile.uasset" 3428
"E:/gry/EndedWorld - git/Content/Blueprints/Core/Player/Actions/Grid/Action_IncreaseDecreaseTileHight.uasset" 3429
"../../../../../gry/EndedWorld - git/Content/Levels/Sublevels/L_Level_Testmap_Forest.umap" 3430
"E:/gry/EndedWorld - git/Content/Blueprints/Core/Player/Actions/Grid/Action_AddTile.uasset" 3431
"../../../../../gry/EndedWorld - git/Content/StarterContent/Maps/Advanced_Lighting.umap" 3432
"E:/gry/EndedWorld - git/Content/Blueprints/Core/Player/Actions/Combat/Action_CastSpell.uasset" 3433
"E:/gry/EndedWorld - git/Content/Blueprints/Core/Player/Actions/Combat/Action_AddRemoveUnitFromCombat.uasset" 3434
"../../../../../gry/EndedWorld - git/Content/Levels/Sublevels/L_Square.umap" 3435
"E:/gry/EndedWorld - git/Content/Blueprints/Core/Player/Actions/Pathfinding/Action_SelectTileAndUnitAndGenerateReachables.uasset" 3436
"../../../../../gry/EndedWorld - git/Content/Levels/Sublevels/L_Level_River.umap" 3437
"E:/gry/EndedWorld - git/Content/Blueprints/Core/Player/Actions/Combat/Action_SelectTileAndUnitAndShowSpellRange.uasset" 3438
"../../../../../gry/EndedWorld - git/Content/Levels/Sublevels/L_Hexagone.umap" 3439
"E:/gry/EndedWorld - git/Content/Blueprints/DebugMenu/Actions/Button_Action_ShowTileNeighbors.uasset" 3440
"E:/gry/EndedWorld - git/Content/Blueprints/DebugMenu/Actions/Button_Action_CalculateMinCost.uasset" 3441
"E:/gry/EndedWorld - git/Content/Blueprints/DebugMenu/Actions/Button_Action_SetTileType.uasset" 3442
"E:/gry/EndedWorld - git/Content/Blueprints/DebugMenu/Actions/Button_Action_IncreaseDecreaseTileHeight.uasset" 3443
"E:/gry/EndedWorld - git/Content/Blueprints/DebugMenu/Actions/Button_Action_AddRemoveUnitFromCombat.uasset" 3444
"E:/gry/EndedWorld - git/Content/Blueprints/DebugMenu/Actions/Button_Action_MoveUnitOnGrid.uasset" 3445
"E:/gry/EndedWorld - git/Content/Blueprints/DebugMenu/Actions/Button_Action_CastSpell.uasset" 3446
"E:/gry/EndedWorld - git/Content/Blueprints/DebugMenu/Actions/Button_Action_FindPathToTarget.uasset" 3447
"E:/gry/EndedWorld - git/Content/Blueprints/DebugMenu/Actions/Button_Action_ShowSpellRangePattern.uasset" 3448
"E:/gry/EndedWorld - git/Content/Blueprints/Core/Player/Actions/Combat/dsda.uasset" 3449
"E:/gry/EndedWorld - git/Content/Blueprints/DebugMenu/Tabs/Tab_Grid.uasset" 3450
"E:/gry/EndedWorld - git/Content/Blueprints/DebugMenu/Tabs/Tab_Pathfinding.uasset" 3451
"E:/gry/EndedWorld - git/Content/Blueprints/DebugMenu/Tabs/Tab_Spells.uasset" 3452
"E:/gry/EndedWorld - git/Content/Blueprints/DebugMenu/W_DebugMenu.uasset" 3453
"E:/gry/EndedWorld - git/Content/Blueprints/DebugMenu/BP_DebugMenu.uasset" 3454
"C:/Users/jakub/AppData/Local/UnrealEngine/Common/DerivedDataCache/Buckets/BulkDataList/d0/42/c53b47d9b6157c5349a8bcd0c472816c2515.udd" 3455
"C:/Users/jakub/AppData/Local/UnrealEngine/Common/DerivedDataCache/Buckets/BulkDataList/85/20/7bc716f1b393ba9d1ccef5ccd0440c4ed3eb.udd" 3456
"C:/Users/jakub/AppData/Local/UnrealEngine/Common/DerivedDataCache/Buckets/BulkDataList/5e/56/d4af6a1e17a07a74957be11bf4f9c25ddc0e.udd" 3457
"C:/Users/jakub/AppData/Local/UnrealEngine/Common/DerivedDataCache/Buckets/BulkDataList/15/13/5605ee7dedf3a8d00dcad1f3261f00e0c15a.udd" 3458
"E:/gry/EndedWorld - git/Content/Levels/Sublevels/dam2452-Test.umap" 3459
"C:/Users/jakub/AppData/Local/UnrealEngine/Common/DerivedDataCache/Buckets/BulkDataList/cb/49/a29e0ae88baa1fd675a87ad7816eefab6df8.udd" 3460
"C:/Users/jakub/AppData/Local/UnrealEngine/Common/DerivedDataCache/Buckets/BulkDataList/3e/c1/bbab219a644058078e84e6640bdbdb08b11a.udd" 3461
"E:/gry/EndedWorld - git/Content/Levels/AutoSavesHUH/7.umap" 3462
"C:/Users/jakub/AppData/Local/UnrealEngine/Common/DerivedDataCache/Buckets/BulkDataList/80/33/9ddf7cacf1e2f2136e1b968c0848c37b5dd5.udd" 3463
"C:/Users/jakub/AppData/Local/UnrealEngine/Common/DerivedDataCache/Buckets/BulkDataList/19/ce/79973bcaecf5f0ea4fe6d87cdab1ac61b5cd.udd" 3464
"C:/Users/jakub/AppData/Local/UnrealEngine/Common/DerivedDataCache/Buckets/BulkDataList/78/95/aa8dbf278d3525581fcce906780b9599f8a0.udd" 3465
"C:/Users/jakub/AppData/Local/UnrealEngine/Common/DerivedDataCache/Buckets/BulkDataList/35/f3/ac4aa7a74087010918267eebaa037cf3b97f.udd" 3466
"C:/Users/jakub/AppData/Local/UnrealEngine/Common/DerivedDataCache/Buckets/BulkDataList/cc/08/19150b67772586c2cf4fc4ba57fe4eafa2f2.udd" 3467
"E:/gry/EndedWorld - git/Content/Levels/AutoSavesHUH/8.umap" 3468
"E:/gry/EndedWorld - git/Content/Levels/AutoSavesHUH/6.umap" 3469
"E:/gry/EndedWorld - git/Content/Levels/AutoSavesHUH/5.umap" 3470
"E:/gry/EndedWorld - git/Content/Levels/AutoSavesHUH/4.umap" 3471
"E:/gry/EndedWorld - git/Content/Levels/AutoSavesHUH/3.umap" 3472
"E:/gry/EndedWorld - git/Content/Levels/AutoSavesHUH/2.umap" 3473
"E:/gry/EndedWorld - git/Content/Levels/AutoSavesHUH/1.umap" 3474
"E:/gry/EndedWorld - git/Content/Levels/Sublevels/TestMap.umap" 3475
"C:/Users/jakub/AppData/Local/UnrealEngine/Common/DerivedDataCache/Buckets/BulkDataList/2b/44/fda452efc1c30757124034afc4021f42ee06.udd" 3476
"C:/Users/jakub/AppData/Local/UnrealEngine/Common/DerivedDataCache/Buckets/BulkDataList/43/e3/b11a2abdf109d0db24e3adf6abff6f52e38b.udd" 3477
"C:/Users/jakub/AppData/Local/UnrealEngine/Common/DerivedDataCache/Buckets/BulkDataList/f1/f1/4785c9a7d2cb3c858ef64752a0ebc1057c43.udd" 3478
"C:/Users/jakub/AppData/Local/UnrealEngine/Common/DerivedDataCache/Buckets/BulkDataList/f9/5d/27622301d2030402926ff530c1c2abfcf0f7.udd" 3479
"C:/Users/jakub/AppData/Local/UnrealEngine/Common/DerivedDataCache/Buckets/BulkDataList/5a/c8/354bb049ce8b6489bb1d1cdf4681fe932dc6.udd" 3480
"C:/Users/jakub/AppData/Local/UnrealEngine/Common/DerivedDataCache/Buckets/BulkDataList/d3/ff/9ff8465a392a26e6ed3f3bef4a1e7449c562.udd" 3481
"C:/Users/jakub/AppData/Local/UnrealEngine/Common/DerivedDataCache/Buckets/BulkDataList/e6/7c/e6e97ddeec8eb7011e4380318c602b6ea394.udd" 3482
"C:/Users/jakub/AppData/Local/UnrealEngine/Common/DerivedDataCache/Buckets/BulkDataList/02/8b/b36efb4ce3a6533c90db5f38e395c6e84556.udd" 3483
"C:/Users/jakub/AppData/Local/UnrealEngine/Common/DerivedDataCache/Buckets/BulkDataList/33/80/360fdaf8d46bdfa8d0c3abca12d7f085d7fc.udd" 3484
"C:/Users/jakub/AppData/Local/UnrealEngine/Common/DerivedDataCache/Buckets/BulkDataList/ae/09/e9dae37cb9e33e00410d7ea17306ee5b0ccb.udd" 3485
"C:/Users/jakub/AppData/Local/UnrealEngine/Common/DerivedDataCache/Buckets/BulkDataList/89/75/916105d50aa7c7d328e2c5719ee12a79a08c.udd" 3486
"C:/Users/jakub/AppData/Local/UnrealEngine/Common/DerivedDataCache/Buckets/BulkDataList/f6/09/d44279075223161240c2402570e26d11aed8.udd" 3487
"C:/Users/jakub/AppData/Local/UnrealEngine/Common/DerivedDataCache/Buckets/BulkDataList/6d/82/e0cb3737d8eb94c4e2a63813a131fed4b0bd.udd" 3488
"C:/Users/jakub/AppData/Local/UnrealEngine/Common/DerivedDataCache/Buckets/BulkDataList/69/2b/2a95b12b54a0108be73157968f75ab0f0571.udd" 3489
"C:/Users/jakub/AppData/Local/UnrealEngine/Common/DerivedDataCache/Buckets/BulkDataList/31/cd/20caa857d4cae5fd4d13fb1b7fd4d744eae1.udd" 3490
"C:/Users/jakub/AppData/Local/UnrealEngine/Common/DerivedDataCache/Buckets/BulkDataList/a6/99/0ef874a58c8b92fbf73926d3a394aae244d5.udd" 3491
"C:/Users/jakub/AppData/Local/UnrealEngine/Common/DerivedDataCache/Buckets/BulkDataList/a9/b6/6ed5f5effbfd5d837fa64cf33d318ccbc330.udd" 3492
"C:/Users/jakub/AppData/Local/UnrealEngine/Common/DerivedDataCache/Buckets/BulkDataList/3c/ca/db2b2f638f18ca05583c45b2d17a24f7924a.udd" 3493
"C:/Users/jakub/AppData/Local/UnrealEngine/Common/DerivedDataCache/Buckets/BulkDataList/76/c2/f60bc45abb47cc546a1f70ce04c62bfb21aa.udd" 3494
"C:/Users/jakub/AppData/Local/UnrealEngine/Common/DerivedDataCache/Buckets/BulkDataList/bf/32/f224c1db4d83cd6059191a6d1caf4a28c0c6.udd" 3495
"C:/Users/jakub/AppData/Local/UnrealEngine/Common/DerivedDataCache/Buckets/BulkDataList/69/94/2d5f24ef11ab938a1c105346b171052d715e.udd" 3496
"C:/Users/jakub/AppData/Local/UnrealEngine/Common/DerivedDataCache/Buckets/BulkDataList/c7/95/b699a84abf283bb7952399da5c0cda8300c6.udd" 3497
"C:/Users/jakub/AppData/Local/UnrealEngine/Common/DerivedDataCache/Buckets/BulkDataList/55/37/93e88d7cdcbbd533c22dd2a0468d8e3bdc7d.udd" 3498
"../../../../../gry/EndedWorld - git/Content/Levels/TestMap.umap" 3499
"../../../../../gry/EndedWorld - git/Content/Levels/Sublevels/dam2452-Test.umap" 3500
"../../../../../gry/EndedWorld - git/Content/Levels/AutoSavesHUH/8.umap" 3501
"../../../../../gry/EndedWorld - git/Content/Levels/AutoSavesHUH/7.umap" 3502
"../../../../../gry/EndedWorld - git/Content/Levels/AutoSavesHUH/6.umap" 3503
"../../../../../gry/EndedWorld - git/Content/Levels/AutoSavesHUH/5.umap" 3504
"../../../../../gry/EndedWorld - git/Content/Levels/AutoSavesHUH/4.umap" 3505
"../../../../../gry/EndedWorld - git/Content/Levels/AutoSavesHUH/3.umap" 3506
"../../../../../gry/EndedWorld - git/Content/Levels/AutoSavesHUH/2.umap" 3507
"../../../../../gry/EndedWorld - git/Content/Levels/AutoSavesHUH/1.umap" 3508
"C:/Users/jakub/AppData/Local/UnrealEngine/Common/DerivedDataCache/Buckets/StaticMesh/e5/83/f508aa0c625681787c371a4cfb4c9e4512a3.udd" 3509
"C:/Users/jakub/AppData/Local/UnrealEngine/Common/DerivedDataCache/Buckets/StaticMesh/2e/d3/5fedcefdd64eca12abc9d1b8a638269c016d.udd" 3510
"C:/Users/jakub/AppData/Local/UnrealEngine/Common/DerivedDataCache/Buckets/StaticMesh/02/c6/0603833ebf621037f508af7f280a950c049e.udd" 3511
"C:/Users/jakub/AppData/Local/UnrealEngine/Common/DerivedDataCache/Buckets/StaticMesh/24/ba/e05accf8618b56eb7be63d8e860c4bcd9d69.udd" 3512
"C:/Users/jakub/AppData/Local/UnrealEngine/Common/DerivedDataCache/Buckets/LegacyDIST/0a/83/73775124a7c9bfdc88948d613d806414f0e8.udd" 3513
"C:/Users/jakub/AppData/Local/UnrealEngine/Common/DerivedDataCache/Buckets/LegacyDIST/5f/4a/c792c2f89cfcbfa79aebfac6cc964410b211.udd" 3514
"C:/Users/jakub/AppData/Local/UnrealEngine/Common/DerivedDataCache/Buckets/LegacyDIST/8c/55/27ade8f4beb3a3304f680add9927835602d3.udd" 3515
"C:/Users/jakub/AppData/Local/UnrealEngine/Common/DerivedDataCache/Buckets/LegacyCARD/fc/99/051b83fd73b99b1ad0d0e546aa67084956d2.udd" 3516
"C:/Users/jakub/AppData/Local/UnrealEngine/Common/DerivedDataCache/Buckets/LegacyCARD/19/1f/586bd655f8b37c5a44f2d0b71e1c0ac384c3.udd" 3517
"C:/Users/jakub/AppData/Local/UnrealEngine/Common/DerivedDataCache/Buckets/LegacyDIST/09/ca/a7eb7dc58a03058db464b3d0bf48e539e82a.udd" 3518
"C:/Users/jakub/AppData/Local/UnrealEngine/Common/DerivedDataCache/Buckets/LegacyNavCollision/6d/bb/c59d60166303d450feba2654003de3f2cc42.udd" 3519
"C:/Users/jakub/AppData/Local/UnrealEngine/Common/DerivedDataCache/Buckets/LegacyNavCollision/37/7a/6bc117251191eca886dfadc519be2b050ebb.udd" 3520
"C:/Users/jakub/AppData/Local/UnrealEngine/Common/DerivedDataCache/Buckets/LegacyCARD/40/76/c381180ecd829604f2272c466774e8cb6a7a.udd" 3521
"C:/Users/jakub/AppData/Local/UnrealEngine/Common/DerivedDataCache/Buckets/StaticMesh/4a/18/6b49f529fc6bb1d3cf27346607d65a810f28.udd" 3522
"C:/Users/jakub/AppData/Local/UnrealEngine/Common/DerivedDataCache/Buckets/LegacyCARD/d6/c3/f472ed1f83bada74141557d836f2049b657f.udd" 3523
"C:/Users/jakub/AppData/Local/UnrealEngine/Common/DerivedDataCache/Buckets/StaticMesh/de/52/13b5dc5ae7490c13d35d59968c91c30a5666.udd" 3524
"C:/Users/jakub/AppData/Local/UnrealEngine/Common/DerivedDataCache/Buckets/LegacyDIST/9e/b9/b142ac7fe57b845f432face373ddfe987985.udd" 3525
"C:/Users/jakub/AppData/Local/UnrealEngine/Common/DerivedDataCache/Buckets/LegacyDIST/24/83/e5a256e8327abac31a669a8872fa5e14a889.udd" 3526
"C:/Users/jakub/AppData/Local/UnrealEngine/Common/DerivedDataCache/Buckets/LegacyNavCollision/c1/6e/c30f788414ad4be807cb9a15892a70b0bda3.udd" 3527
"C:/Users/jakub/AppData/Local/UnrealEngine/Common/DerivedDataCache/Buckets/LegacyNavCollision/70/32/51b34a83018b3e76893374257b678db60b30.udd" 3528
"C:/Users/jakub/AppData/Local/UnrealEngine/Common/DerivedDataCache/Buckets/LegacyCARD/f0/18/532f5436b8a8573e3ad0d22aadabcee8ac8b.udd" 3529
"C:/Users/jakub/AppData/Local/UnrealEngine/Common/DerivedDataCache/Buckets/LegacyCARD/b0/c7/c062dfef6b25df57bdcdd2d85b9ae9c7ad74.udd" 3530
"C:/Users/jakub/AppData/Local/UnrealEngine/Common/DerivedDataCache/Buckets/StaticMesh/e6/9a/9b947f2590860ef75aecbe99ad7a5b291e26.udd" 3531
"C:/Users/jakub/AppData/Local/UnrealEngine/Common/DerivedDataCache/Buckets/LegacyNavCollision/e7/f8/d444fedf0d187bc151d7beb7449cb2aff29f.udd" 3532
"C:/Users/jakub/AppData/Local/UnrealEngine/Common/DerivedDataCache/Buckets/LegacyNavCollision/a2/83/ab674d631ec7ff1ce2da51e19780b036e6d5.udd" 3533
"C:/Users/jakub/AppData/Local/UnrealEngine/Common/DerivedDataCache/Buckets/LegacyDIST/43/a9/7ace13d2eb629e5695eac830161c990c0cdd.udd" 3534
"C:/Users/jakub/AppData/Local/UnrealEngine/Common/DerivedDataCache/Buckets/StaticMesh/97/8c/5357ce0040235f8866cb4e8a8ba4da695870.udd" 3535
"C:/Users/jakub/AppData/Local/UnrealEngine/Common/DerivedDataCache/Buckets/LegacyCARD/35/1f/b2410c976e4f0e96ac508aa184f3e048a68d.udd" 3536
"C:/Users/jakub/AppData/Local/UnrealEngine/Common/DerivedDataCache/Buckets/LegacyDIST/a4/c8/5eb456a82634e3dee7fe250a7be42b747f40.udd" 3537
"C:/Users/jakub/AppData/Local/UnrealEngine/Common/DerivedDataCache/Buckets/LegacyNavCollision/93/ac/049ad74d75cb18f5fc0a089271cfe3935ed5.udd" 3538
"C:/Users/jakub/AppData/Local/UnrealEngine/Common/DerivedDataCache/Buckets/LegacyCARD/08/c3/1812882ef0061d438914bb00f6cd5431442e.udd" 3539
"C:/Users/jakub/AppData/Local/UnrealEngine/Common/DerivedDataCache/Buckets/LegacyNavCollision/24/38/36b48abb65b5c3baef218f8074da3af120ac.udd" 3540
"C:/Users/jakub/AppData/Local/UnrealEngine/Common/DerivedDataCache/Buckets/StaticMesh/bb/7e/4e8389a239003a75bafa7829633c78f5489b.udd" 3541
"C:/Users/jakub/AppData/Local/UnrealEngine/Common/DerivedDataCache/Buckets/LegacyDIST/10/00/a02f383a3202fb105e314beddcd1503e5a4d.udd" 3542
"C:/Users/jakub/AppData/Local/UnrealEngine/Common/DerivedDataCache/Buckets/StaticMesh/f0/04/10675e820c19723d0a23e39775b97c86be20.udd" 3543
"C:/Users/jakub/AppData/Local/UnrealEngine/Common/DerivedDataCache/Buckets/LegacyDIST/33/5e/1ee2c567806998b4bab254fd7b1736965b97.udd" 3544
"C:/Users/jakub/AppData/Local/UnrealEngine/Common/DerivedDataCache/Buckets/LegacyCARD/71/5e/b14ca9243c4322a6459f15bcec239d11bc38.udd" 3545
"C:/Users/jakub/AppData/Local/UnrealEngine/Common/DerivedDataCache/Buckets/LegacyCARD/3a/04/92d1b59ca17e302d697658a988af821945da.udd" 3546
"C:/Users/jakub/AppData/Local/UnrealEngine/Common/DerivedDataCache/Buckets/LegacyNavCollision/97/2c/b920c22c68639ad91d54492551e16f65d7a0.udd" 3547
"C:/Users/jakub/AppData/Local/UnrealEngine/Common/DerivedDataCache/Buckets/StaticMesh/6f/c6/0da31bd63886545d08224eb807fe65f76225.udd" 3548
"C:/Users/jakub/AppData/Local/UnrealEngine/Common/DerivedDataCache/Buckets/LegacyDIST/f6/01/9b83982fb3c3ba388748d65b72f73d1546a9.udd" 3549
"C:/Users/jakub/AppData/Local/UnrealEngine/Common/DerivedDataCache/Buckets/LegacyCARD/e0/b7/d44cae74db934c737d5278716061f328f8f1.udd" 3550
"C:/Users/jakub/AppData/Local/UnrealEngine/Common/DerivedDataCache/Buckets/LegacyNavCollision/89/32/7f3a6f1236cfabd640c3be907f62e1c8f50a.udd" 3551
"C:/Users/jakub/AppData/Local/UnrealEngine/Common/DerivedDataCache/Buckets/LegacyNavCollision/5b/bc/4f4fc874790a9320653093075c10465fe315.udd" 3552
"../../../../../gry/EndedWorld - git/Content/Art/Meshes/Envarioments/SM_Cube_Chamfer.uasset" 3553
"../../../../../gry/EndedWorld - git/Content/Art/Meshes/Grids/SM_Grid_Triangle.uasset" 3554
"../../../../../gry/EndedWorld - git/Content/Art/Meshes/Grids/SM_Grid_Hexagon.uasset" 3555
"../../../../../gry/EndedWorld - git/Content/Art/Meshes/Envarioments/SM_Triangle_Chamfer.uasset" 3556
"../../../Engine/Content/EditorResources/EmptyActor.uasset" 3557
"C:/Users/jakub/AppData/Local/UnrealEngine/Common/DerivedDataCache/Buckets/BulkDataList/71/ed/e912533803a75f073f14e77312a82798f87a.udd" 3558
"C:/Users/jakub/AppData/Local/UnrealEngine/Common/DerivedDataCache/Buckets/LegacySTREAMEDAUDIO/8b/15/2a4f9a80a6255546e32e63dff099ffcde5bd.udd" 3559
"C:/Users/jakub/AppData/Local/UnrealEngine/Common/DerivedDataCache/Buckets/LegacySTREAMEDAUDIO/25/99/ccf27810270f4f7cab84a6ae517c1aa69576.udd" 3560
"C:/Users/jakub/AppData/Local/UnrealEngine/Common/DerivedDataCache/Buckets/LegacySTREAMEDAUDIO/a2/f0/5990930d10c80ab69cf9a213b4b0f44c73bc.udd" 3561
"../../../Engine/Content/EditorResources/AudioIcons/S_AudioComponent_AutoActivate.uasset" 3562
"../../../Engine/Content/EditorResources/AudioIcons/S_AudioComponent.uasset" 3563
"../../../Engine/Content/EditorResources/LightIcons/S_LightError.uasset" 3564
"C:/Users/jakub/AppData/Local/UnrealEngine/Common/DerivedDataCache/Buckets/BulkDataList/5d/9e/299163e9e7537f7ce7f9ee349a4b37c203f2.udd" 3565
"../../../../../gry/EndedWorld - git/Content/StarterContent/Maps/StarterMap_BuiltData.uasset" 3566
"C:/Users/jakub/AppData/Local/UnrealEngine/Common/DerivedDataCache/Buckets/LegacyTEXTURE/72/7a/ad949fe13240d83607cacfcdd34b3924e4c4.udd" 3567
"C:/Users/jakub/AppData/Local/UnrealEngine/Common/DerivedDataCache/Buckets/LegacyTEXTURE/ca/aa/10be285fc2724f8dd8727faa003d945f5005.udd" 3568
"../../../../../gry/EndedWorld - git/Content/StarterContent/HDRI/HDRI_Epic_Courtyard_Daylight.uasset" 3569
"C:/Users/jakub/AppData/Local/UnrealEngine/Common/DerivedDataCache/Buckets/LegacyTEXTURE/27/99/29266df55e0a3e7459d9d47e1ee936f62936.udd" 3570
"C:/Users/jakub/AppData/Local/UnrealEngine/Common/DerivedDataCache/Buckets/LegacyTEXTURE/d9/75/cc2bed1f581bc918e87eae10b35ba1b200c0.udd" 3571
"C:/Users/jakub/AppData/Local/UnrealEngine/Common/DerivedDataCache/Buckets/LegacyTEXTURE/49/4d/7a0800f8c832d787c26b028a36f3f10cbc23.udd" 3572
"C:/Users/jakub/AppData/Local/UnrealEngine/Common/DerivedDataCache/Buckets/LegacyTEXTURE/6e/5f/5e80fc2ba99f4366892f37ad8c422caa5908.udd" 3573
"C:/Users/jakub/AppData/Local/UnrealEngine/Common/DerivedDataCache/Buckets/LegacyTEXTURE/df/6b/2109497f89bdcbd127530f58c65399c76ddc.udd" 3574
"C:/Users/jakub/AppData/Local/UnrealEngine/Common/DerivedDataCache/Buckets/LegacyTEXTURE/31/6d/a69b1ed0ba02fad9ef741c20b187fb8e1600.udd" 3575
"C:/Users/jakub/AppData/Local/UnrealEngine/Common/DerivedDataCache/Buckets/LegacyTEXTURE/30/3b/1b2048666dbc86a59b1ddc9429df40fb7319.udd" 3576
"C:/Users/jakub/AppData/Local/UnrealEngine/Common/DerivedDataCache/Buckets/LegacyTEXTURE/eb/7d/22f51c6470c850de62c962a0580094e0e383.udd" 3577
"C:/Users/jakub/AppData/Local/UnrealEngine/Common/DerivedDataCache/Buckets/LegacyTEXTURE/08/c1/8b665ed05a8a76c613ea3d516289ca5104df.udd" 3578
"C:/Users/jakub/AppData/Local/UnrealEngine/Common/DerivedDataCache/Buckets/LegacyTEXTURE/87/08/1c8f93ac4e0e616754f9cb677c3ba8805cf8.udd" 3579
"C:/Users/jakub/AppData/Local/UnrealEngine/Common/DerivedDataCache/Buckets/LegacyTEXTURE/24/9f/d0b4b8c1fd5f1b77495fe5798f3c79d9224e.udd" 3580
"C:/Users/jakub/AppData/Local/UnrealEngine/Common/DerivedDataCache/Buckets/LegacyTEXTURE/50/7a/e8c7bcc8a07f0a01a04986adf3caa4aceb02.udd" 3581
"C:/Users/jakub/AppData/Local/UnrealEngine/Common/DerivedDataCache/Buckets/LegacyTEXTURE/7c/84/fd36a3e78c092c0f3ee5082b4e5f2a38d16d.udd" 3582
"C:/Users/jakub/AppData/Local/UnrealEngine/Common/DerivedDataCache/Buckets/LegacyTEXTURE/c6/34/c1b7fb87cb315f3407b001a6034924c5c497.udd" 3583
"C:/Users/jakub/AppData/Local/UnrealEngine/Common/DerivedDataCache/Buckets/LegacyTEXTURE/80/54/3e2bdbe722d492db7a58ecc8d0d25b052ada.udd" 3584
"C:/Users/jakub/AppData/Local/UnrealEngine/Common/DerivedDataCache/Buckets/LegacyTEXTURE/e7/cc/204405012bb47eae582b6f3210b59cfeca99.udd" 3585
"C:/Users/jakub/AppData/Local/UnrealEngine/Common/DerivedDataCache/Buckets/LegacyTEXTURE/85/d5/48b9b2473e01d34ebbd98d8b76d420eb33ef.udd" 3586
"C:/Users/jakub/AppData/Local/UnrealEngine/Common/DerivedDataCache/Buckets/LegacyTEXTURE/17/69/ec64c9d96ca996a1f2c7ac65f7570778a6be.udd" 3587
"C:/Users/jakub/AppData/Local/UnrealEngine/Common/DerivedDataCache/Buckets/LegacyTEXTURE/db/e6/51932c070d611f41fc19cead6a52a08070c4.udd" 3588
"C:/Users/jakub/AppData/Local/UnrealEngine/Common/DerivedDataCache/Buckets/LegacyTEXTURE/9a/4b/b58645fafc4c32dc39fcf8b62a62a5883c7c.udd" 3589
"C:/Users/jakub/AppData/Local/UnrealEngine/Common/DerivedDataCache/Buckets/LegacyTEXTURE/0e/52/495c22d18636f0b6d8d6b170ed3ed660d2ec.udd" 3590
"C:/Users/jakub/AppData/Local/UnrealEngine/Common/DerivedDataCache/Buckets/LegacyTEXTURE/15/b7/7214d4b773e8cbe03950b71757f4fd07ff8b.udd" 3591
"C:/Users/jakub/AppData/Local/UnrealEngine/Common/DerivedDataCache/Buckets/LegacyTEXTURE/58/44/62794e7c3f967df2171d3ff10118315c038a.udd" 3592
"C:/Users/jakub/AppData/Local/UnrealEngine/Common/DerivedDataCache/Buckets/LegacyTEXTURE/4c/17/423b8f1934e5c18646f39bd7c68c8aa09699.udd" 3593
"C:/Users/jakub/AppData/Local/UnrealEngine/Common/DerivedDataCache/Buckets/LegacyTEXTURE/8d/69/292d50f754e7adee2603213c0c0f0bbb9b25.udd" 3594
"C:/Users/jakub/AppData/Local/UnrealEngine/Common/DerivedDataCache/Buckets/LegacyTEXTURE/ec/04/382306d7a1d12e4a16d4729c3235741c1cbd.udd" 3595
"C:/Users/jakub/AppData/Local/UnrealEngine/Common/DerivedDataCache/Buckets/LegacyTEXTURE/6c/4a/e72dbb8ccbbe52dc274ce3293cfc16ad5626.udd" 3596
"C:/Users/jakub/AppData/Local/UnrealEngine/Common/DerivedDataCache/Buckets/LegacyTEXTURE/a7/14/b711d9e8dc2573c26becd27d75d28cdd7000.udd" 3597
"C:/Users/jakub/AppData/Local/UnrealEngine/Common/DerivedDataCache/Buckets/LegacyTEXTURE/bf/f0/d66b1ecc7f7d3f40e83a58a1c9591a085e21.udd" 3598
"../../../../../gry/EndedWorld - git/Content/Art/Textures/Grids/TX_Triangle_Line.uasset" 3599
"C:/Users/jakub/AppData/Local/UnrealEngine/Common/DerivedDataCache/Buckets/LegacyTEXTURE/e3/b5/470d051764e9329e0699e35dcaf54bf1163e.udd" 3600
"C:/Users/jakub/AppData/Local/UnrealEngine/Common/DerivedDataCache/Buckets/LegacyTEXTURE/c4/ea/201e16081d3b8390350df14d83e8cbdc41bf.udd" 3601
"C:/Users/jakub/AppData/Local/UnrealEngine/Common/DerivedDataCache/Buckets/LegacyTEXTURE/7b/f5/dbbd70d886f52d03045de460ca47649e03ac.udd" 3602
"C:/Users/jakub/AppData/Local/UnrealEngine/Common/DerivedDataCache/Buckets/LegacyTEXTURE/89/b3/5129258fbe2b68f8306a9517c8e8c2ae55a8.udd" 3603
"C:/Users/jakub/AppData/Local/UnrealEngine/Common/DerivedDataCache/Buckets/LegacyTEXTURE/5e/4c/e26a4b4ca126679c3206eb8ec8d23a9ed8d4.udd" 3604
"C:/Users/jakub/AppData/Local/UnrealEngine/Common/DerivedDataCache/Buckets/LegacyTEXTURE/87/bb/060a8703a41f6e1ed757cd34c57421ab8c7a.udd" 3605
"C:/Users/jakub/AppData/Local/UnrealEngine/Common/DerivedDataCache/Buckets/LegacyTEXTURE/41/47/49addd6b1fefd0218370577f7ddd08c7e7ca.udd" 3606
"C:/Users/jakub/AppData/Local/UnrealEngine/Common/DerivedDataCache/Buckets/LegacyTEXTURE/6b/49/38005bdb3c949dd581cec80548428cb451a7.udd" 3607
"C:/Users/jakub/AppData/Local/UnrealEngine/Common/DerivedDataCache/Buckets/LegacyTEXTURE/fd/f3/4694fc8c5c24121db4b766e775e277331a5c.udd" 3608
"C:/Users/jakub/AppData/Local/UnrealEngine/Common/DerivedDataCache/Buckets/LegacyTEXTURE/ac/3f/98a6c59b5785358b27669467a72fb3f7828c.udd" 3609
"C:/Users/jakub/AppData/Local/UnrealEngine/Common/DerivedDataCache/Buckets/LegacyTEXTURE/63/c2/744c633339cf11d019e5eae3343810626cf0.udd" 3610
"C:/Users/jakub/AppData/Local/UnrealEngine/Common/DerivedDataCache/Buckets/LegacyTEXTURE/a5/ea/af0f4e54e0553ffb2b9fa02b82b031be9d86.udd" 3611
"C:/Users/jakub/AppData/Local/UnrealEngine/Common/DerivedDataCache/Buckets/LegacyTEXTURE/34/4f/bd6398f987e6ba7cb42ae9c408d9965ae88c.udd" 3612
"C:/Users/jakub/AppData/Local/UnrealEngine/Common/DerivedDataCache/Buckets/LegacyTEXTURE/ea/f4/a85bed466684ccae09f359f0846b2b13d692.udd" 3613
"C:/Users/jakub/AppData/Local/UnrealEngine/Common/DerivedDataCache/Buckets/LegacyTEXTURE/f1/65/de2b03c59cf445aa30f4dfabaff9fe641da6.udd" 3614
"C:/Users/jakub/AppData/Local/UnrealEngine/Common/DerivedDataCache/Buckets/LegacyTEXTURE/41/49/2668cfbb9798a1b20e37676ee6f523a8f161.udd" 3615
"C:/Users/jakub/AppData/Local/UnrealEngine/Common/DerivedDataCache/Buckets/LegacyTEXTURE/b2/13/05cdfb1c0fff04278c6d280b88c4422132cb.udd" 3616
"C:/Users/jakub/AppData/Local/UnrealEngine/Common/DerivedDataCache/Buckets/LegacyTEXTURE/68/56/1f353889bfa443d3647ed307962213af78ae.udd" 3617
"C:/Users/jakub/AppData/Local/UnrealEngine/Common/DerivedDataCache/Buckets/LegacyTEXTURE/f3/ca/186476cd281fd62dd04a3edbd456fdf044cc.udd" 3618
"C:/Users/jakub/AppData/Local/UnrealEngine/Common/DerivedDataCache/Buckets/LegacyTEXTURE/ed/1a/4df69a4b5cf8e63f6c3c9408a78dc04fa948.udd" 3619
"C:/Users/jakub/AppData/Local/UnrealEngine/Common/DerivedDataCache/Buckets/LegacyTEXTURE/65/e4/bce42a067e17f2cca739ae683dff821a2405.udd" 3620
"../../../../../gry/EndedWorld - git/Content/Art/Textures/Grids/TX_Hexagon_Line.uasset" 3621
"C:/Users/jakub/AppData/Local/UnrealEngine/Common/DerivedDataCache/Buckets/LegacyTEXTURE/10/aa/46f15dc5dbd6060961c67b25fa1b8f4a088e.udd" 3622
"C:/Users/jakub/AppData/Local/UnrealEngine/Common/DerivedDataCache/Buckets/LegacyTEXTURE/8c/40/7a85f0c5e0aadde24c71af8b36ecc35667a9.udd" 3623
"C:/Users/jakub/AppData/Local/UnrealEngine/Common/DerivedDataCache/Buckets/LegacyTEXTURE/a8/26/b0a496e0a05dafbadda964d675c717fc195f.udd" 3624
"C:/Users/jakub/AppData/Local/UnrealEngine/Common/DerivedDataCache/Buckets/LegacyTEXTURE/df/2b/569422e512ed24934e76b1ef62a606f6407b.udd" 3625
"C:/Users/jakub/AppData/Local/UnrealEngine/Common/DerivedDataCache/Buckets/LegacyTEXTURE/b8/2e/3c0b10e7e973c8a730c8aaa7ff7965e22a56.udd" 3626
"C:/Users/jakub/AppData/Local/UnrealEngine/Common/DerivedDataCache/Buckets/LegacyTEXTURE/8e/23/9951dfa7c26ce57946449317fada046c564b.udd" 3627
"C:/Users/jakub/AppData/Local/UnrealEngine/Common/DerivedDataCache/Buckets/LegacyTEXTURE/4b/1c/b303e27821bee062cdf0ccd783b7f3f331e8.udd" 3628
"C:/Users/jakub/AppData/Local/UnrealEngine/Common/DerivedDataCache/Buckets/LegacyTEXTURE/63/e7/93854687e193e17fef38b7a9f9c85d7d9988.udd" 3629
"C:/Users/jakub/AppData/Local/UnrealEngine/Common/DerivedDataCache/Buckets/LegacyTEXTURE/5a/de/46612e3bbde1941a4f290f69e3c6ba75c6fa.udd" 3630
"C:/Users/jakub/AppData/Local/UnrealEngine/Common/DerivedDataCache/Buckets/LegacyTEXTURE/d1/13/640870c64100a8e0973e761c34154301c5df.udd" 3631
